0.02,-1006,-612,0,0,0,0,0,0,0,0,0,0,0,False,False
0.04,-1006,-624,0,0,0,0,0,0,0,0,0,0,0,False,False
0.0733344,-1006,-624,0,0,0,0,0,0,0,0,0,0,0,False,False
0.1066685,-1006,-624,0,0,0,0,0,0,0,0,0,0,0,False,False
0.1400017,-1006,-624,0,0,0,0,0,0,0,0,0,0,0,False,False
0.1733361,-1006,-624,0,0,0,0,0,0,0,0,0,0,0,False,False
0.2066691,-1006,-624,0,0,0,0,0,0,0,0,0,0,0,False,False
0.2401224,-1006,-624,0,0,0,0,0,0,0,0,0,0,0,False,False
0.2734557,-1006,-624,0,0,0,0,0,0,0,0,0,0,0,False,False
0.3071613,-1006,-624,0,0,0,0,0,0,0,0,0,0,0,False,False
0.3404948,-1006,-624,0,0,0,0,0,0,0,0,0,0,0,False,False
0.373828,-1006,-624,0,0,0,0,0,0,0,0,0,0,0,False,False
0.4071622,-1006,-624,0,0,0,0,0,0,0,0,0,0,0,False,False
0.4404951,-1006,-624,0,0,0,0,0,0,0,0,0,0,0,False,False
0.4740412,-1006,-624,0,0,0,0,0,0,0,0,0,0,0,False,False
0.5073743,-1006,-624,0,0,0,0,0,0,0,0,0,0,0,False,False
0.5407078,-1006,-624,0,0,0,0,0,0,0,0,0,0,0,False,False
0.5740414,-1006,-624,0,0,0,0,0,0,0,0,0,0,0,False,False
0.6073749,-1006,-624,0,0,0,0,0,0,0,0,0,0,0,False,False
0.6407296,-1006,-624,0,0,0,0,0,0,0,0,0,0,0,False,False
0.6740629,-1006,-624,0,0,0,0,0,0,0,0,0,0,0,False,False
0.7078954,-1006,-624,0,0,0,0,0,0,0,0,0,0,0,False,False
0.7412287,-1006,-624,0,0,0,0,0,0,0,0,0,0,0,False,False
0.7746886,-1006,-624,0,0,0,0,0,0,0,0,0,0,0,False,False
0.8080208,-1006,-624,0,0,0,0,0,0,0,0,0,0,0,False,False
0.8418024,-1006,-624,0,0,0,0,0,0,0,0,0,0,0,False,False
0.8753753,-1006,-624,0,0,0,0,0,0,0,0,0,0,0,False,False
0.9093058,-1006,-624,0,0,0,0,0,0,0,0,0,0,0,False,False
0.9430696,-1006,-624,0,0,0,0,0,0,0,0,0,0,0,False,False
0.9764043,-1006,-624,0,0,0,0,0,0,0,0,0,0,0,False,False
1.009737,-1006,-624,0,0,0,0,0,0,0,0,0,0,0,False,False
1.043722,-1006,-624,0,0,0,0,0,0,0,0,0,0,0,False,False
1.077107,-1006,-624,0,0,0,0,0,0,0,0,0,0,0,False,False
1.110938,-1006,-624,0,0,0,0,0,0,0,0,0,0,0,False,False
1.144631,-1006,-624,0,0,0,0,0,0,0,0,0,0,0,False,False
1.177964,-1006,-624,0,0,0,0,0,0,0,0,0,0,0,False,False
1.211298,-1006,-624,0,0,0,0,0,0,0,0,0,0,0,False,False
1.244735,-1006,-624,0,0,0,0,0,0,0,0,0,0,0,False,False
1.278068,-1006,-624,0,0,0,0,0,0,0,0,0,0,0,False,False
1.311401,-1006,-624,0,0,0,0,0,0,0,0,0,0,0,False,False
1.344737,-1006,-624,0,0,0,0,0,0,0,0,0,0,0,False,False
1.37807,-1006,-624,0,0,0,0,0,0,0,0,0,0,0,False,False
1.411799,-1006,-624,0,0,0,0,0,0,0,0,0,0,0,False,False
1.445132,-1006,-624,0,0,0,0,0,0,0,0,0,0,0,False,False
1.478466,-1006,-624,0,0,0,0,0,0,0,0,0,0,0,False,False
1.511799,-1006,-624,0,0,0,0,0,0,0,0,0,0,0,False,False
1.545133,-1006,-624,0,0,0,0,0,0,0,0,0,0,0,False,False
1.578649,-1006,-624,0,0,0,0,0,0,0,0,0,0,0,False,False
1.61217,-1006,-624,0,0,0,0,0,0,0,0,0,0,0,False,False
1.645504,-1006,-624,0,0,0,0,0,0,0,0,0,0,0,False,False
1.678982,-1006,-624,0,0,0,0,0,0,0,0,0,0,0,False,False
1.712316,-1006,-624,0,0,0,0,0,0,0,0,0,0,0,False,False
1.74565,-1006,-624,0,0,0,0,0,0,0,0,0,0,0,False,False
1.778983,-1006,-624,0,0,0,0,0,0,0,0,0,0,0,False,False
1.812317,-1006,-624,0,0,0,0,0,0,0,0,0,0,0,False,False
1.84565,-1006,-624,0,0,0,0,0,0,0,0,0,0,0,False,False
1.878983,-1006,-624,0,0,0,0,0,0,0,0,0,0,0,False,False
1.912317,-1006,-624,0,1,0,0,0,0,0,0,0,0,0,False,False
1.945651,-1006,-624,0,1,0,0,0,0,0,0,0,0,0,False,False
1.978984,-1006,-624,0,1,0,0,0,0,0,0,0,0,0,False,False
2.012321,-1006,-624,0,1,0,0,0,0,0,0,0,0,0,False,False
2.045652,-1006,-624,0,1,0,0,0,0,0,0,0,0,0,False,False
2.078986,-1006,-624,0,1,0,0,0,0,0,0,0,0,0,False,False
2.112643,-1006,-624,0,1,0,0,0,0,0,0,0,0,0,False,False
2.14613,-1006,-624,0,1,0,0,0,0,0,0,0,0,0,False,False
2.179464,-1006,-624,0,1,0,0,0,0,0,0,0,0,0,False,False
2.212797,-1006,-624,0,1,0,0,0,0,0,0,0,0,0,False,False
2.246131,-1006,-624,0,1,0,0,0,0,0,0,0,0,0,False,False
2.279464,-1006,-624,0,1,0,0,0,0,0,0,0,0,0,False,False
2.31292,-1006,-624,0,1,0,0,0,0,0,0,0,0,0,False,False
2.346253,-1006,-624,0,1,0,0,0,0,0,0,0,0,0,False,False
2.379587,-1006,-624,0,1,0,0,0,0,0,0,0,0,0,False,False
2.413145,-1006,-624,0,1,0,0,0,0,0,0,0,0,0,False,False
2.446477,-1006,-624,0,1,0,0,0,0,0,0,0,0,0,False,False
2.480259,-1006,-624,0,1,0,0,0,0,0,0,0,0,0,False,False
2.513592,-1006,-624,0,1,0,0,0,0,0,0,0,0,0,False,False
2.546925,-1006,-624,0,1,0,0,0,0,0,0,0,0,0,False,False
2.580281,-1006,-624,0,1,0,0,0,0,0,0,0,0,0,False,False
2.613614,-1006,-624,0,1,0,0,0,0,0,0,0,0,0,False,False
2.646948,-1006,-624,0,1,0,0,0,0,0,0,0,0,0,False,False
2.680435,-1006,-624,0,1,0,0,0,0,0,0,0,0,0,False,False
2.713769,-1006,-624,0,1,0,0,0,0,0,0,0,0,0,False,False
2.747102,-1006,-624,0,1,0,0,0,0,0,0,0,0,0,False,False
2.780782,-1006,-624,0,1,0,0,0,0,0,0,0,0,0,False,False
2.814814,-1006,-624,0,1,0,0,0,0,0,0,0,0,0,False,False
2.848146,-1006,-624,0,1,0,0,0,0,0,0,0,0,0,False,False
2.88148,-1006,-624,0,1,0,0,0,0,0,0,0,0,0,False,False
2.914828,-1006,-624,0,1,0,0,0,0,0,0,0,0,0,False,False
2.948205,-1006,-624,0,1,0,0,0,0,0,0,0,0,0,False,False
2.981625,-1006,-624,0,1,0,0,0,0,0,0,0,0,0,False,False
3.014959,-1006,-624,0,1,0,0,0,0,0,0,0,0,0,False,False
3.048619,-1006,-624,0,1,0,0,0,0,0,0,0,0,0,False,False
3.081953,-1006,-624,0,1,0,0,0,0,0,0,0,0,0,False,False
3.116152,-1006,-624,0,42,0,0,0,0,0,0,1,0,0,False,False
3.150273,-1006,-624,0,42,0,0,0,0,0,0,1,0,0,False,False
3.183946,-1006,-624,0,42,0,0,0,0,0,0,1,0,0,False,False
3.217456,-1006,-624,0,42,0,0,0,0,0,0,1,0,0,False,False
3.25079,-1006,-624,0,42,0,0,0,0,0,0,1,0,0,False,False
3.284733,-1006,-624,0,42,0,0,0,0,0,0,1,0,0,False,False
3.318067,-1006,-624,0,42,0,0,0,0,0,0,1,0,0,False,False
3.351584,-1006,-624,0,42,0,0,0,0,0,0,1,0,0,False,False
3.384917,-1006,-624,0,42,0,0,0,0,0,0,1,0,0,False,False
3.41862,-1006,-624,0,42,0,0,0,0,0,0,1,0,0,False,False
3.452083,-1006,-624,0,42,0,0,0,0,0,0,1,0,0,False,False
3.485952,-1006,-624,0,42,0,0,0,0,0,0,1,0,0,False,False
3.519597,-1006,-624,0,42,0,0,0,0,0,0,1,0,0,False,False
3.552931,-1006,-624,0,42,0,0,0,0,0,0,1,0,0,False,False
3.586912,-1006,-624,0,42,0,0,0,0,0,0,1,0,0,False,False
3.620246,-1006,-624,0,42,0,0,0,0,0,0,1,0,0,False,False
3.653854,-1006,-624,0,42,0,0,0,0,0,0,1,0,0,False,False
3.687187,-1006,-624,0,42,0,0,0,0,0,0,1,0,0,False,False
3.720521,-1006,-624,0,42,0,0,0,0,0,0,1,0,0,False,False
3.753862,-1006,-624,0,42,0,0,0,0,0,0,1,0,0,False,False
3.787195,-1006,-624,0,42,0,0,0,0,0,0,1,0,0,False,False
3.820529,-1006,-624,0,42,0,0,0,0,0,0,1,0,0,False,False
3.853862,-1006,-624,0,42,0,0,0,0,0,0,1,0,0,False,False
3.887309,-1006,-624,0,42,0,0,0,0,0,0,1,0,0,False,False
3.920643,-1006,-624,0,42,0,0,0,0,0,0,1,0,0,False,False
3.95482,-1006,-624,0,42,0,0,0,0,0,0,1,0,0,False,False
3.988801,-1006,-624,0,42,0,0,0,0,0,0,1,0,0,False,False
4.022136,-1006,-624,0,42,0,0,0,0,0,0,1,0,0,False,False
4.056003,-1006,-624,0,42,0,0,0,0,0,0,1,0,0,False,False
4.089336,-1006,-624,0,42,0,0,0,0,0,0,1,0,0,False,False
4.12267,-1006,-624,0,42,0,0,0,0,0,0,1,0,0,False,False
4.156003,-1006,-624,0,42,0,0,0,0,0,0,1,0,0,False,False
4.189337,-1006,-624,0,42,0,0,0,0,0,0,1,0,0,False,False
4.22267,-1006,-624,0,42,0,0,0,0,0,0,1,0,0,False,False
4.256057,-1006,-624,0,42,0,0,0,0,0,0,1,0,0,False,False
4.289397,-1006,-624,0,42,0,0,0,0,0,0,1,0,0,False,False
4.323359,-1006,-624,0,42,0,0,0,0,0,0,1,0,0,False,False
4.356693,-1006,-624,0,42,0,0,0,0,0,0,1,0,0,False,False
4.390027,-1006,-624,0,42,0,0,0,0,0,0,1,0,0,False,False
4.42336,-1006,-624,0,42,0,0,0,0,0,0,1,0,0,False,False
4.456694,-1006,-624,0,42,0,0,0,0,0,0,1,0,0,False,False
4.490555,-1006,-624,0,42,0,0,0,0,0,0,1,0,0,False,False
4.523887,-1006,-624,0,42,0,0,0,0,0,0,1,0,0,False,False
4.557243,-1006,-624,0,42,0,0,0,0,0,0,1,0,0,False,False
4.591169,-1006,-624,0,42,0,0,0,0,0,0,1,0,0,False,False
4.624502,-1006,-624,0,42,0,0,0,0,0,0,1,0,0,False,False
4.65807,-1006,-624,0,42,0,0,0,0,0,0,1,0,0,False,False
4.692075,-1006,-624,0,42,0,0,0,0,0,0,1,0,0,False,False
4.725581,-1006,-624,0,42,0,0,0,0,0,0,1,0,0,False,False
4.759531,-1006,-624,0,42,0,0,0,0,0,0,1,0,0,False,False
4.792865,-1006,-624,0,42,0,0,0,0,0,0,1,0,0,False,False
4.826294,-1006,-624,0,42,0,0,0,0,0,0,1,0,0,False,False
4.859628,-1006,-624,0,42,0,0,0,0,0,0,1,0,0,False,False
4.892961,-1006,-624,0,42,0,0,0,0,0,0,1,0,0,False,False
4.926973,-1006,-624,0,42,0,0,0,0,0,0,1,0,0,False,False
4.960306,-1006,-624,0,42,0,0,0,0,0,0,1,0,0,False,False
4.99364,-1006,-624,0,42,0,0,0,0,0,0,1,0,0,False,False
5.026973,-1006,-624,0,42,0,0,0,0,0,0,1,0,0,False,False
5.060307,-1006,-624,0,42,0,0,0,0,0,0,1,0,0,False,False
5.093641,-1006,-624,0,42,0,0,0,0,0,0,1,0,0,False,False
5.127157,-1006,-624,0,42,0,0,0,0,0,0,1,0,0,False,False
5.16049,-1006,-624,0,42,0,0,0,0,0,0,1,0,0,False,False
5.194214,-1006,-624,0,42,0,0,0,0,0,0,1,0,0,False,False
5.227548,-1006,-624,0,42,0,0,0,0,0,0,1,0,0,False,False
5.260881,-1006,-624,0,42,0,0,0,0,0,0,1,0,0,False,False
5.294215,-1006,-624,0,42,0,0,0,0,0,0,1,0,0,False,False
5.327549,-1006,-624,0,42,0,0,0,0,0,0,1,0,0,False,False
5.360882,-1006,-624,0,42,0,0,0,0,0,0,1,0,0,False,False
5.394351,-1006,-624,0,42,0,0,0,0,0,0,1,0,0,False,False
5.427683,-1006,-624,0,42,0,0,0,0,0,0,1,0,0,False,False
5.461016,-1006,-624,0,42,0,0,0,0,0,0,1,0,0,False,False
5.49435,-1006,-624,0,42,0,0,0,0,0,0,1,0,0,False,False
5.527683,-1006,-624,0,42,0,0,0,0,0,0,1,0,0,False,False
5.56108,-1006,-624,0,42,0,0,0,0,0,0,1,0,0,False,False
5.594413,-1006,-624,0,42,0,0,0,0,0,0,1,0,0,False,False
5.627747,-1006,-624,0,42,0,0,0,0,0,0,1,0,0,False,False
5.66108,-1006,-624,0,42,0,0,0,0,0,0,1,0,0,False,False
5.694983,-1006,-624,0,42,0,0,0,0,0,0,1,0,0,False,False
5.728315,-1006,-624,0,42,0,0,0,0,0,0,1,0,0,False,False
5.761649,-1006,-624,0,42,0,0,0,0,0,0,1,0,0,False,False
5.79499,-1006,-624,0,42,0,0,0,0,0,0,1,0,0,False,False
5.829038,-1006,-624,0,42,0,0,0,0,0,0,1,0,0,False,False
5.862823,-1006,-624,0,42,0,0,0,0,0,0,1,0,0,False,False
5.896157,-1006,-624,0,42,0,0,0,0,0,0,1,0,0,False,False
5.929583,-1006,-624,0,42,0,0,0,0,0,0,1,0,0,False,False
5.963187,-1006,-624,0,42,0,0,0,0,0,0,1,0,0,False,False
5.99652,-1006,-624,0,42,0,0,0,0,0,0,1,0,0,False,False
6.029853,-1006,-624,0,42,0,0,0,0,0,0,1,0,0,False,False
6.063188,-1006,-624,0,42,0,0,0,0,0,0,1,0,0,False,False
6.096521,-1006,-624,0,42,0,0,0,0,0,0,1,0,0,False,False
6.12998,-1006,-624,0,42,0,0,0,0,0,0,1,0,0,False,False
6.164321,-1006,-624,0,42,0,0,0,0,0,0,1,0,0,False,False
6.197655,-1006,-624,0,42,0,0,0,0,0,0,1,0,0,False,False
6.230989,-1006,-624,0,42,0,0,0,0,0,0,1,0,0,False,False
6.264322,-1006,-624,0,42,0,0,0,0,0,0,1,0,0,False,False
6.297656,-1006,-624,0,42,0,0,0,0,0,0,1,0,0,False,False
6.331762,-1006,-624,0,42,0,0,0,0,0,0,1,0,0,False,False
6.365216,-991,-619,0,42,0,0,0,0,0,0,1,0,0,False,False
6.398549,-970,-610,0,42,0,0,0,0,0,0,1,0,0,False,False
6.431882,-941,-603,0,42,0,0,0,0,0,0,1,0,0,False,False
6.465216,-919,-594,0,42,0,0,0,0,0,0,1,0,0,False,False
6.49855,-827,-565,0,42,0,0,0,0,0,0,1,0,0,False,False
6.532036,-691,-525,0,42,0,0,0,0,0,0,1,0,0,False,False
6.566186,-647,-481,0,42,0,0,0,0,0,0,1,0,0,False,False
6.59952,-637,-443,0,42,0,0,0,0,0,0,1,0,0,False,False
6.632854,-633,-419,0,42,0,0,0,0,0,0,1,0,0,False,False
6.666791,-637,-390,0,42,0,0,0,0,0,0,1,0,0,False,False
6.700125,-654,-369,0,42,0,0,0,0,0,0,1,0,0,False,False
6.733794,-669,-357,0,42,0,0,0,0,0,0,1,0,0,False,False
6.767127,-680,-350,0,42,0,0,0,0,0,0,1,0,0,False,False
6.800596,-694,-339,0,42,0,0,0,0,0,0,1,0,0,False,False
6.83393,-705,-332,0,42,0,0,0,0,0,0,1,0,0,False,False
6.867749,-712,-337,0,42,0,0,0,0,0,0,1,0,0,False,False
6.901083,-712,-341,0,42,0,0,0,0,0,0,1,0,0,False,False
6.934809,-712,-341,0,42,0,0,0,0,0,0,1,0,0,False,False
6.968219,-712,-341,0,42,0,0,0,0,0,0,1,0,0,False,False
7.001765,-712,-341,0,42,0,0,0,0,0,0,1,0,0,False,False
7.035098,-712,-341,0,42,0,0,0,0,0,0,1,0,0,False,False
7.068432,-712,-341,0,42,0,0,0,0,0,0,1,0,0,False,False
7.101863,-712,-341,0,42,0,0,0,0,0,0,1,0,0,False,False
7.135196,-712,-341,0,42,0,0,0,0,0,0,1,0,0,False,False
7.169007,-712,-341,0,42,0,0,0,0,0,0,1,0,0,False,False
7.202458,-712,-341,0,42,0,0,0,0,0,0,1,0,0,False,False
7.236211,-712,-341,0,42,0,0,0,0,0,0,1,0,0,False,False
7.26981,-712,-341,0,42,0,0,0,0,0,0,1,0,0,False,False
7.303144,-712,-341,0,42,0,0,0,0,0,0,1,0,0,False,False
7.336477,-712,-341,0,42,0,0,0,0,0,0,1,0,0,False,False
7.36981,-712,-341,0,42,0,0,0,0,0,0,1,0,0,False,False
7.403143,-712,-341,0,42,0,0,0,0,0,0,1,0,0,False,False
7.436477,-712,-341,0,42,0,0,0,0,0,0,1,0,0,False,False
7.47001,-712,-341,0,42,0,0,0,0,0,0,1,0,0,False,False
7.503344,-712,-341,0,42,0,0,0,0,0,0,1,0,0,False,False
7.537029,-712,-341,0,42,0,0,0,0,0,0,1,0,0,False,False
7.57051,-719,-335,0,42,0,0,0,0,0,0,1,0,0,False,False
7.604044,-724,-331,0,42,0,0,0,0,0,0,1,0,0,False,False
7.637635,-732,-325,0,42,0,0,0,0,0,0,1,0,0,False,False
7.670965,-736,-322,0,42,0,0,0,0,0,0,1,0,0,False,False
7.704298,-740,-321,0,42,0,0,0,0,0,0,1,0,0,False,False
7.737774,-751,-315,0,42,0,0,0,0,0,0,1,0,0,False,False
7.771541,-761,-312,0,42,0,0,0,0,0,0,1,0,0,False,False
7.804879,-772,-308,0,42,0,0,0,0,0,0,1,0,0,False,False
7.838213,-784,-304,0,42,0,0,0,0,0,0,1,0,0,False,False
7.871546,-797,-299,0,42,0,0,0,0,0,0,1,0,0,False,False
7.904881,-826,-294,0,42,0,0,0,0,0,0,1,0,0,False,False
7.938213,-854,-288,0,42,0,0,0,0,0,0,1,0,0,False,False
7.971548,-878,-282,0,42,0,0,0,0,0,0,1,0,0,False,False
8.005104,-909,-276,0,42,0,0,0,0,0,0,1,0,0,False,False
8.038438,-938,-274,0,42,0,0,0,0,0,0,1,0,0,False,False
8.071772,-960,-273,0,42,0,0,0,0,0,0,1,0,0,False,False
8.10513,-975,-273,0,42,0,0,0,0,0,0,1,0,0,False,False
8.138462,-987,-274,0,42,0,0,0,0,0,0,1,0,0,False,False
8.171813,-1000,-276,0,42,0,0,0,0,0,0,1,0,0,False,False
8.205134,-1015,-276,0,42,0,0,0,0,0,0,1,0,0,False,False
8.238468,-1028,-276,0,42,0,0,0,0,0,0,1,0,0,False,False
8.272103,-1053,-275,0,42,0,0,0,0,0,0,1,0,0,False,False
8.306005,-1092,-269,0,42,0,0,0,0,0,0,1,0,0,False,False
8.339338,-1120,-264,0,42,0,0,0,0,0,0,1,0,0,False,False
8.372671,-1140,-263,0,42,0,0,0,0,0,0,1,0,0,False,False
8.40625,-1159,-261,0,42,0,0,0,0,0,0,1,0,0,False,False
8.439585,-1189,-255,0,42,0,0,0,0,0,0,1,0,0,False,False
8.472918,-1216,-250,0,42,0,0,0,0,0,0,1,0,0,False,False
8.506251,-1231,-247,0,42,0,0,0,0,0,0,1,0,0,False,False
8.539585,-1247,-245,0,42,0,0,0,0,0,0,1,0,0,False,False
8.572918,-1265,-241,0,42,0,0,0,0,0,0,1,0,0,False,False
8.606252,-1280,-239,0,42,0,0,0,0,0,0,1,0,0,False,False
8.639585,-1291,-237,0,42,0,0,0,0,0,0,1,0,0,False,False
8.673738,-1309,-234,0,42,0,0,0,0,0,0,1,0,0,False,False
8.707174,-1320,-233,0,42,0,0,0,0,0,0,1,0,0,False,False
8.74054,-1324,-232,0,42,0,0,0,0,0,0,1,0,0,False,False
8.773958,-1318,-231,0,42,0,0,0,0,0,0,1,0,0,False,False
8.807317,-1295,-227,0,42,0,0,0,0,0,0,1,0,0,False,False
8.840651,-1267,-222,0,42,0,0,0,0,0,0,1,0,0,False,False
8.874041,-1241,-214,0,42,0,0,0,0,0,0,1,0,0,False,False
8.907374,-1223,-207,0,42,0,0,0,0,0,0,1,0,0,False,False
8.940707,-1212,-201,0,42,0,0,0,0,0,0,1,0,0,False,False
8.974041,-1205,-198,0,42,0,0,0,0,0,0,1,0,0,False,False
9.007374,-1203,-198,0,42,0,0,0,0,0,0,1,0,0,False,False
9.040707,-1202,-195,0,42,0,0,0,0,0,0,1,0,0,False,False
9.074164,-1199,-193,0,42,0,0,0,0,0,0,1,0,0,False,False
9.107498,-1196,-192,0,42,0,0,0,0,0,0,1,0,0,False,False
9.141774,-1196,-191,0,42,0,0,0,0,0,0,1,0,0,False,False
9.175138,-1196,-191,0,42,0,0,0,0,0,0,1,0,0,False,False
9.208471,-1196,-191,0,42,0,0,0,0,0,0,1,0,0,False,False
9.241805,-1196,-191,0,42,0,0,0,0,0,0,1,0,0,False,False
9.275138,-1196,-191,0,42,0,0,0,0,0,0,1,0,0,False,False
9.308472,-1196,-191,0,42,0,0,0,0,0,0,1,0,0,False,False
9.341805,-1196,-191,0,42,0,0,0,0,0,0,1,0,0,False,False
9.375138,-1196,-191,0,42,0,0,0,0,0,0,1,0,0,True,False
9.408472,-1196,-191,0,42,0,0,0,0,0,0,1,0,0,True,False
9.441806,-1196,-191,0,42,0,0,0,0,0,0,1,0,0,True,False
9.47514,-1196,-191,0,42,0,0,0,0,0,0,1,0,0,True,False
9.508472,-1196,-191,0,42,0,0,0,0,0,0,1,0,1,False,False
9.541806,-1196,-191,0,42,1,0,7,1,0,0,1,0,1,False,False
9.575167,-1196,-191,0,42,1,0,7,1,0,0,1,0,1,False,False
9.608589,-1196,-191,0,42,1,0,7,1,0,0,1,0,1,False,False
9.642367,-1196,-191,0,42,1,0,7,1,0,0,1,0,1,False,False
9.675701,-1196,-192,0,42,1,0,7,1,0,0,1,0,1,False,False
9.709038,-1196,-200,0,42,1,0,7,1,0,0,1,0,1,False,False
9.742368,-1198,-210,0,42,1,0,7,1,0,0,1,0,1,False,False
9.775702,-1199,-220,0,42,1,0,7,1,0,0,1,0,1,False,False
9.809036,-1201,-227,0,42,1,0,7,1,0,0,1,0,1,False,False
9.843086,-1205,-242,0,42,1,0,7,1,0,0,1,0,1,False,False
9.8765,-1216,-249,0,42,1,0,7,1,0,0,1,0,1,False,False
9.909834,-1229,-251,0,42,1,0,7,1,0,0,1,0,1,False,False
9.943726,-1245,-253,0,42,1,0,7,1,0,0,1,0,1,False,False
9.977059,-1256,-253,0,42,1,0,7,1,0,0,1,0,1,False,False
10.01039,-1267,-254,0,42,1,0,7,1,0,0,1,0,1,False,False
10.04373,-1278,-257,0,42,1,0,7,1,0,0,1,0,1,False,False
10.07706,-1289,-258,0,42,1,0,7,1,0,0,1,0,1,False,False
10.11039,-1290,-260,0,42,1,0,7,1,0,0,1,0,1,False,False
10.14373,-1296,-263,0,42,1,0,7,1,0,0,1,0,1,False,False
10.17737,-1300,-266,0,42,1,0,7,1,0,0,1,0,1,False,False
10.21071,-1302,-270,0,42,1,0,7,1,0,0,1,0,1,False,False
10.24404,-1306,-277,0,42,1,0,7,1,0,0,1,0,1,False,False
10.27738,-1312,-285,0,42,1,0,7,1,0,0,1,0,1,False,False
10.31071,-1314,-297,0,42,1,0,7,1,0,0,1,0,1,False,False
10.34404,-1318,-305,0,42,1,0,7,1,0,0,1,0,1,False,False
10.37737,-1328,-316,0,42,1,0,7,1,0,0,1,0,1,False,False
10.41071,-1335,-322,0,42,1,0,7,1,0,0,1,0,1,False,False
10.44465,-1336,-323,0,42,1,0,7,1,0,0,1,0,1,False,False
10.47798,-1336,-329,0,42,1,0,7,1,0,0,1,0,1,False,False
10.51132,-1334,-332,0,42,1,0,7,1,0,0,1,0,1,False,False
10.5447,-1334,-332,0,42,1,0,6,1,0,0,1,0,1,False,False
10.57803,-1334,-332,0,42,1,0,6,1,0,0,1,0,1,False,False
10.61137,-1334,-332,0,42,1,0,6,1,0,0,1,0,1,False,False
10.6447,-1334,-332,0,42,1,0,6,1,0,0,1,0,1,False,False
10.67803,-1334,-332,0,42,1,0,6,1,0,0,1,0,1,False,False
10.71137,-1334,-332,0,42,1,0,6,1,0,0,1,0,1,False,False
10.74528,-1334,-332,0,42,1,0,6,1,0,0,1,0,1,False,False
10.77862,-1334,-332,0,42,1,0,6,1,0,0,1,0,1,False,False
10.81196,-1334,-332,0,42,1,0,6,1,0,0,1,0,1,False,False
10.84529,-1334,-332,0,42,1,0,6,1,0,0,1,0,1,False,False
10.87862,-1334,-332,0,42,1,0,6,1,0,0,1,0,1,False,False
10.91196,-1334,-332,0,42,1,0,6,1,0,0,1,0,1,False,False
10.94529,-1334,-332,0,42,1,0,6,1,0,0,1,0,1,False,False
10.97862,-1334,-332,0,42,1,0,6,1,0,0,1,0,1,False,False
11.01196,-1334,-332,0,42,1,0,6,1,0,0,1,0,1,False,False
11.04569,-1334,-332,0,42,1,0,6,1,0,0,1,0,1,False,False
11.07902,-1334,-332,0,42,1,0,6,1,0,0,1,0,1,False,False
11.11236,-1334,-332,0,42,1,0,6,1,0,0,1,0,1,False,False
11.14659,-1334,-332,0,42,1,0,6,1,0,0,1,0,1,False,False
11.18077,-1334,-332,0,42,1,0,6,1,0,0,1,0,1,False,False
11.2141,-1334,-332,0,42,1,0,6,1,0,0,1,0,1,False,False
11.24743,-1334,-332,0,42,1,0,6,1,0,0,1,0,1,False,False
11.28077,-1334,-332,0,42,1,0,6,1,0,0,1,0,1,False,False
11.31498,-1334,-332,0,42,1,0,6,1,0,0,1,0,1,False,False
11.34832,-1334,-332,0,42,1,0,6,1,0,0,1,0,1,False,False
11.38165,-1334,-332,0,42,1,0,6,1,0,0,1,0,1,False,False
11.41514,-1334,-332,0,42,1,0,6,1,0,0,1,0,1,False,False
11.44927,-1334,-332,0,42,1,0,6,1,0,0,1,0,1,False,False
11.48346,-1334,-332,0,42,1,0,6,1,0,0,1,0,1,False,False
11.51679,-1334,-332,0,42,1,0,6,1,0,0,1,0,1,False,False
11.55013,-1334,-332,0,42,1,0,6,1,0,0,1,0,1,False,False
11.58362,-1334,-332,0,42,1,0,6,1,0,0,1,0,1,False,False
11.61705,-1334,-332,0,42,1,0,6,1,0,0,1,0,1,False,False
11.65038,-1334,-332,0,42,1,0,6,1,0,0,1,0,1,False,False
11.68371,-1334,-332,0,42,1,0,6,1,0,0,1,0,1,False,False
11.71725,-1334,-332,0,42,1,0,6,1,0,0,1,0,1,False,False
11.75058,-1334,-332,0,42,1,0,6,1,0,0,1,0,1,False,False
11.78423,-1334,-332,0,42,1,0,6,1,0,0,1,0,1,False,False
11.81756,-1334,-332,0,42,1,0,6,1,0,0,1,0,1,False,False
11.8509,-1334,-332,0,42,1,0,6,1,0,0,1,0,1,False,False
11.88454,-1334,-332,0,42,1,0,6,1,0,0,1,0,1,False,False
11.91788,-1334,-332,0,42,1,0,6,1,0,0,1,0,1,False,False
11.95176,-1334,-332,0,42,1,0,6,1,0,0,1,0,1,False,False
11.98533,-1334,-332,0,42,1,0,6,1,0,0,1,0,1,False,False
12.01867,-1334,-332,0,42,1,0,6,1,0,0,1,0,1,False,False
12.052,-1334,-332,0,42,1,0,6,1,0,0,1,0,1,False,False
12.08534,-1334,-332,0,42,1,0,6,1,0,0,1,0,1,False,False
12.11867,-1334,-332,0,42,1,0,6,1,0,0,1,0,1,False,False
12.15296,-1334,-332,0,42,1,0,6,1,0,0,1,0,1,False,False
12.1863,-1334,-332,0,42,1,0,6,1,0,0,1,0,1,False,False
12.21963,-1334,-332,0,42,1,0,6,1,0,0,1,0,1,False,False
12.25296,-1334,-332,0,42,1,0,6,1,0,0,1,0,1,False,False
12.2863,-1334,-332,0,42,1,0,6,1,0,0,1,0,1,False,False
12.31963,-1334,-332,0,42,1,0,6,1,0,0,1,0,1,False,False
12.35296,-1334,-332,0,42,1,0,6,1,0,0,1,0,1,False,False
12.38637,-1334,-332,0,42,1,0,6,1,0,0,1,0,1,False,False
12.4197,-1334,-332,0,42,1,0,6,1,0,0,1,0,1,False,False
12.45303,-1334,-332,0,42,1,0,6,1,0,0,1,0,1,False,False
12.48654,-1334,-332,0,42,1,0,6,1,0,0,1,0,1,False,False
12.51987,-1334,-332,0,42,1,0,6,1,0,0,1,0,1,False,False
12.55347,-1334,-332,0,42,1,0,6,1,0,0,1,0,1,False,False
12.58697,-1334,-332,0,42,1,0,6,1,0,0,1,0,1,False,False
12.62068,-1334,-332,0,42,1,0,6,1,0,0,1,0,1,False,False
12.65402,-1334,-332,0,42,1,0,6,1,0,0,1,0,1,False,False
12.6875,-1334,-332,0,42,1,0,6,1,0,0,1,0,1,False,False
12.7212,-1334,-332,0,42,1,0,6,1,0,0,1,0,1,False,False
12.75454,-1334,-332,0,42,1,0,6,1,0,0,1,0,1,False,False
12.78834,-1334,-332,0,42,1,0,6,1,0,0,1,0,1,False,False
12.82168,-1334,-332,0,42,1,0,6,1,0,0,1,0,1,False,False
12.85501,-1334,-332,0,42,1,0,6,1,0,0,1,0,1,False,False
12.88834,-1334,-332,0,42,1,0,6,1,0,0,1,0,1,False,False
12.92168,-1334,-332,0,42,1,0,6,1,0,0,1,0,1,False,False
12.95536,-1334,-332,0,42,1,0,6,1,0,0,1,0,1,False,False
12.98869,-1334,-332,0,42,1,0,6,1,0,0,1,0,1,False,False
13.02202,-1334,-332,0,42,1,0,6,1,0,0,1,0,1,False,False
13.0554,-1334,-332,0,42,1,0,6,1,0,0,1,0,1,False,False
13.08929,-1334,-332,0,42,1,0,6,1,0,0,1,0,1,False,False
13.12304,-1334,-332,0,42,1,0,6,1,0,0,1,0,1,False,False
13.15657,-1334,-332,0,42,1,0,6,1,0,0,1,0,1,False,False
13.19003,-1334,-332,0,42,1,0,6,1,0,0,1,0,1,False,False
13.22336,-1334,-332,0,42,1,0,6,1,0,0,1,0,1,False,False
13.2568,-1334,-332,0,42,1,0,6,1,0,0,1,0,1,False,False
13.2906,-1334,-332,0,42,1,0,6,1,0,0,1,0,1,False,False
13.32396,-1334,-332,0,42,1,0,6,1,0,0,1,0,1,False,False
13.35729,-1334,-332,0,42,1,0,6,1,0,0,1,0,1,False,False
13.39062,-1334,-332,0,42,1,0,6,1,0,0,1,0,1,False,False
13.42396,-1334,-332,0,42,1,0,6,1,0,0,1,0,1,False,False
13.45729,-1334,-332,0,42,1,0,6,1,0,0,1,0,1,False,False
13.49062,-1334,-332,0,42,1,0,6,1,0,0,1,0,1,False,False
13.52466,-1334,-332,0,42,1,0,6,1,0,0,1,0,1,False,False
13.55799,-1334,-332,0,42,1,0,6,1,0,0,1,0,1,False,False
13.59132,-1334,-332,0,42,1,0,6,1,0,0,1,0,1,False,False
13.6249,-1334,-332,0,42,1,0,6,1,0,0,1,0,1,False,False
13.65851,-1334,-332,0,42,1,0,6,1,0,0,1,0,1,False,False
13.69184,-1334,-332,0,42,1,0,6,1,0,0,1,0,1,False,False
13.72521,-1334,-332,0,42,1,0,6,1,0,0,1,0,1,False,False
13.75854,-1334,-332,0,42,1,0,6,1,0,0,1,0,1,False,False
13.79188,-1334,-332,0,42,1,0,6,1,0,0,1,0,1,False,False
13.82536,-1334,-332,0,42,1,0,6,1,0,0,1,0,1,False,False
13.85885,-1334,-332,0,42,1,0,6,1,0,0,1,0,1,False,False
13.89218,-1334,-332,0,42,1,0,6,1,0,0,1,0,1,False,False
13.92552,-1334,-332,0,42,1,0,6,1,0,0,1,0,1,False,False
13.95885,-1334,-332,0,42,1,0,6,1,0,0,1,0,1,False,False
13.99227,-1334,-332,0,42,1,0,6,1,0,0,1,0,1,False,False
14.02561,-1334,-332,0,42,1,0,6,1,0,0,1,0,1,False,False
14.05894,-1334,-332,0,42,1,0,6,1,0,0,1,0,1,False,False
14.09227,-1334,-332,0,42,1,0,6,1,0,0,1,0,1,False,False
14.12561,-1334,-332,0,42,1,0,6,1,0,0,1,0,1,False,False
14.15925,-1334,-332,0,42,1,0,6,1,0,0,1,0,1,False,False
14.19259,-1334,-332,0,42,1,0,6,1,0,0,1,0,1,False,False
14.22615,-1334,-332,0,42,1,0,6,1,0,0,1,0,1,False,False
14.25948,-1334,-332,0,42,1,0,6,1,0,0,1,0,1,False,False
14.29282,-1334,-332,0,42,1,0,6,1,0,0,1,0,1,False,False
14.32615,-1334,-332,0,42,1,0,6,1,0,0,1,0,1,False,False
14.35948,-1334,-332,0,42,1,0,6,1,0,0,1,0,1,False,False
14.39282,-1334,-332,0,42,1,0,6,1,0,0,1,0,1,False,False
14.42643,-1334,-332,0,42,1,0,6,1,0,0,1,0,1,False,False
14.45976,-1334,-332,0,42,1,0,6,1,0,0,1,0,1,False,False
14.49309,-1334,-332,0,42,1,0,6,1,0,0,1,0,1,False,False
14.52643,-1334,-332,0,42,1,0,6,1,0,0,1,0,1,False,False
14.55976,-1334,-332,0,42,1,0,6,1,0,0,1,0,1,False,False
14.59379,-1334,-332,0,42,1,0,6,1,0,0,1,0,1,False,False
14.62712,-1334,-332,0,42,1,0,6,1,0,0,1,0,1,False,False
14.66074,-1334,-332,0,42,1,0,6,1,0,0,1,0,1,False,False
14.69407,-1334,-332,0,42,1,0,6,1,0,0,1,0,1,False,False
14.72741,-1334,-332,0,42,1,0,6,1,0,0,1,0,1,False,False
14.76074,-1334,-332,0,42,1,0,6,1,0,0,1,0,1,False,False
14.79407,-1334,-332,0,42,1,0,6,1,0,0,1,0,1,False,False
14.82741,-1334,-332,0,42,1,0,6,1,0,0,1,0,1,False,False
14.86154,-1334,-332,0,42,1,0,6,1,0,0,1,0,1,False,False
14.89529,-1334,-332,0,42,1,0,6,1,0,0,1,0,1,False,False
14.92862,-1334,-332,0,42,1,0,6,1,0,0,1,0,1,False,False
14.96206,-1334,-332,0,42,1,0,6,1,0,0,1,0,1,False,False
14.99549,-1334,-332,0,42,1,0,6,1,0,0,1,0,1,False,False
15.02893,-1334,-332,0,42,1,0,6,1,0,0,1,0,1,False,False
15.06252,-1334,-332,0,42,1,0,6,1,0,0,1,0,1,False,False
15.09647,-1334,-332,0,42,1,0,6,1,0,0,1,0,1,False,False
15.1298,-1334,-332,0,42,1,0,6,1,0,0,1,0,1,False,False
15.16406,-1334,-332,0,42,1,0,6,1,0,0,1,0,1,False,False
15.19802,-1334,-332,0,42,1,0,6,1,0,0,1,0,1,False,False
15.23205,-1334,-332,0,42,1,0,6,1,0,0,1,0,1,False,False
15.26538,-1334,-332,0,42,1,0,6,1,0,0,1,0,1,False,False
15.29871,-1334,-332,0,42,1,0,6,1,0,0,1,0,1,False,False
15.33205,-1334,-332,0,42,1,0,6,1,0,0,1,0,1,False,False
15.36538,-1334,-332,0,42,1,0,6,1,0,0,1,0,1,False,False
15.39941,-1334,-332,0,42,1,0,6,1,0,0,1,0,1,False,False
15.43302,-1334,-332,0,42,1,0,6,1,0,0,1,0,1,False,False
15.46671,-1334,-332,0,42,1,0,6,1,0,0,1,0,1,False,False
15.50004,-1334,-332,0,42,1,0,6,1,0,0,1,0,1,False,False
15.53337,-1334,-332,0,42,1,0,6,1,0,0,1,0,1,False,False
15.56671,-1334,-332,0,42,1,0,6,1,0,0,1,0,1,False,False
15.60004,-1334,-332,0,42,1,0,6,1,0,0,1,0,1,False,False
15.63338,-1334,-332,0,42,1,0,6,1,0,0,1,0,1,False,False
15.66671,-1334,-332,0,42,1,0,6,1,0,0,1,0,1,False,False
15.70057,-1334,-332,0,42,1,0,6,1,0,0,1,0,1,False,False
15.73391,-1334,-332,0,42,1,0,6,1,0,0,1,0,1,False,False
15.76724,-1334,-332,0,42,1,0,6,1,0,0,1,0,1,False,False
15.80058,-1334,-332,0,42,1,0,6,1,0,0,1,0,1,False,False
15.8344,-1334,-332,0,42,1,0,6,1,0,0,1,0,1,False,False
15.86773,-1334,-332,0,42,1,0,6,1,0,0,1,0,1,False,False
15.90107,-1334,-332,0,42,1,0,6,1,0,0,1,0,1,False,False
15.9344,-1334,-332,0,42,1,0,6,1,0,0,1,0,1,False,False
15.96774,-1334,-332,0,42,1,0,6,1,0,0,1,0,1,False,False
16.00112,-1334,-332,0,42,1,0,6,1,0,0,1,0,1,False,False
16.03519,-1334,-332,0,42,1,0,6,1,0,0,1,0,1,False,False
16.06852,-1334,-332,0,42,1,0,6,1,0,0,1,0,1,False,False
16.10189,-1334,-332,0,42,1,0,6,1,0,0,1,0,1,False,False
16.13558,-1334,-332,0,42,1,0,6,1,0,0,1,0,1,False,False
16.16891,-1334,-332,0,42,1,0,6,1,0,0,1,0,1,False,False
16.20224,-1334,-332,0,42,1,0,6,1,0,0,1,0,1,False,False
16.23558,-1334,-332,0,42,1,0,6,1,0,0,1,0,1,False,False
16.26891,-1334,-332,0,42,1,0,6,1,0,0,1,0,1,False,False
16.30225,-1334,-332,0,42,1,0,6,1,0,0,1,0,1,False,False
16.33558,-1334,-332,0,42,1,0,6,1,0,0,1,0,1,False,False
16.36933,-1334,-332,0,42,1,0,6,1,0,0,1,0,1,False,False
16.40324,-1334,-332,0,42,1,0,6,1,0,0,1,0,1,False,False
16.43657,-1334,-332,0,42,1,0,6,1,0,0,1,0,1,False,False
16.46991,-1334,-332,0,42,1,0,6,1,0,0,1,0,1,False,False
16.50324,-1334,-332,0,42,1,0,6,1,0,0,1,0,1,False,False
16.5367,-1334,-332,0,42,1,0,6,1,0,0,1,0,1,False,False
16.57003,-1334,-332,0,42,1,0,6,1,0,0,1,0,1,False,False
16.60336,-1334,-332,0,42,1,0,6,1,0,0,1,0,1,False,False
16.6367,-1334,-332,0,42,1,0,6,1,0,0,1,0,1,False,False
16.67079,-1334,-332,0,42,1,0,6,1,0,0,1,0,1,False,False
16.70412,-1334,-332,0,42,1,0,6,1,0,0,1,0,1,False,False
16.73757,-1334,-332,0,42,1,0,6,1,0,0,1,0,1,False,False
16.7709,-1334,-332,0,42,1,0,6,1,0,0,1,0,1,False,False
16.80437,-1334,-332,0,42,1,0,6,1,0,0,1,0,1,False,False
16.8377,-1334,-332,0,42,1,0,6,1,0,0,1,0,1,False,False
16.87104,-1334,-332,0,42,1,0,6,1,0,0,1,0,1,False,False
16.90473,-1334,-332,0,42,1,0,6,1,0,0,1,0,1,False,False
16.93806,-1334,-332,0,42,1,0,6,1,0,0,1,0,1,False,False
16.9714,-1334,-332,0,42,1,0,6,1,0,0,1,0,1,False,False
17.00474,-1334,-332,0,42,1,0,6,1,0,0,1,0,1,False,False
17.03808,-1334,-332,0,42,1,0,6,1,0,0,1,0,1,False,False
17.07182,-1334,-332,0,42,1,0,6,1,0,0,1,0,1,False,False
17.10552,-1334,-332,0,42,1,0,6,1,0,0,1,0,1,False,False
17.13886,-1334,-332,0,42,1,0,6,1,0,0,1,0,1,False,False
17.17277,-1334,-332,0,42,1,0,6,1,0,0,1,0,1,False,False
17.20611,-1334,-332,0,42,1,0,6,1,0,0,1,0,1,False,False
17.23944,-1334,-332,0,42,1,0,6,1,0,0,1,0,1,False,False
17.27277,-1334,-332,0,42,1,0,6,1,0,0,1,0,1,False,False
17.30647,-1334,-332,0,42,1,0,6,1,0,0,1,0,1,False,False
17.3398,-1334,-332,0,42,1,0,6,1,0,0,1,0,1,False,False
17.37314,-1334,-332,0,42,1,0,6,1,0,0,1,0,1,False,False
17.40679,-1334,-332,0,42,1,0,6,1,0,0,1,0,1,False,False
17.44013,-1334,-332,0,42,1,0,6,1,0,0,1,0,1,False,False
17.47359,-1334,-332,0,42,1,0,6,1,0,0,1,0,1,False,False
17.50692,-1334,-332,0,42,1,0,6,1,0,0,1,0,1,False,False
17.54025,-1334,-332,0,42,1,0,6,1,0,0,1,0,1,False,False
17.57359,-1334,-332,0,42,1,0,6,1,0,0,1,0,1,False,False
17.60692,-1334,-332,0,42,1,0,6,1,0,0,1,0,1,False,False
17.64035,-1334,-332,0,42,1,0,6,1,0,0,1,0,1,False,False
17.67394,-1334,-332,0,42,1,0,6,1,0,0,1,0,1,False,False
17.70727,-1334,-332,0,42,1,0,6,1,0,0,1,0,1,False,False
17.7406,-1334,-332,0,42,1,0,6,1,0,0,1,0,1,False,False
17.77394,-1334,-332,0,42,1,0,6,1,0,0,1,0,1,False,False
17.80727,-1334,-332,0,42,1,0,6,1,0,0,1,0,1,False,False
17.84074,-1334,-332,0,42,1,0,6,1,0,0,1,0,1,False,False
17.87498,-1334,-332,0,42,1,0,6,1,0,0,1,0,1,False,False
17.90831,-1334,-332,0,42,1,0,6,1,0,0,1,0,1,False,False
17.94164,-1334,-332,0,42,1,0,6,1,0,0,1,0,1,False,False
17.97563,-1334,-332,0,42,1,0,6,1,0,0,1,0,1,False,False
18.00896,-1334,-332,0,42,1,0,6,1,0,0,1,0,1,False,False
18.04247,-1334,-332,0,42,1,0,6,1,0,0,1,0,1,False,False
18.0758,-1334,-332,0,42,1,0,6,1,0,0,1,0,1,False,False
18.10914,-1334,-332,0,42,1,0,6,1,0,0,1,0,1,False,False
18.14276,-1334,-332,0,42,1,0,6,1,0,0,1,0,1,False,False
18.1761,-1334,-332,0,42,1,0,6,1,0,0,1,0,1,False,False
18.20943,-1334,-332,0,42,1,0,6,1,0,0,1,0,1,False,False
18.24276,-1334,-332,0,42,1,0,6,1,0,0,1,0,1,False,False
18.2761,-1334,-332,0,42,1,0,6,1,0,0,1,0,1,False,False
18.3095,-1334,-332,0,42,1,0,6,1,0,0,1,0,1,False,False
18.34283,-1334,-332,0,42,1,0,6,1,0,0,1,0,1,False,False
18.37679,-1334,-332,0,42,1,0,6,1,0,0,1,0,1,False,False
18.41013,-1334,-332,0,42,1,0,6,1,0,0,1,0,1,False,False
18.44402,-1334,-332,0,42,1,0,6,1,0,0,1,0,1,False,False
18.47736,-1334,-332,0,42,1,0,6,1,0,0,1,0,1,False,False
18.51069,-1334,-332,0,42,1,0,6,1,0,0,1,0,1,False,False
18.54425,-1334,-332,0,42,1,0,6,1,0,0,1,0,1,False,False
18.57758,-1334,-332,0,42,1,0,6,1,0,0,1,0,1,False,False
18.61091,-1334,-332,0,42,1,0,6,1,0,0,1,0,1,False,False
18.64425,-1334,-332,0,42,1,0,6,1,0,0,1,0,1,False,False
18.67758,-1334,-332,0,42,1,0,6,1,0,0,1,0,1,False,False
18.71091,-1334,-332,0,42,1,0,6,1,0,0,1,0,1,False,False
18.74425,-1334,-332,0,42,1,0,6,1,0,0,1,0,1,False,False
18.77799,-1334,-332,0,42,1,0,6,1,0,0,1,0,1,False,False
18.81148,-1334,-332,0,42,1,0,6,1,0,0,1,0,1,False,False
18.84497,-1334,-332,0,42,1,0,6,1,0,0,1,0,1,False,False
18.87891,-1334,-332,0,42,1,0,6,1,0,0,1,0,1,False,False
18.9123,-1334,-332,0,42,1,0,6,1,0,0,1,0,1,False,False
18.94563,-1334,-332,0,42,1,0,6,1,0,0,1,0,1,False,False
18.97897,-1334,-332,0,42,1,0,6,1,0,0,1,0,1,False,False
19.0123,-1334,-332,0,42,1,0,6,1,0,0,1,0,1,False,False
19.04572,-1334,-332,0,42,1,0,6,1,0,0,1,0,1,False,False
19.07944,-1334,-332,0,42,1,0,6,1,0,0,1,0,1,False,False
19.11277,-1334,-332,0,42,1,0,6,1,0,0,1,0,1,False,False
19.14687,-1334,-332,0,42,1,0,6,1,0,0,1,0,1,False,False
19.18063,-1334,-332,0,42,1,0,6,1,0,0,1,0,1,False,False
19.21396,-1334,-332,0,42,1,0,6,1,0,0,1,0,1,False,False
19.24729,-1334,-332,0,42,1,0,6,1,0,0,1,0,1,False,False
19.28064,-1334,-332,0,42,1,0,6,1,0,0,1,0,1,False,False
19.31397,-1334,-332,0,42,1,0,6,1,0,0,1,0,1,False,False
19.34731,-1334,-332,0,42,1,0,6,1,0,0,1,0,1,False,False
19.38064,-1334,-332,0,42,1,0,6,1,0,0,1,0,1,False,False
19.41397,-1334,-332,0,42,1,0,6,1,0,0,1,0,1,False,False
19.44731,-1334,-332,0,42,1,0,6,1,0,0,1,0,1,False,False
19.48083,-1334,-332,0,42,1,0,6,1,0,0,1,0,1,False,False
19.51416,-1334,-332,0,42,1,0,6,1,0,0,1,0,1,False,False
19.54749,-1334,-332,0,42,1,1,6,1,0,0,1,0,1,False,False
19.58083,-1334,-332,0,42,1,1,6,1,0,0,1,0,1,False,False
19.6143,-1334,-332,0,42,1,1,6,1,0,0,1,0,1,False,False
19.64785,-1334,-332,0,42,1,1,6,1,0,0,1,0,1,False,False
19.68136,-1334,-332,0,42,1,1,6,1,0,0,1,0,1,False,False
19.7147,-1334,-332,0,42,1,1,6,1,0,0,1,0,1,False,False
19.74803,-1334,-332,0,42,1,1,6,1,0,0,1,0,1,False,False
19.78136,-1334,-332,0,42,1,1,6,1,0,0,1,0,1,False,False
19.8147,-1334,-332,0,42,1,1,6,1,0,0,1,0,1,False,False
19.84803,-1334,-332,0,42,1,1,6,1,0,0,1,0,1,False,False
19.88145,-1334,-332,0,42,1,1,6,1,0,0,1,0,1,False,False
19.91478,-1334,-332,0,42,1,1,6,1,0,0,1,0,1,False,False
19.94812,-1334,-332,0,42,1,1,6,1,0,0,1,0,1,False,False
19.98145,-1334,-332,0,42,1,1,6,1,0,0,1,0,1,False,False
20.01575,-1334,-332,0,42,1,1,6,1,0,0,1,0,1,False,False
20.04908,-1334,-332,0,42,1,1,6,1,0,0,1,0,1,False,False
20.08243,-1334,-332,0,42,1,1,6,1,0,0,1,0,1,False,False
20.11576,-1334,-332,0,42,1,1,6,1,0,0,1,0,1,False,False
20.14964,-1334,-332,0,42,1,1,6,1,0,0,1,0,1,False,False
20.18297,-1334,-332,0,42,1,1,6,1,0,0,1,0,1,False,False
20.2163,-1334,-332,0,42,1,1,6,1,0,0,1,0,1,False,False
20.2503,-1334,-332,0,42,1,1,6,1,0,0,1,0,1,False,False
20.28365,-1334,-332,0,42,1,1,6,1,0,0,1,0,1,False,False
20.31699,-1334,-332,0,42,1,1,6,1,0,0,1,0,1,False,False
20.35032,-1334,-332,0,42,1,1,6,1,0,0,1,0,1,False,False
20.38366,-1334,-332,0,42,1,1,6,1,0,0,1,0,1,False,False
20.41699,-1334,-332,0,42,1,1,6,1,0,0,1,0,1,False,False
20.45033,-1334,-332,0,42,1,1,6,1,0,0,1,0,1,False,False
20.48373,-1334,-332,0,42,1,1,6,1,0,0,1,0,1,False,False
20.51707,-1334,-332,0,42,1,1,6,1,0,0,1,0,1,False,False
20.55048,-1334,-332,0,42,1,1,6,1,0,0,1,0,1,False,False
20.58464,-1334,-332,0,42,1,1,6,1,0,0,1,0,1,False,False
20.61814,-1334,-332,0,42,1,1,6,1,0,0,1,0,1,False,False
20.65148,-1334,-332,0,42,1,1,6,1,0,0,1,0,1,False,False
20.6852,-1334,-332,0,42,1,1,6,1,0,0,1,0,1,False,False
20.71853,-1334,-332,0,42,1,1,6,1,0,0,1,0,1,False,False
20.75187,-1334,-332,0,42,1,1,6,1,0,0,1,0,1,False,False
20.78582,-1334,-332,0,42,1,1,6,1,0,0,1,0,1,False,False
20.8192,-1334,-332,0,42,1,1,6,1,0,0,1,0,1,False,False
20.85321,-1334,-332,0,42,1,1,6,1,0,0,1,0,1,False,False
20.88655,-1334,-332,0,42,1,1,6,1,0,0,1,0,1,False,False
20.91989,-1334,-332,0,42,1,1,6,1,0,0,1,0,1,False,False
20.95322,-1334,-332,0,42,1,1,6,1,0,0,1,0,1,False,False
20.98655,-1334,-332,0,42,1,1,6,1,0,0,1,0,1,False,False
21.01989,-1334,-332,0,42,1,1,6,1,0,0,1,0,1,False,False
21.05368,-1334,-332,0,42,1,1,6,1,0,0,1,0,1,False,False
21.08702,-1334,-332,0,42,1,1,6,1,0,0,1,0,1,False,False
21.12035,-1334,-332,0,42,1,1,6,1,0,0,1,0,1,False,False
21.15368,-1334,-332,0,42,1,1,6,1,0,0,1,0,1,False,False
21.18703,-1334,-332,0,42,1,1,6,1,0,0,1,0,1,False,False
21.22037,-1334,-332,0,42,1,1,6,1,0,0,1,0,1,False,False
21.25375,-1334,-332,0,42,1,1,6,1,0,0,1,0,1,False,False
21.28708,-1334,-332,0,42,1,1,6,1,0,0,1,0,1,False,False
21.32042,-1334,-332,0,42,1,1,6,1,0,0,1,0,1,False,False
21.35407,-1334,-332,0,42,1,1,6,1,0,0,1,0,1,False,False
21.38746,-1334,-332,0,42,1,1,6,1,0,0,1,0,1,False,False
21.42082,-1334,-332,0,42,1,1,6,1,0,0,1,0,1,False,False
21.45415,-1334,-332,0,42,1,1,6,1,0,0,1,0,1,False,False
21.48801,-1334,-332,0,42,1,1,6,1,0,0,1,0,1,False,False
21.52134,-1334,-332,0,42,1,1,6,1,0,0,1,0,1,False,False
21.55468,-1334,-332,0,42,1,1,6,1,0,0,1,0,1,False,False
21.58801,-1334,-332,0,42,1,1,6,1,0,0,1,0,1,False,False
21.62135,-1334,-332,0,42,1,1,6,1,0,0,1,0,1,False,False
21.65468,-1334,-332,0,42,1,1,6,1,0,0,1,0,1,False,False
21.68801,-1334,-332,0,42,1,1,6,1,0,0,1,0,1,False,False
21.72163,-1334,-332,0,42,1,1,6,1,0,0,1,0,1,False,False
21.75547,-1334,-332,0,42,1,1,6,1,0,0,1,0,1,False,False
21.78881,-1334,-332,0,42,1,1,6,1,0,0,1,0,1,False,False
21.82219,-1334,-332,0,42,1,1,6,1,0,0,1,0,1,False,False
21.85586,-1334,-332,0,42,1,1,6,1,0,0,1,0,1,False,False
21.88953,-1334,-332,0,42,1,1,6,1,0,0,1,0,1,False,False
21.92342,-1334,-332,0,42,1,1,6,1,0,0,1,0,1,False,False
21.95732,-1334,-332,0,42,1,1,7,1,100,0,1,0,1,False,False
21.99065,-1334,-332,0,42,1,1,7,1,100,0,1,0,1,False,False
22.02398,-1334,-332,0,42,1,1,7,1,100,0,1,0,1,False,False
22.05732,-1334,-332,0,42,1,1,7,1,100,0,1,0,1,False,False
22.09065,-1334,-332,0,42,1,1,7,1,100,0,1,0,1,False,False
22.12398,-1334,-332,0,42,1,1,7,1,100,0,1,0,1,False,False
22.15732,-1334,-332,0,42,1,1,7,1,100,0,1,0,1,False,False
22.19065,-1334,-332,0,42,1,1,7,1,100,0,1,0,1,False,False
22.22464,-1334,-332,0,42,1,1,7,1,100,0,1,0,1,False,False
22.25798,-1334,-332,0,42,1,1,7,1,100,0,1,0,1,False,False
22.29131,-1334,-332,0,42,1,1,7,1,100,0,1,0,1,False,False
22.32466,-1334,-332,0,42,1,1,7,1,100,0,1,0,1,False,False
22.35799,-1334,-332,0,42,1,1,7,1,100,0,1,0,1,False,False
22.39146,-1334,-332,0,42,1,1,7,1,100,0,1,0,1,False,False
22.4248,-1334,-332,0,42,1,1,7,1,100,0,1,0,1,False,False
22.45813,-1334,-332,0,42,1,1,7,1,100,0,1,0,1,False,False
22.49146,-1334,-332,0,42,1,1,7,1,100,0,1,0,1,False,False
22.5248,-1334,-332,0,42,1,1,7,1,100,0,1,0,1,False,False
22.55813,-1334,-332,0,42,1,1,7,1,100,0,1,0,1,False,False
22.59192,-1334,-332,0,42,1,1,7,1,100,0,1,0,1,False,False
22.62591,-1334,-332,0,42,1,1,7,1,100,0,1,0,1,False,False
22.65925,-1334,-332,0,42,1,1,7,1,100,0,1,0,1,False,False
22.69258,-1334,-332,0,42,1,1,7,1,100,0,1,0,1,False,False
22.72591,-1334,-332,0,42,1,1,7,1,100,0,1,0,1,False,False
22.75953,-1334,-332,0,42,1,1,7,1,100,0,1,0,1,False,False
22.7929,-1334,-332,0,42,1,1,7,1,100,0,1,0,1,False,False
22.82703,-1334,-332,0,42,1,1,7,1,100,0,1,0,1,False,False
22.8609,-1334,-332,0,42,1,1,7,1,100,0,1,0,1,False,False
22.89443,-1334,-332,0,42,1,1,7,1,100,0,1,0,1,False,False
22.92808,-1334,-332,0,42,1,1,7,1,100,0,1,0,1,False,False
22.96141,-1334,-332,0,42,1,1,7,1,100,0,1,0,1,False,False
22.99482,-1334,-332,0,42,1,1,7,1,100,0,1,0,1,False,False
23.02827,-1334,-332,0,42,1,1,7,1,100,0,1,0,1,False,False
23.06187,-1334,-332,0,42,1,1,7,1,100,0,1,0,1,False,False
23.09521,-1334,-332,0,42,1,1,7,1,100,0,1,0,1,False,False
23.12862,-1334,-332,0,42,1,1,7,1,100,0,1,0,1,False,False
23.16196,-1334,-332,0,42,1,1,7,1,100,0,1,0,1,False,False
23.19539,-1334,-332,0,42,1,1,7,1,100,0,1,0,1,False,False
23.22949,-1334,-332,0,42,1,1,7,1,100,0,1,0,1,False,False
23.26313,-1334,-332,0,42,1,1,7,1,100,0,1,0,1,False,False
23.29646,-1334,-332,0,42,1,1,7,1,100,0,1,0,1,False,False
23.33038,-1334,-332,0,42,1,1,7,1,100,0,1,0,1,False,False
23.36414,-1334,-332,0,42,1,1,7,1,100,0,1,0,1,False,False
23.39762,-1334,-332,0,42,1,1,7,1,100,0,1,0,1,False,False
23.43128,-1334,-332,0,42,1,1,7,1,100,0,1,0,1,False,False
23.46461,-1334,-332,0,42,1,1,7,1,100,0,1,0,1,False,False
23.49795,-1334,-332,0,42,1,1,7,1,100,0,1,0,1,False,False
23.53128,-1334,-332,0,42,1,1,7,1,100,0,1,0,1,False,False
23.56461,-1334,-332,0,42,1,1,7,1,100,0,1,0,1,False,False
23.59795,-1334,-332,0,42,1,1,7,1,100,0,1,0,1,False,False
23.63157,-1334,-332,0,42,1,1,7,1,100,0,1,0,1,False,False
23.6649,-1334,-332,0,42,1,1,7,1,100,0,1,0,1,False,False
23.69824,-1334,-332,0,42,1,1,7,1,100,0,1,0,1,False,False
23.73157,-1334,-332,0,42,1,1,7,1,100,0,1,0,1,False,False
23.7649,-1334,-332,0,42,1,1,7,1,100,0,1,0,1,False,False
23.79824,-1334,-332,0,42,1,1,7,1,100,0,1,0,1,False,False
23.83157,-1334,-332,0,42,1,1,7,1,100,0,1,0,1,False,False
23.86491,-1334,-332,0,42,1,1,7,1,100,0,1,0,1,False,False
23.89825,-1334,-332,0,42,1,1,7,1,100,0,1,0,1,False,False
23.93158,-1334,-332,0,42,1,1,7,1,100,0,1,0,1,False,False
23.96541,-1334,-332,0,42,1,1,7,1,100,0,1,0,1,False,False
23.99875,-1334,-332,0,42,1,1,7,1,100,0,1,0,1,False,False
24.03221,-1334,-332,0,42,1,1,7,1,100,0,1,0,1,False,False
24.06599,-1334,-332,0,42,1,1,7,1,100,0,1,0,1,False,False
24.09932,-1334,-332,0,42,1,1,7,1,100,0,1,0,1,False,False
24.13266,-1334,-332,0,42,1,1,7,1,100,0,1,0,1,False,False
24.16599,-1334,-332,0,42,1,1,7,1,100,0,1,0,1,False,False
24.19995,-1334,-332,0,42,1,1,7,1,100,0,1,0,1,False,False
24.23416,-1334,-332,0,42,1,1,7,1,100,0,1,0,1,False,False
24.26752,-1334,-332,0,42,1,1,7,1,100,0,1,0,1,False,False
24.30086,-1334,-332,0,42,1,1,7,1,100,0,1,0,1,False,False
24.33419,-1334,-332,0,42,1,1,7,1,100,0,1,0,1,False,False
24.36752,-1334,-332,0,42,1,1,7,1,100,0,1,0,1,False,False
24.40086,-1334,-332,0,42,1,1,7,1,100,0,1,0,1,False,False
24.43419,-1334,-332,0,42,1,1,7,1,100,0,1,0,1,False,False
24.46752,-1334,-332,0,42,1,1,7,1,100,0,1,0,1,False,False
24.50101,-1334,-332,0,42,1,1,7,1,100,0,1,0,1,False,False
24.53434,-1334,-332,0,42,1,1,7,1,100,0,1,0,1,False,False
24.56767,-1334,-332,0,42,1,1,7,1,100,0,1,0,1,False,False
24.60101,-1334,-332,0,42,1,1,7,1,100,0,1,0,1,False,False
24.63441,-1334,-332,0,42,1,1,7,1,100,0,1,0,1,False,False
24.66774,-1334,-332,0,42,1,1,7,1,100,0,1,0,1,False,False
24.70118,-1334,-332,0,42,1,1,7,1,100,0,1,0,1,False,False
24.73512,-1334,-332,0,42,1,1,7,1,100,0,1,0,1,False,False
24.76845,-1334,-332,0,42,1,1,7,1,100,0,1,0,1,False,False
24.80178,-1334,-332,0,42,1,1,7,1,100,0,1,0,1,False,False
24.83512,-1334,-332,0,42,1,1,7,1,100,0,1,0,1,False,False
24.86869,-1334,-332,0,42,1,1,7,1,100,0,1,0,1,False,False
24.90202,-1334,-332,0,42,1,1,7,1,100,0,1,0,1,False,False
24.93552,-1334,-332,0,42,1,1,7,1,100,0,1,0,1,False,False
24.96896,-1334,-332,0,42,1,1,7,1,100,0,1,0,1,False,False
25.00285,-1334,-332,0,42,1,1,7,1,100,0,1,0,1,False,False
25.03618,-1334,-332,0,42,1,1,7,1,100,0,1,0,1,False,False
25.06952,-1334,-332,0,42,1,1,7,1,100,0,1,0,1,False,False
25.10285,-1334,-332,0,42,1,1,7,1,100,0,1,0,1,False,False
25.13649,-1334,-332,0,42,1,1,7,1,100,0,1,0,1,False,False
25.16982,-1334,-332,0,42,1,1,7,1,100,0,1,0,1,False,False
25.20315,-1334,-332,0,42,1,1,7,1,100,0,1,0,1,False,False
25.23709,-1334,-332,0,42,1,1,7,1,100,0,1,0,1,False,False
25.27042,-1334,-332,0,42,1,1,7,1,100,0,1,0,1,False,False
25.30375,-1334,-332,0,42,1,1,7,1,100,0,1,0,1,False,False
25.33796,-1334,-332,0,42,1,1,6,1,100,0,1,0,1,False,False
25.37129,-1334,-332,0,42,1,1,6,1,100,0,1,0,1,False,False
25.40463,-1334,-332,0,42,1,1,6,1,100,0,1,0,1,False,False
25.4382,-1334,-332,0,42,1,1,6,1,100,0,1,0,1,False,False
25.47153,-1334,-332,0,42,1,1,6,1,100,0,1,0,1,False,False
25.50487,-1334,-332,0,42,1,1,6,1,100,0,1,0,1,False,False
25.5382,-1334,-332,0,42,1,1,6,1,100,0,1,0,1,False,False
25.57153,-1334,-332,0,42,1,1,6,1,100,0,1,0,1,False,False
25.6053,-1334,-332,0,42,1,1,6,1,100,0,1,0,1,False,False
25.63864,-1334,-332,0,42,1,1,6,1,100,0,1,0,1,False,False
25.67204,-1334,-332,0,42,1,1,6,1,100,0,1,0,1,False,False
25.70538,-1334,-332,0,42,1,1,6,1,100,0,1,0,1,False,False
25.73883,-1334,-332,0,42,1,1,6,1,100,0,1,0,1,False,False
25.77301,-1334,-332,0,42,1,1,6,1,100,0,1,0,1,False,False
25.80634,-1334,-332,0,42,1,1,6,1,100,0,1,0,1,False,False
25.83968,-1334,-332,0,42,1,1,6,1,100,0,1,0,1,False,False
25.87309,-1334,-332,0,42,1,1,6,1,100,0,1,0,1,False,False
25.90695,-1334,-332,0,42,1,1,6,1,100,0,1,0,1,False,False
25.94028,-1334,-332,0,42,1,1,6,1,100,0,1,0,1,False,False
25.97362,-1334,-332,0,42,1,1,6,1,100,0,1,0,1,False,False
26.00695,-1334,-332,0,42,1,1,6,1,100,0,1,0,1,False,False
26.04028,-1334,-332,0,42,1,1,6,1,100,0,1,0,1,False,False
26.07362,-1334,-332,0,42,1,1,6,1,100,0,1,0,1,False,False
26.1073,-1334,-332,0,42,1,1,6,1,100,0,1,0,1,False,False
26.14063,-1334,-332,0,42,1,1,6,1,100,0,1,0,1,False,False
26.17396,-1334,-332,0,42,1,1,6,1,100,0,1,0,1,False,False
26.20731,-1334,-332,0,42,1,1,6,1,100,0,1,0,1,False,False
26.24064,-1334,-332,0,42,1,1,6,1,100,0,1,0,1,False,False
26.27397,-1334,-332,0,42,1,1,6,1,100,0,1,0,1,False,False
26.30731,-1334,-332,0,42,1,1,6,1,100,0,1,0,1,False,False
26.34074,-1334,-332,0,42,1,1,6,1,100,0,1,0,1,False,False
26.37453,-1334,-332,0,42,1,1,6,1,100,0,1,0,1,False,False
26.40787,-1334,-332,0,42,1,1,6,1,100,0,1,0,1,False,False
26.44172,-1334,-332,0,42,1,1,6,1,100,0,1,0,1,False,False
26.47506,-1334,-332,0,42,1,1,6,1,100,0,1,0,1,False,False
26.50846,-1334,-332,0,42,1,1,6,1,100,0,1,0,1,False,False
26.54179,-1334,-332,0,42,1,1,6,1,100,0,1,0,1,False,False
26.57566,-1334,-332,0,42,1,1,6,1,100,0,1,0,1,False,False
26.60908,-1334,-332,0,42,1,1,6,1,100,0,1,0,1,False,False
26.64241,-1334,-332,0,42,1,1,6,1,100,0,1,0,1,False,False
26.67613,-1334,-332,0,42,1,1,6,1,100,0,1,0,1,False,False
26.70946,-1334,-332,0,42,1,1,6,1,100,0,1,0,1,False,False
26.74279,-1334,-332,0,42,1,1,6,1,100,0,1,0,1,False,False
26.77612,-1334,-332,0,42,1,1,6,1,100,0,1,0,1,False,False
26.80996,-1334,-332,0,42,1,1,6,1,100,0,1,0,1,False,False
26.84329,-1334,-332,0,42,1,1,6,1,100,0,1,0,1,False,False
26.87725,-1334,-332,0,42,1,1,6,1,100,0,1,0,1,False,False
26.91098,-1334,-332,0,42,1,1,6,1,100,0,1,0,1,False,False
26.94431,-1334,-332,0,42,1,1,6,1,100,0,1,0,1,False,False
26.97764,-1334,-332,0,42,1,1,6,1,100,0,1,0,1,False,False
27.01098,-1334,-332,0,42,1,1,6,1,100,0,1,0,1,False,False
27.04431,-1334,-332,0,42,1,1,6,1,100,0,1,0,1,False,False
27.07764,-1334,-332,0,42,1,1,6,1,100,0,1,0,1,False,False
27.1113,-1334,-332,0,42,1,1,6,1,100,0,1,0,1,False,False
27.14463,-1334,-332,0,42,1,1,6,1,100,0,1,0,1,False,False
27.17797,-1334,-332,0,42,1,1,6,1,100,0,1,0,1,False,False
27.2113,-1334,-332,0,42,1,1,6,1,100,0,1,0,1,False,False
27.24463,-1334,-332,0,42,1,1,6,1,100,0,1,0,1,False,False
27.27797,-1334,-332,0,42,1,1,6,1,100,0,1,0,1,False,False
27.31181,-1334,-332,0,42,1,1,6,1,100,0,1,0,1,False,False
27.34554,-1334,-332,0,42,1,1,6,1,100,0,1,0,1,False,False
27.37888,-1334,-332,0,42,1,1,6,1,100,0,1,0,1,False,False
27.41221,-1334,-332,0,42,1,1,6,1,100,0,1,0,1,False,False
27.44557,-1334,-332,0,42,1,1,6,1,100,0,1,0,1,False,False
27.4789,-1334,-332,0,42,1,1,6,1,100,0,1,0,1,False,False
27.5124,-1334,-332,0,42,1,1,6,1,100,0,1,0,1,False,False
27.54583,-1334,-332,0,42,1,1,6,1,100,0,1,0,1,False,False
27.57916,-1334,-332,0,42,1,1,6,1,100,0,1,0,1,False,False
27.6125,-1334,-332,0,42,1,1,6,1,100,0,1,0,1,False,False
27.64649,-1334,-332,0,42,1,1,6,1,100,0,1,0,1,False,False
27.67982,-1334,-332,0,42,1,1,6,1,100,0,1,0,1,False,False
27.71316,-1334,-332,0,42,1,1,6,1,100,0,1,0,1,False,False
27.74718,-1334,-332,0,42,1,1,6,1,100,0,1,0,1,False,False
27.78051,-1334,-332,0,42,1,1,6,1,100,0,1,0,1,False,False
27.81384,-1334,-332,0,42,1,1,6,1,100,0,1,0,1,False,False
27.84717,-1334,-332,0,42,1,1,6,1,100,0,1,0,1,False,False
27.88088,-1334,-332,0,42,1,1,6,1,100,0,1,0,1,False,False
27.91423,-1334,-332,0,42,1,1,6,1,100,0,1,0,1,False,False
27.94778,-1334,-332,0,42,1,1,6,1,100,0,1,0,1,False,False
27.98111,-1334,-332,0,42,1,1,6,1,100,0,1,0,1,False,False
28.01444,-1334,-332,0,42,1,1,6,1,100,0,1,0,1,False,False
28.04778,-1334,-332,0,42,1,1,6,1,100,0,1,0,1,False,False
28.08175,-1334,-332,0,42,1,1,6,1,100,0,1,0,1,False,False
28.11508,-1334,-332,0,42,1,1,6,1,100,0,1,0,1,False,False
28.14844,-1334,-332,0,42,1,1,6,1,100,0,1,0,1,False,False
28.18194,-1334,-332,0,42,1,1,6,1,100,0,1,0,1,False,False
28.21527,-1334,-332,0,42,1,1,6,1,100,0,1,0,1,False,False
28.24861,-1334,-332,0,42,1,1,6,1,100,0,1,0,1,False,False
28.2822,-1334,-332,0,42,1,1,6,1,100,0,1,0,1,False,False
28.31553,-1334,-332,0,42,1,1,6,1,100,0,1,0,1,False,False
28.34949,-1334,-332,0,42,1,1,6,1,100,0,1,0,1,False,False
28.38282,-1334,-332,0,42,1,1,6,1,100,0,1,0,1,False,False
28.41663,-1334,-332,0,42,1,1,6,1,100,0,1,0,1,False,False
28.44996,-1334,-332,0,42,1,1,6,1,100,0,1,0,1,False,False
28.4833,-1334,-332,0,42,1,1,6,1,100,0,1,0,1,False,False
28.51663,-1334,-332,0,42,1,1,6,1,100,0,1,0,1,False,False
28.54996,-1334,-332,0,42,1,1,6,1,100,0,1,0,1,False,False
28.58394,-1334,-332,0,42,1,1,6,1,100,0,1,0,1,False,False
28.61818,-1334,-332,0,42,1,1,6,1,100,0,1,0,1,False,False
28.65151,-1334,-332,0,42,1,1,6,1,100,0,1,0,1,False,False
28.68484,-1334,-332,0,42,1,1,6,1,100,0,1,0,1,False,False
28.71818,-1334,-332,0,42,1,1,6,1,100,0,1,0,1,False,False
28.75151,-1334,-332,0,42,1,1,6,1,100,0,1,0,1,False,False
28.78484,-1334,-332,0,42,1,1,6,1,100,0,1,0,1,False,False
28.81818,-1334,-332,0,42,1,1,6,1,100,0,1,0,1,False,False
28.85151,-1334,-332,0,42,1,1,6,1,100,0,1,0,1,False,False
28.8849,-1334,-332,0,42,1,1,6,1,100,0,1,0,1,False,False
28.91842,-1334,-332,0,42,1,1,6,1,100,0,1,0,1,False,False
28.95236,-1334,-332,0,42,1,1,6,1,100,0,1,0,1,False,False
28.98623,-1334,-332,0,42,1,1,6,1,100,0,1,0,1,False,False
29.02024,-1334,-332,0,42,1,1,6,1,100,0,1,0,1,False,False
29.05357,-1334,-332,0,42,1,1,6,1,100,0,1,0,1,False,False
29.0869,-1334,-332,0,42,1,1,6,1,100,0,1,0,1,False,False
29.12024,-1334,-332,0,42,1,1,6,1,100,0,1,0,1,False,False
29.15357,-1334,-332,0,42,1,1,6,1,100,0,1,0,1,False,False
29.18755,-1334,-332,0,42,1,1,6,1,100,0,1,0,1,False,False
29.22088,-1334,-332,0,42,1,1,6,1,100,0,1,0,1,False,False
29.25422,-1334,-332,0,42,1,1,6,1,100,0,1,0,1,False,False
29.28755,-1334,-332,0,42,1,1,6,1,100,0,1,0,1,False,False
29.3212,-1334,-332,0,42,1,1,6,1,100,0,1,0,1,False,False
29.35453,-1334,-332,0,42,1,1,6,1,100,0,1,0,1,False,False
29.38787,-1334,-332,0,42,1,1,6,1,100,0,1,0,1,False,False
29.4214,-1334,-332,0,42,1,1,6,1,100,0,1,0,1,False,False
29.45473,-1334,-332,0,42,1,1,6,1,100,0,1,0,1,False,False
29.48806,-1334,-332,0,42,1,1,6,1,100,0,1,0,1,False,False
29.5217,-1334,-332,0,42,1,1,6,1,100,0,1,0,1,False,False
29.55503,-1334,-332,0,42,1,1,6,1,100,0,1,0,1,False,False
29.58837,-1334,-332,0,42,1,1,6,1,100,0,1,0,1,False,False
29.6217,-1334,-332,0,42,1,1,6,1,100,0,1,0,1,False,False
29.65531,-1334,-332,0,42,1,1,6,1,100,0,1,0,1,False,False
29.68889,-1334,-332,0,42,1,1,6,1,100,0,1,0,1,False,False
29.72227,-1334,-332,0,42,1,1,6,1,100,0,1,0,1,False,False
29.75627,-1334,-332,0,42,1,1,6,1,100,0,1,0,1,False,False
29.78962,-1334,-332,0,42,1,1,6,1,100,0,1,0,1,False,False
29.82295,-1334,-332,0,42,1,1,6,1,100,0,1,0,1,False,False
29.85628,-1334,-332,0,42,1,1,6,1,100,0,1,0,1,False,False
29.88964,-1334,-332,0,42,1,1,6,1,100,0,1,0,1,False,False
29.92298,-1334,-332,0,42,1,1,6,1,100,0,1,0,1,False,False
29.95702,-1334,-332,0,42,1,1,6,1,100,0,1,0,1,False,False
29.99039,-1334,-332,0,42,1,1,6,1,100,0,1,0,1,False,False
30.02373,-1334,-332,0,42,1,1,6,1,100,0,1,0,1,False,False
30.05706,-1334,-332,0,42,1,1,6,1,100,0,1,0,1,False,False
30.09039,-1334,-332,0,42,1,1,6,1,100,0,1,0,1,False,False
30.12407,-1334,-332,0,42,1,1,6,1,100,0,1,0,1,False,False
30.15752,-1334,-332,0,42,1,1,6,1,100,0,1,0,1,False,False
30.19146,-1334,-332,0,42,1,1,6,1,100,0,1,0,1,False,False
30.22479,-1334,-332,0,42,1,1,6,1,100,0,1,0,1,False,False
30.25813,-1334,-332,0,42,1,1,6,1,100,0,1,0,1,False,False
30.29146,-1334,-332,0,42,1,1,6,1,100,0,1,0,1,False,False
30.32479,-1334,-332,0,42,1,1,6,1,100,0,1,0,1,False,False
30.35813,-1334,-332,0,42,1,1,6,1,100,0,1,0,1,False,False
30.39164,-1334,-332,0,42,1,1,6,1,100,0,1,0,1,False,False
30.42497,-1334,-332,0,42,1,1,6,1,100,0,1,0,1,False,False
30.45855,-1334,-332,0,42,1,1,6,1,100,0,1,0,1,False,False
30.49236,-1334,-332,0,42,1,1,6,1,100,0,1,0,1,False,False
30.52611,-1334,-332,0,42,1,1,6,1,100,0,1,0,1,False,False
30.55946,-1334,-332,0,42,1,1,6,1,100,0,1,0,1,False,False
30.59304,-1334,-332,0,42,1,1,6,1,100,0,1,0,1,False,False
30.62637,-1334,-332,0,42,1,1,6,1,100,0,1,0,1,False,False
30.6597,-1334,-332,0,42,1,1,6,1,100,0,1,0,1,False,False
30.69304,-1334,-332,0,42,1,1,6,1,100,0,1,0,1,False,False
30.72637,-1334,-332,0,42,1,1,6,1,100,0,1,0,1,False,False
30.75976,-1334,-332,0,42,1,1,6,1,100,0,1,0,1,False,False
30.79309,-1334,-332,0,42,1,1,6,1,100,0,1,0,1,False,False
30.82642,-1334,-332,0,42,1,1,6,1,100,0,1,0,1,False,False
30.85975,-1334,-332,0,42,1,1,6,1,100,0,1,0,1,False,False
30.89314,-1334,-332,0,42,1,1,6,1,100,0,1,0,1,False,False
