0.02,-920,-784,0,0,0,0,0,0,0,0,0,0,0,False,False
0.04,-920,-796,0,0,0,0,0,0,0,0,0,0,0,False,False
0.073672,-920,-796,0,0,0,0,0,0,0,0,0,0,0,False,False
0.1073078,-920,-796,0,0,0,0,0,0,0,0,0,0,0,False,False
0.1406417,-920,-796,0,0,0,0,0,0,0,0,0,0,0,False,False
0.1739752,-920,-796,0,0,0,0,0,0,0,0,0,0,0,False,False
0.2073083,-920,-796,0,0,0,0,0,0,0,0,0,0,0,False,False
0.240642,-920,-796,0,0,0,0,0,0,0,0,0,0,0,False,False
0.2739786,-920,-796,0,0,0,0,0,0,0,0,0,0,0,False,False
0.3073116,-920,-796,0,0,0,0,0,0,0,0,0,0,0,False,False
0.3406461,-920,-796,0,0,0,0,0,0,0,0,0,0,0,False,False
0.3739798,-920,-796,0,0,0,0,0,0,0,0,0,0,0,False,False
0.4073136,-920,-796,0,0,0,0,0,0,0,0,0,0,0,False,False
0.4406494,-920,-796,0,0,0,0,0,0,0,0,0,0,0,False,False
0.4739829,-920,-796,0,0,0,0,0,0,0,0,0,0,0,False,False
0.5074678,-920,-796,0,0,0,0,0,0,0,0,0,0,0,False,False
0.5413218,-920,-796,0,0,0,0,0,0,0,0,0,0,0,False,False
0.574655,-920,-796,0,0,0,0,0,0,0,0,0,0,0,False,False
0.6080593,-920,-796,0,0,0,0,0,0,0,0,0,0,0,False,False
0.6413926,-920,-796,0,0,0,0,0,0,0,0,0,0,0,False,False
0.6747259,-920,-796,0,0,0,0,0,0,0,0,0,0,0,False,False
0.7080662,-920,-796,0,0,0,0,0,0,0,0,0,0,0,False,False
0.7413999,-920,-796,0,0,0,0,0,0,0,0,0,0,0,False,False
0.7747329,-920,-796,0,0,0,0,0,0,0,0,0,0,0,False,False
0.8080664,-920,-796,0,0,0,0,0,0,0,0,0,0,0,False,False
0.8414,-920,-796,0,0,0,0,0,0,0,0,0,0,0,False,False
0.8750937,-920,-796,0,0,0,0,0,0,0,0,0,0,0,False,False
0.9087565,-920,-796,0,0,0,0,0,0,0,0,0,0,0,False,False
0.9420891,-920,-796,0,0,0,0,0,0,0,0,0,0,0,False,False
0.9754226,-920,-796,0,0,0,0,0,0,0,0,0,0,0,False,False
1.008755,-920,-796,0,0,0,0,0,0,0,0,0,0,0,False,False
1.042811,-920,-796,0,0,0,0,0,0,0,0,0,0,0,False,False
1.076144,-920,-796,0,0,0,0,0,0,0,0,0,0,0,False,False
1.109478,-920,-796,0,0,0,0,0,0,0,0,0,0,0,False,False
1.142865,-920,-796,0,0,0,0,0,0,0,0,0,0,0,False,False
1.176196,-920,-796,0,0,0,0,0,0,0,0,0,0,0,False,False
1.20953,-920,-796,0,0,0,0,0,0,0,0,0,0,0,False,False
1.242863,-920,-796,0,0,0,0,0,0,0,0,0,0,0,False,False
1.276196,-920,-796,0,0,0,0,0,0,0,0,0,0,0,False,False
1.310647,-920,-796,0,0,0,0,0,0,0,0,0,0,0,False,False
1.34398,-920,-796,0,0,0,0,0,0,0,0,0,0,0,False,False
1.377502,-920,-796,0,0,0,0,0,0,0,0,0,0,0,False,False
1.410833,-920,-796,0,0,0,0,0,0,0,0,0,0,0,False,False
1.444166,-920,-796,0,0,0,0,0,0,0,0,0,0,0,False,False
1.4775,-920,-796,0,0,0,0,0,0,0,0,0,0,0,False,False
1.511352,-920,-796,0,0,0,0,0,0,0,0,0,0,0,False,False
1.544686,-920,-796,0,0,0,0,0,0,0,0,0,0,0,False,False
1.578019,-920,-796,0,0,0,0,0,0,0,0,0,0,0,False,False
1.61202,-920,-796,0,0,0,0,0,0,0,0,0,0,0,False,False
1.645353,-920,-796,0,0,0,0,0,0,0,0,0,0,0,False,False
1.678834,-920,-796,0,0,0,0,0,0,0,0,0,0,0,False,False
1.712156,-920,-796,0,0,0,0,0,0,0,0,0,0,0,False,False
1.746129,-920,-796,0,0,0,0,0,0,0,0,0,0,0,False,False
1.779668,-920,-796,0,0,0,0,0,0,0,0,0,0,0,False,False
1.813,-920,-796,0,0,0,0,0,0,0,0,0,0,0,False,False
1.846333,-920,-796,0,0,0,0,0,0,0,0,0,0,0,False,False
1.879753,-920,-796,0,0,0,0,0,0,0,0,0,0,0,False,False
1.913086,-920,-796,0,0,0,0,0,0,0,0,0,0,0,False,False
1.94642,-920,-796,0,0,0,0,0,0,0,0,0,0,0,False,False
1.979754,-920,-796,0,0,0,0,0,0,0,0,0,0,0,False,False
2.013087,-920,-796,0,0,0,0,0,0,0,0,0,0,0,False,False
2.04642,-920,-796,0,0,0,0,0,0,0,0,0,0,0,False,False
2.079928,-920,-796,0,0,0,0,0,0,0,0,0,0,0,False,False
2.113261,-920,-796,0,0,0,0,0,0,0,0,0,0,0,False,False
2.146595,-920,-796,0,0,0,0,0,0,0,0,0,0,0,False,False
2.179929,-920,-796,0,0,0,0,0,0,0,0,0,0,0,False,False
2.213262,-920,-796,0,0,0,0,0,0,0,0,0,0,0,False,False
2.246595,-920,-796,0,0,0,0,0,0,0,0,0,0,0,False,False
2.28063,-920,-796,0,0,0,0,0,0,0,0,0,0,0,False,False
2.313963,-920,-796,0,0,0,0,0,0,0,0,0,0,0,False,False
2.347297,-920,-796,0,0,0,0,0,0,0,0,0,0,0,False,False
2.381282,-920,-796,0,0,0,0,0,0,0,0,0,0,0,False,False
2.414739,-920,-796,0,0,0,0,0,0,0,0,0,0,0,False,False
2.448928,-920,-796,0,0,0,0,0,0,0,0,0,0,0,False,False
2.482261,-920,-796,0,0,0,0,0,0,0,0,0,0,0,False,False
2.515595,-920,-796,0,0,0,0,0,0,0,0,0,0,0,False,False
2.549087,-920,-796,0,0,0,0,0,0,0,0,0,0,0,False,False
2.582421,-920,-796,0,0,0,0,0,0,0,0,0,0,0,False,False
2.615754,-920,-796,0,0,0,0,0,0,0,0,0,0,0,False,False
2.649087,-920,-796,0,0,0,0,0,0,0,0,0,0,0,False,False
2.682421,-920,-796,0,0,0,0,0,0,0,0,0,0,0,False,False
2.715754,-920,-796,0,0,0,0,0,0,0,0,0,0,0,False,False
2.749088,-920,-796,0,0,0,0,0,0,0,0,0,0,0,False,False
2.782622,-920,-796,0,0,0,0,0,0,0,0,0,0,0,False,False
2.815955,-920,-796,0,0,0,0,0,0,0,0,0,0,0,False,False
2.849288,-920,-796,0,0,0,0,0,0,0,0,0,0,0,False,False
2.882622,-920,-796,0,0,0,0,0,0,0,0,0,0,0,False,False
2.915956,-920,-796,0,0,0,0,0,0,0,0,0,0,0,False,False
2.949289,-920,-796,0,0,0,0,0,0,0,0,0,0,0,False,False
2.98263,-920,-796,0,0,0,0,0,0,0,0,0,0,0,False,False
3.015964,-920,-796,0,0,0,0,0,0,0,0,0,0,0,False,False
3.049297,-920,-796,0,0,0,0,0,0,0,0,0,0,0,False,False
3.082631,-920,-796,0,0,0,0,0,0,0,0,0,0,0,False,False
3.115965,-920,-796,0,0,0,0,0,0,0,0,0,0,0,False,False
3.149298,-920,-796,0,0,0,0,0,0,0,0,0,0,0,False,False
3.183319,-920,-796,0,0,0,0,0,0,0,0,0,0,0,False,False
3.216652,-920,-796,0,0,0,0,0,0,0,0,0,0,0,False,False
3.249986,-920,-796,0,0,0,0,0,0,0,0,0,0,0,False,False
3.283319,-920,-796,0,0,0,0,0,0,0,0,0,0,0,False,False
3.316653,-920,-796,0,0,0,0,0,0,0,0,0,0,0,False,False
3.349986,-920,-796,0,0,0,0,0,0,0,0,0,0,0,False,False
3.383319,-920,-796,0,0,0,0,0,0,0,0,0,0,0,False,False
3.416654,-920,-796,0,0,0,0,0,0,0,0,0,0,0,False,False
3.449986,-920,-796,0,0,0,0,0,0,0,0,0,0,0,False,False
3.48332,-920,-796,0,0,0,0,0,0,0,0,0,0,0,False,False
3.516654,-920,-796,0,0,0,0,0,0,0,0,0,0,0,False,False
3.549987,-920,-796,0,0,0,0,0,0,0,0,0,0,0,False,False
3.583321,-920,-796,0,0,0,0,0,0,0,0,0,0,0,False,False
3.617208,-920,-796,0,0,0,0,0,0,0,0,0,0,0,False,False
3.65098,-920,-796,0,0,0,0,0,0,0,0,0,0,0,False,False
3.684314,-920,-796,0,0,0,0,0,0,0,0,0,0,0,False,False
3.717647,-920,-796,0,0,0,0,0,0,0,0,0,0,0,False,False
3.750981,-920,-796,0,0,0,0,0,0,0,0,0,0,0,False,False
3.784314,-920,-796,0,0,0,0,0,0,0,0,0,0,0,False,False
3.818051,-920,-796,0,0,0,0,0,0,0,0,0,0,0,False,False
3.851384,-920,-796,0,0,0,0,0,0,0,0,0,0,0,False,False
3.884933,-920,-796,0,0,0,0,0,0,0,0,0,0,0,False,False
3.918266,-920,-796,0,0,0,0,0,0,0,0,0,0,0,False,False
3.951599,-920,-796,0,0,0,0,0,0,0,0,0,0,0,False,False
3.984933,-920,-796,0,0,0,0,0,0,0,0,0,0,0,False,False
4.018267,-920,-796,0,0,0,0,0,0,0,0,0,0,0,False,False
4.0516,-920,-796,0,0,0,0,0,0,0,0,0,0,0,False,False
4.085417,-920,-796,0,0,0,0,0,0,0,0,0,0,0,False,False
4.118752,-920,-796,0,0,0,0,0,0,0,0,0,0,0,False,False
4.152084,-920,-796,0,0,0,0,0,0,0,0,0,0,0,False,False
4.185827,-920,-796,0,0,0,0,0,0,0,0,0,0,0,False,False
4.21916,-920,-796,0,0,0,0,0,0,0,0,0,0,0,False,False
4.252658,-920,-796,0,0,0,0,0,0,0,0,0,0,0,False,False
4.285992,-920,-796,0,0,0,0,0,0,0,0,0,0,0,False,False
4.319325,-920,-796,0,0,0,0,0,0,0,0,0,0,0,False,False
4.352659,-920,-796,0,0,0,0,0,0,0,0,0,0,0,False,False
4.386147,-920,-796,0,0,0,0,0,0,0,0,0,0,0,False,False
4.419702,-920,-796,0,0,0,0,0,0,0,0,0,0,0,False,False
4.453036,-920,-796,0,0,0,0,0,0,0,0,0,0,0,False,False
4.486369,-920,-796,0,0,0,0,0,0,0,0,0,0,0,False,False
4.519703,-920,-796,0,0,0,0,0,0,0,0,0,0,0,False,False
4.553469,-920,-796,0,0,0,0,0,0,0,0,0,0,0,False,False
4.586801,-920,-796,0,0,0,0,0,0,0,0,0,0,0,False,False
4.620134,-920,-796,0,0,0,0,0,0,0,0,0,0,0,False,False
4.653468,-920,-796,0,0,0,0,0,0,0,0,0,0,0,False,False
4.686801,-920,-796,0,0,0,0,0,0,0,0,0,0,0,False,False
4.720329,-920,-796,0,0,0,0,0,0,0,0,0,0,0,False,False
4.753848,-920,-796,0,0,0,0,0,0,0,0,0,0,0,False,False
4.787559,-920,-796,0,0,0,0,0,0,0,0,0,0,0,False,False
4.82089,-920,-796,0,0,0,0,0,0,0,0,0,0,0,False,False
4.854224,-920,-796,0,1,0,0,0,0,0,0,0,0,0,False,False
4.887558,-920,-796,0,1,0,0,0,0,0,0,0,0,0,False,False
4.920891,-920,-796,0,1,0,0,0,0,0,0,0,0,0,False,False
4.954485,-920,-796,0,1,0,0,0,0,0,0,0,0,0,False,False
4.987819,-920,-796,0,1,0,0,0,0,0,0,0,0,0,False,False
5.021152,-920,-796,0,1,0,0,0,0,0,0,0,0,0,False,False
5.054978,-920,-796,0,1,0,0,0,0,0,0,0,0,0,False,False
5.088311,-920,-796,0,1,0,0,0,0,0,0,0,0,0,False,False
5.121645,-920,-796,0,1,0,0,0,0,0,0,0,0,0,False,False
5.154979,-920,-796,0,1,0,0,0,0,0,0,0,0,0,False,False
5.188384,-920,-796,0,1,0,0,0,0,0,0,0,0,0,False,False
5.221717,-920,-796,0,1,0,0,0,0,0,0,0,0,0,False,False
5.255051,-920,-796,0,1,0,0,0,0,0,0,0,0,0,False,False
5.288465,-920,-796,0,1,0,0,0,0,0,0,0,0,0,False,False
5.322502,-920,-796,0,1,0,0,0,0,0,0,0,0,0,False,False
5.355835,-920,-796,0,1,0,0,0,0,0,0,0,0,0,False,False
5.389169,-920,-796,0,1,0,0,0,0,0,0,0,0,0,False,False
5.422503,-920,-796,0,1,0,0,0,0,0,0,0,0,0,False,False
5.455836,-920,-796,0,1,0,0,0,0,0,0,0,0,0,False,False
5.48963,-920,-796,0,1,0,0,0,0,0,0,0,0,0,False,False
5.522962,-920,-796,0,1,0,0,0,0,0,0,0,0,0,False,False
5.556363,-920,-796,0,1,0,0,0,0,0,0,0,0,0,False,False
5.589696,-920,-796,0,1,0,0,0,0,0,0,0,0,0,False,False
5.62303,-920,-796,0,1,0,0,0,0,0,0,0,0,0,False,False
5.656363,-920,-796,0,1,0,0,0,0,0,0,0,0,0,False,False
5.689697,-920,-796,0,1,0,0,0,0,0,0,0,0,0,False,False
5.723031,-920,-796,0,1,0,0,0,0,0,0,0,0,0,False,False
5.756364,-920,-796,0,1,0,0,0,0,0,0,0,0,0,False,False
5.789698,-920,-796,0,1,0,0,0,0,0,0,0,0,0,False,False
5.823033,-920,-796,0,1,0,0,0,0,0,0,0,0,0,False,False
5.856741,-920,-796,0,1,0,0,0,0,0,0,0,0,0,False,False
5.890075,-920,-796,0,1,0,0,0,0,0,0,0,0,0,False,False
5.924098,-920,-796,0,1,0,0,0,0,0,0,0,0,0,False,False
5.957436,-920,-796,0,1,0,0,0,0,0,0,0,0,0,False,False
5.990769,-920,-796,0,49,0,0,0,0,0,0,1,0,0,False,False
6.024226,-920,-796,0,49,0,0,0,0,0,0,1,0,0,False,False
6.057559,-920,-796,0,49,0,0,0,0,0,0,1,0,0,False,False
6.09092,-920,-796,0,49,0,0,0,0,0,0,1,0,0,False,False
6.124253,-920,-796,0,49,0,0,0,0,0,0,1,0,0,False,False
6.157797,-920,-796,0,49,0,0,0,0,0,0,1,0,0,False,False
6.191192,-920,-796,0,49,0,0,0,0,0,0,1,0,0,False,False
6.22454,-920,-796,0,49,0,0,0,0,0,0,1,0,0,False,False
6.257874,-920,-796,0,49,0,0,0,0,0,0,1,0,0,False,False
6.291636,-920,-796,0,49,0,0,0,0,0,0,1,0,0,False,False
6.325421,-920,-796,0,49,0,0,0,0,0,0,1,0,0,False,False
6.358756,-920,-796,0,49,0,0,0,0,0,0,1,0,0,False,False
6.392089,-920,-796,0,49,0,0,0,0,0,0,1,0,0,False,False
6.425705,-920,-796,0,49,0,0,0,0,0,0,1,0,0,False,False
6.459038,-920,-796,0,49,0,0,0,0,0,0,1,0,0,False,False
6.492372,-920,-796,0,49,0,0,0,0,0,0,1,0,0,False,False
6.525705,-920,-796,0,49,0,0,0,0,0,0,1,0,0,False,False
6.559039,-920,-796,0,49,0,0,0,0,0,0,1,0,0,False,False
6.592372,-920,-796,0,49,0,0,0,0,0,0,1,0,0,False,False
6.625706,-920,-796,0,49,0,0,0,0,0,0,1,0,0,False,False
6.659039,-920,-796,0,49,0,0,0,0,0,0,1,0,0,False,False
6.692373,-920,-796,0,49,0,0,0,0,0,0,1,0,0,False,False
6.725707,-920,-796,0,49,0,0,0,0,0,0,1,0,0,False,False
6.759079,-920,-796,0,49,0,0,0,0,0,0,1,0,0,False,False
6.792412,-920,-796,0,49,0,0,0,0,0,0,1,0,0,False,False
6.825746,-920,-796,0,49,0,0,0,0,0,0,1,0,0,False,False
6.859079,-920,-796,0,49,0,0,0,0,0,0,1,0,0,False,False
6.892413,-920,-796,0,49,0,0,0,0,0,0,1,0,0,False,False
6.926213,-920,-796,0,49,0,0,0,0,0,0,1,0,0,False,False
6.959546,-920,-796,0,49,0,0,0,0,0,0,1,0,0,False,False
6.992879,-920,-796,0,49,0,0,0,0,0,0,1,0,0,False,False
7.026213,-920,-796,0,49,0,0,0,0,0,0,1,0,0,False,False
7.059547,-920,-796,0,49,0,0,0,0,0,0,1,0,0,False,False
7.09288,-920,-796,0,49,0,0,0,0,0,0,1,0,0,False,False
7.126555,-920,-796,0,49,0,0,0,0,0,0,1,0,0,False,False
7.159888,-920,-796,0,49,0,0,0,0,0,0,1,0,0,False,False
7.193222,-920,-796,0,49,0,0,0,0,0,0,1,0,0,False,False
7.226737,-920,-796,0,49,0,0,0,0,0,0,1,0,0,False,False
7.260223,-920,-796,0,49,0,0,0,0,0,0,1,0,0,False,False
7.293557,-920,-796,0,49,0,0,0,0,0,0,1,0,0,False,False
7.32689,-920,-796,0,49,0,0,0,0,0,0,1,0,0,False,False
7.360224,-920,-796,0,49,0,0,0,0,0,0,1,0,0,False,False
7.393557,-920,-796,0,49,0,0,0,0,0,0,1,0,0,False,False
7.426942,-920,-796,0,49,0,0,0,0,0,0,1,0,0,False,False
7.460275,-920,-796,0,49,0,0,0,0,0,0,1,0,0,False,False
7.493608,-920,-796,0,49,0,0,0,0,0,0,1,0,0,False,False
7.526942,-920,-796,0,49,0,0,0,0,0,0,1,0,0,False,False
7.560276,-920,-796,0,49,0,0,0,0,0,0,1,0,0,False,False
7.593609,-920,-796,0,49,0,0,0,0,0,0,1,0,0,False,False
7.626943,-920,-796,0,49,0,0,0,0,0,0,1,0,0,False,False
7.660276,-920,-796,0,49,0,0,0,0,0,0,1,0,0,False,False
7.693624,-882,-799,0,49,0,0,0,0,0,0,1,0,0,False,False
7.726957,-854,-800,0,49,0,0,0,0,0,0,1,0,0,False,False
7.760291,-846,-803,0,49,0,0,0,0,0,0,1,0,0,False,False
7.793624,-846,-803,0,49,0,0,0,0,0,0,1,0,0,False,False
7.826958,-846,-803,0,49,0,0,0,0,0,0,1,0,0,False,False
7.860292,-846,-803,0,49,0,0,0,0,0,0,1,0,0,False,False
7.893625,-846,-803,0,49,0,0,0,0,0,0,1,0,0,False,False
7.926959,-846,-803,0,49,0,0,0,0,0,0,1,0,0,False,False
7.960292,-846,-803,0,49,0,0,0,0,0,0,1,0,0,False,False
7.993626,-846,-803,0,49,0,0,0,0,0,0,1,0,0,False,False
8.026959,-846,-803,0,49,0,0,0,0,0,0,1,0,0,False,False
8.060293,-846,-803,0,49,0,0,0,0,0,0,1,0,0,False,False
8.093626,-846,-803,0,49,0,0,0,0,0,0,1,0,0,False,False
8.12696,-889,-760,0,49,0,0,0,0,0,0,1,0,0,False,False
8.160294,-1075,-659,0,49,0,0,0,0,0,0,1,0,0,False,False
8.193627,-1150,-638,0,49,0,0,0,0,0,0,1,0,0,False,False
8.22696,-1167,-636,0,49,0,0,0,0,0,0,1,0,0,False,False
8.260294,-1172,-634,0,49,0,0,0,0,0,0,1,0,0,False,False
8.293951,-1166,-632,0,49,0,0,0,0,0,0,1,0,0,False,False
8.327284,-1123,-626,0,49,0,0,0,0,0,0,1,0,0,False,False
8.360618,-1104,-620,0,49,0,0,0,0,0,0,1,0,0,False,False
8.393951,-1104,-620,0,49,0,0,0,0,0,0,1,0,0,False,False
8.428123,-1104,-620,0,49,0,0,0,0,0,0,1,0,0,False,False
8.461711,-1104,-620,0,49,0,0,0,0,0,0,1,0,0,False,False
8.495764,-1104,-620,0,49,0,0,0,0,0,0,1,0,0,False,False
8.529261,-1104,-620,0,49,0,0,0,0,0,0,1,0,0,False,False
8.562989,-1104,-620,0,49,0,0,0,0,0,0,1,0,0,False,False
8.596513,-1104,-620,0,49,0,0,0,0,0,0,1,0,0,False,False
8.629847,-1104,-620,0,49,0,0,0,0,0,0,1,0,0,False,False
8.663179,-1104,-620,0,49,0,0,0,0,0,0,1,0,0,False,False
8.696514,-1104,-620,0,49,0,0,0,0,0,0,1,0,0,False,False
8.730409,-1104,-620,0,49,0,0,0,0,0,0,1,0,0,False,False
8.763742,-1104,-620,0,49,0,0,0,0,0,0,1,0,0,False,False
8.797076,-1104,-620,0,49,0,0,0,0,0,0,1,0,0,False,False
8.830419,-1104,-620,0,49,0,0,0,0,0,0,1,0,0,False,False
8.864723,-1104,-622,0,49,0,0,0,0,0,0,1,0,0,False,False
8.898058,-1103,-619,0,49,0,0,0,0,0,0,1,0,0,False,False
8.931787,-1100,-607,0,49,0,0,0,0,0,0,1,0,0,False,False
8.965121,-1099,-602,0,49,0,0,0,0,0,0,1,0,0,False,False
8.998455,-1099,-602,0,49,0,0,0,0,0,0,1,0,0,False,False
9.031788,-1099,-602,0,49,0,0,0,0,0,0,1,0,0,False,False
9.065122,-1099,-602,0,49,0,0,0,0,0,0,1,0,0,False,False
9.098454,-1099,-602,0,49,0,0,0,0,0,0,1,0,0,False,False
9.131788,-1099,-602,0,49,0,0,0,0,0,0,1,0,0,False,False
9.165273,-1099,-602,0,49,0,0,0,0,0,0,1,0,0,False,False
9.198606,-1099,-602,0,49,0,0,0,0,0,0,1,0,0,False,False
9.231939,-1099,-602,0,49,0,0,0,0,0,0,1,0,0,False,False
9.265272,-1099,-602,0,49,0,0,0,0,0,0,1,0,0,False,False
9.298606,-1099,-602,0,49,0,0,0,0,0,0,1,0,0,False,False
9.33194,-1099,-602,0,49,0,0,0,0,0,0,1,0,0,False,False
9.365968,-1099,-602,0,49,0,0,0,0,0,0,1,0,0,False,False
9.399302,-1099,-602,0,49,0,0,0,0,0,0,1,0,0,False,False
9.432634,-1099,-602,0,49,0,0,0,0,0,0,1,0,0,False,False
9.46612,-1099,-602,0,49,0,0,0,0,0,0,1,0,0,False,False
9.499453,-1099,-602,0,49,0,0,0,0,0,0,1,0,0,False,False
9.533876,-1099,-602,0,49,0,0,0,0,0,0,1,0,0,False,False
9.567522,-1099,-602,0,49,0,0,0,0,0,0,1,0,0,False,False
9.600972,-1099,-602,0,49,0,0,0,0,0,0,1,0,0,False,False
9.634306,-1099,-602,0,49,0,0,0,0,0,0,1,0,0,False,False
9.667717,-1099,-602,0,49,0,0,0,0,0,0,1,0,0,False,False
9.701076,-1099,-602,0,49,0,0,0,0,0,0,1,0,0,False,False
9.734409,-1099,-602,0,49,0,0,0,0,0,0,1,0,0,False,False
9.767743,-1099,-602,0,49,0,0,0,0,0,0,1,0,0,False,False
9.801077,-1099,-602,0,49,0,0,0,0,0,0,1,0,0,False,False
9.834411,-1099,-602,0,49,0,0,0,0,0,0,1,0,0,False,False
9.867743,-1099,-602,0,49,0,0,0,0,0,0,1,0,0,False,False
9.901077,-1098,-597,0,49,0,0,0,0,0,0,1,0,0,False,False
9.93441,-1098,-592,0,49,0,0,0,0,0,0,1,0,0,False,False
9.967744,-1098,-592,0,49,0,0,0,0,0,0,1,0,0,False,False
10.00108,-1096,-592,0,49,0,0,0,0,0,0,1,0,0,False,False
10.0345,-1095,-592,0,49,0,0,0,0,0,0,1,0,0,False,False
10.06784,-1095,-592,0,49,0,0,0,0,0,0,1,0,0,False,False
10.10117,-1095,-592,0,49,0,0,0,0,0,0,1,0,0,False,False
10.1345,-1095,-592,0,49,0,0,0,0,0,0,1,0,0,False,False
10.16809,-1095,-592,0,49,0,0,0,0,0,0,1,0,0,False,False
10.20179,-1095,-592,0,49,0,0,0,0,0,0,1,0,0,False,False
10.23512,-1095,-592,0,49,0,0,0,0,0,0,1,0,0,False,False
10.26845,-1095,-592,0,49,0,0,0,0,0,0,1,0,0,False,False
10.30179,-1095,-592,0,49,0,0,0,0,0,0,1,0,0,False,False
10.33512,-1095,-592,0,49,0,0,0,0,0,0,1,0,0,False,False
10.36845,-1095,-592,0,49,0,0,0,0,0,0,1,0,0,False,False
10.40183,-1095,-592,0,49,0,0,0,0,0,0,1,0,0,False,False
10.43573,-1095,-592,0,49,0,0,0,0,0,0,1,0,0,False,False
10.46921,-1095,-592,0,49,0,0,0,0,0,0,1,0,0,False,False
10.50255,-1095,-592,0,49,0,0,0,0,0,0,1,0,0,False,False
10.53607,-1095,-592,0,49,0,0,0,0,0,0,1,0,0,False,False
10.56941,-1095,-592,0,49,0,0,0,0,0,0,1,0,0,False,False
10.60275,-1095,-592,0,49,0,0,0,0,0,0,1,0,0,False,False
10.63632,-1095,-592,0,49,0,0,0,0,0,0,1,0,0,False,False
10.66965,-1095,-592,0,49,0,0,0,0,0,0,1,0,0,False,False
10.70298,-1095,-592,0,49,0,0,0,0,0,0,1,0,0,False,False
10.73632,-1095,-592,0,49,0,0,0,0,0,0,1,0,0,False,False
10.76965,-1095,-592,0,49,0,0,0,0,0,0,1,0,0,False,False
10.80302,-1095,-592,0,49,0,0,0,0,0,0,1,0,0,False,False
10.83643,-1095,-592,0,49,0,0,0,0,0,0,1,0,0,False,False
10.86976,-1095,-592,0,49,0,0,0,0,0,0,1,0,0,False,False
10.9031,-1105,-588,0,49,0,0,0,0,0,0,1,0,0,False,False
10.93643,-1113,-586,0,49,0,0,0,0,0,0,1,0,0,False,False
10.96976,-1119,-582,0,49,0,0,0,0,0,0,1,0,0,False,False
11.0031,-1127,-580,0,49,0,0,0,0,0,0,1,0,0,False,False
11.03724,-1135,-576,0,49,0,0,0,0,0,0,1,0,0,False,False
11.07057,-1139,-570,0,49,0,0,0,0,0,0,1,0,0,False,False
11.10399,-1141,-563,0,49,0,0,0,0,0,0,1,0,0,False,False
11.13775,-1144,-556,0,49,0,0,0,0,0,0,1,0,0,False,False
11.17149,-1146,-551,0,49,0,0,0,0,0,0,1,0,0,False,False
11.20485,-1148,-547,0,49,0,0,0,0,0,0,1,0,0,False,False
11.23818,-1149,-542,0,49,0,0,0,0,0,0,1,0,0,False,False
11.27152,-1155,-528,0,49,0,0,0,0,0,0,1,0,0,False,False
11.30509,-1163,-515,0,49,0,0,0,0,0,0,1,0,0,False,False
11.33842,-1169,-502,0,49,0,0,0,0,0,0,1,0,0,False,False
11.37187,-1175,-488,0,49,0,0,0,0,0,0,1,0,0,False,False
11.4052,-1181,-473,0,49,0,0,0,0,0,0,1,0,0,False,False
11.43863,-1184,-463,0,49,0,0,0,0,0,0,1,0,0,False,False
11.47247,-1187,-456,0,49,0,0,0,0,0,0,1,0,0,False,False
11.50581,-1190,-452,0,49,0,0,0,0,0,0,1,0,0,False,False
11.53914,-1191,-450,0,49,0,0,0,0,0,0,1,0,0,False,False
11.57323,-1192,-448,0,49,0,0,0,0,0,0,1,0,0,False,False
11.60657,-1193,-445,0,49,0,0,0,0,0,0,1,0,0,False,False
11.6399,-1193,-445,0,49,0,0,0,0,0,0,1,0,0,False,False
11.67346,-1194,-438,0,49,0,0,0,0,0,0,1,0,0,False,False
11.70721,-1196,-431,0,49,0,0,0,0,0,0,1,0,0,False,False
11.74058,-1196,-426,0,49,0,0,0,0,0,0,1,0,0,False,False
11.77447,-1197,-421,0,49,0,0,0,0,0,0,1,0,0,False,False
11.80798,-1197,-418,0,49,0,0,0,0,0,0,1,0,0,False,False
11.84131,-1196,-412,0,49,0,0,0,0,0,0,1,0,0,False,False
11.87465,-1196,-408,0,49,0,0,0,0,0,0,1,0,0,False,False
11.90826,-1195,-404,0,49,0,0,0,0,0,0,1,0,0,False,False
11.94186,-1194,-401,0,49,0,0,0,0,0,0,1,0,0,False,False
11.97579,-1194,-400,0,49,0,0,0,0,0,0,1,0,0,False,False
12.00913,-1193,-398,0,49,0,0,0,0,0,0,1,0,0,False,False
12.04259,-1193,-396,0,49,0,0,0,0,0,0,1,0,0,False,False
12.07604,-1193,-396,0,49,0,0,0,0,0,0,1,0,0,False,False
12.10937,-1193,-396,0,49,0,0,0,0,0,0,1,0,0,False,False
12.14333,-1193,-400,0,49,0,0,0,0,0,0,1,0,0,False,False
12.17666,-1180,-401,0,49,0,0,0,0,0,0,1,0,0,False,False
12.21013,-1180,-401,0,49,0,0,0,0,0,0,1,0,0,False,False
12.24346,-1180,-401,0,49,0,0,0,0,0,0,1,0,0,False,False
12.27727,-1180,-401,0,49,0,0,0,0,0,0,1,0,0,False,False
12.31063,-1180,-401,0,49,0,0,0,0,0,0,1,0,0,False,False
12.34408,-1180,-401,0,49,0,0,0,0,0,0,1,0,0,False,False
12.37749,-1180,-401,0,49,0,0,0,0,0,0,1,0,0,False,False
12.41082,-1180,-401,0,49,0,0,0,0,0,0,1,0,0,False,False
12.44416,-1180,-401,0,49,0,0,0,0,0,0,1,0,0,False,False
12.47749,-1180,-401,0,49,0,0,0,0,0,0,1,0,0,False,False
12.51082,-1180,-396,0,49,0,0,0,0,0,0,1,0,0,False,False
12.54417,-1183,-371,0,49,0,0,0,0,0,0,1,0,0,False,False
12.57794,-1185,-346,0,49,0,0,0,0,0,0,1,0,0,False,False
12.61127,-1183,-318,0,49,0,0,0,0,0,0,1,0,0,False,False
12.64463,-1174,-303,0,49,0,0,0,0,0,0,1,0,0,False,False
12.67796,-1167,-293,0,49,0,0,0,0,0,0,1,0,0,False,False
12.7113,-1156,-279,0,49,0,0,0,0,0,0,1,0,0,False,False
12.74463,-1147,-264,0,49,0,0,0,0,0,0,1,0,0,False,False
12.77812,-1146,-263,0,49,0,0,0,0,0,0,1,0,0,False,False
12.81145,-1146,-263,0,49,0,0,0,0,0,0,1,0,0,False,False
12.84479,-1145,-263,0,49,0,0,0,0,0,0,1,0,0,False,False
12.87812,-1123,-260,0,49,0,0,0,0,0,0,1,0,0,False,False
12.91145,-1090,-259,0,49,0,0,0,0,0,0,1,0,0,False,False
12.94479,-1061,-258,0,49,0,0,0,0,0,0,1,0,0,False,False
12.97812,-1039,-254,0,49,0,0,0,0,0,0,1,0,0,False,False
13.01204,-1024,-251,0,49,0,0,0,0,0,0,1,0,0,False,False
13.04546,-1013,-247,0,49,0,0,0,0,0,0,1,0,0,False,False
13.07879,-1013,-247,0,49,0,0,0,0,0,0,1,0,0,False,False
13.11213,-1013,-245,0,49,0,0,0,0,0,0,1,0,0,False,False
13.14547,-1020,-244,0,49,0,0,0,0,0,0,1,0,0,False,False
13.1788,-1031,-242,0,49,0,0,0,0,0,0,1,0,0,False,False
13.21214,-1046,-241,0,49,0,0,0,0,0,0,1,0,0,False,False
13.24547,-1058,-241,0,49,0,0,0,0,0,0,1,0,0,False,False
13.2788,-1071,-241,0,49,0,0,0,0,0,0,1,0,0,False,False
13.31214,-1074,-242,0,49,0,0,0,0,0,0,1,0,0,False,False
13.34552,-1077,-243,0,49,0,0,0,0,0,0,1,0,0,False,False
13.37886,-1078,-243,0,49,0,0,0,0,0,0,1,0,0,False,False
13.41219,-1079,-243,0,49,0,0,0,0,0,0,1,0,0,False,False
13.44552,-1080,-243,0,49,0,0,0,0,0,0,1,0,0,False,False
13.47886,-1080,-243,0,49,0,0,0,0,0,0,1,0,0,False,False
13.51219,-1080,-244,0,49,0,0,0,0,0,0,1,0,0,False,False
13.54553,-1080,-244,0,49,0,0,0,0,0,0,1,0,0,False,False
13.57909,-1080,-244,0,49,0,0,0,0,0,0,1,0,0,False,False
13.61242,-1080,-244,0,49,0,0,0,0,0,0,1,0,0,False,False
13.64612,-1080,-244,0,49,0,0,0,0,0,0,1,0,0,False,False
13.67945,-1080,-244,0,49,0,0,0,0,0,0,1,0,0,False,False
13.71278,-1080,-244,0,49,0,0,0,0,0,0,1,0,0,False,False
13.74612,-1080,-244,0,49,0,0,0,0,0,0,1,0,0,False,False
13.77945,-1080,-244,0,49,0,0,0,0,0,0,1,0,0,False,False
13.81278,-1080,-244,0,49,0,0,0,0,0,0,1,0,0,False,False
13.84618,-1080,-244,0,49,0,0,0,0,0,0,1,0,0,False,False
13.87951,-1080,-244,0,49,0,0,0,0,0,0,1,0,0,False,False
13.91285,-1080,-244,0,49,0,0,0,0,0,0,1,0,0,False,False
13.94658,-1080,-244,0,49,0,0,0,0,0,0,1,0,0,False,False
13.97991,-1080,-244,0,49,0,0,0,0,0,0,1,0,0,False,False
14.01325,-1080,-244,0,49,0,0,0,0,0,0,1,0,0,False,False
14.0473,-1080,-244,0,49,0,0,0,0,0,0,1,0,0,False,False
14.08063,-1080,-244,0,49,0,0,0,0,0,0,1,0,0,False,False
14.11397,-1080,-244,0,49,0,0,0,0,0,0,1,0,0,False,False
14.14731,-1080,-244,0,49,0,0,0,0,0,0,1,0,0,False,False
14.18064,-1080,-244,0,49,0,0,0,0,0,0,1,0,0,False,False
14.21397,-1080,-244,0,49,0,0,0,0,0,0,1,0,0,False,False
14.24731,-1080,-244,0,49,0,0,0,0,0,0,1,0,0,False,False
14.28075,-1080,-244,0,49,0,0,0,0,0,0,1,0,0,False,False
14.31408,-1080,-244,0,49,0,0,0,0,0,0,1,0,0,False,False
14.34741,-1080,-244,0,49,0,0,0,0,0,0,1,0,0,False,False
14.38075,-1052,-245,0,49,0,0,0,0,0,0,1,0,0,False,False
14.41408,-1049,-245,0,49,0,0,0,0,0,0,1,0,0,False,False
14.44742,-1049,-245,0,49,0,0,0,0,0,0,1,0,0,False,False
14.48075,-1049,-245,0,49,0,0,0,0,0,0,1,0,0,False,False
14.51427,-1049,-245,0,49,0,0,0,0,0,0,1,0,0,False,False
14.54797,-1049,-245,0,49,0,0,0,0,0,0,1,0,0,False,False
14.5813,-1049,-245,0,49,0,0,0,0,0,0,1,0,0,False,False
14.61464,-1049,-245,0,49,0,0,0,0,0,0,1,0,0,False,False
14.64804,-1049,-247,0,49,0,0,0,0,0,0,1,0,0,False,False
14.68137,-1049,-247,0,49,0,0,0,0,0,0,1,0,0,False,False
14.7147,-1049,-247,0,49,0,0,0,0,0,0,1,0,0,False,False
14.74809,-1049,-247,0,49,0,0,0,0,0,0,1,0,0,False,False
14.78211,-1049,-247,0,49,0,0,0,0,0,0,1,0,0,False,False
14.81544,-1049,-247,0,49,0,0,0,0,0,0,1,0,0,False,False
14.84878,-1049,-247,0,49,0,0,0,0,0,0,1,0,0,False,False
14.88211,-1049,-247,0,49,0,0,0,0,0,0,1,0,0,False,False
14.91544,-1049,-247,0,49,0,0,0,0,0,0,1,0,0,False,False
14.94878,-1049,-247,0,49,0,0,0,0,0,0,1,0,0,False,False
14.98212,-1049,-247,0,49,0,0,0,0,0,0,1,0,0,False,False
15.01545,-1049,-247,0,49,0,0,0,0,0,0,1,0,0,False,False
15.04886,-1049,-247,0,49,0,0,0,0,0,0,1,0,0,False,False
15.0822,-1049,-247,0,49,0,0,0,0,0,0,1,0,0,False,False
15.11553,-1049,-247,0,49,0,0,0,0,0,0,1,0,0,False,False
15.14886,-1049,-247,0,49,0,0,0,0,0,0,1,0,0,False,False
15.1822,-1049,-247,0,49,0,0,0,0,0,0,1,0,0,False,False
15.21553,-1049,-247,0,49,0,0,0,0,0,0,1,0,0,False,False
15.24945,-1049,-247,0,49,0,0,0,0,0,0,1,0,0,False,False
15.28332,-1047,-247,0,49,0,0,0,0,0,0,1,0,0,True,False
15.31666,-1047,-247,0,49,0,0,0,0,0,0,1,0,0,True,False
15.35014,-1047,-247,0,49,0,0,0,0,0,0,1,0,0,True,False
15.38361,-1047,-247,0,49,0,0,0,0,0,0,1,0,0,False,False
15.41694,-1047,-247,0,49,0,0,0,0,0,0,1,0,0,False,False
15.45027,-1047,-247,0,49,0,0,0,0,0,0,1,0,0,False,False
15.48417,-1047,-247,0,49,0,0,0,0,0,0,1,0,0,False,False
15.5175,-1047,-247,0,49,0,0,0,0,0,0,1,0,0,False,False
15.55083,-1047,-247,0,49,0,0,0,0,0,0,1,0,0,False,False
15.58417,-1047,-247,0,49,0,0,0,0,0,0,1,0,0,False,False
15.6175,-1047,-247,0,49,0,0,0,0,0,0,1,0,0,False,False
15.65084,-1047,-247,0,49,0,0,0,0,0,0,1,0,0,False,False
15.68432,-1052,-255,0,49,0,0,0,0,0,0,1,0,0,False,False
15.71766,-1061,-266,0,49,0,0,0,0,0,0,1,0,0,False,False
15.75099,-1061,-266,0,49,0,0,0,0,0,0,1,0,0,False,False
15.78432,-1059,-261,0,49,0,0,0,0,0,0,1,0,0,False,False
15.81766,-1057,-254,0,49,0,0,0,0,0,0,1,0,0,False,False
15.851,-1057,-253,0,49,0,0,0,0,0,0,1,0,0,False,False
15.88433,-1057,-253,0,49,0,0,0,0,0,0,1,0,0,False,False
15.91766,-1057,-252,0,49,0,0,0,0,0,0,1,0,0,False,False
15.95105,-1060,-247,0,49,0,0,0,0,0,0,1,0,0,False,False
15.98458,-1061,-246,0,49,0,0,0,0,0,0,1,0,0,False,False
16.01791,-1062,-245,0,49,0,0,0,0,0,0,1,0,0,False,False
16.05137,-1062,-245,0,49,0,0,0,0,0,0,1,0,0,False,False
16.08485,-1062,-245,0,49,0,0,0,0,0,0,1,0,0,False,False
16.11819,-1062,-245,0,49,0,0,0,0,0,0,1,0,0,False,False
16.15181,-1062,-245,0,49,0,0,0,0,0,0,1,0,0,False,False
16.18515,-1062,-245,0,49,0,0,0,0,0,0,1,0,0,False,False
16.21869,-1062,-245,0,49,0,0,0,0,0,0,1,0,0,False,False
16.25202,-1062,-245,0,49,0,0,0,0,0,0,1,0,0,False,False
16.28535,-1062,-247,0,49,0,0,0,0,0,0,1,0,0,False,False
16.3188,-1062,-247,0,49,0,0,0,0,0,0,1,0,0,False,False
16.35215,-1062,-247,0,49,0,0,0,0,0,0,1,0,0,False,False
16.38548,-1062,-249,0,49,0,0,0,0,0,0,1,0,0,False,False
16.41882,-1062,-250,0,49,0,0,0,0,0,0,1,0,0,False,False
16.45215,-1062,-251,0,49,0,0,0,0,0,0,1,0,0,False,False
16.48549,-1062,-251,0,49,0,0,0,0,0,0,1,0,0,False,False
16.51882,-1062,-251,0,49,0,0,0,0,0,0,1,0,0,False,False
16.5522,-1062,-251,0,49,0,0,0,0,0,0,1,0,0,False,False
16.58554,-1062,-252,0,49,0,0,0,0,0,0,1,0,0,False,False
16.61887,-1062,-252,0,49,0,0,0,0,0,0,1,0,0,False,False
16.6522,-1062,-252,0,49,0,0,0,0,0,0,1,0,0,False,False
16.68554,-1062,-252,0,49,0,0,0,0,0,0,1,0,0,False,False
16.71887,-1062,-252,0,49,0,0,0,0,0,0,1,0,0,False,False
16.7522,-1057,-252,0,49,0,0,0,0,0,0,1,0,0,False,False
16.78554,-1057,-252,0,49,0,0,0,0,0,0,1,0,0,False,False
16.81887,-1057,-252,0,49,0,0,0,0,0,0,1,0,0,False,False
16.85221,-1057,-252,0,49,0,0,0,0,0,0,1,0,0,False,False
16.88554,-1057,-252,0,49,0,0,0,0,0,0,1,0,0,False,False
16.91887,-1057,-252,0,49,0,0,0,0,0,0,1,0,0,False,False
16.95221,-1057,-252,0,49,0,0,0,0,0,0,1,0,0,False,False
16.98554,-1057,-252,0,49,0,0,0,0,0,0,1,0,0,False,False
17.01887,-1057,-252,0,49,0,0,0,0,0,0,1,0,0,False,False
17.05221,-1057,-252,0,49,0,0,0,0,0,0,1,0,0,True,False
17.08554,-1057,-252,0,49,0,0,0,0,0,0,1,0,0,True,False
17.11887,-1057,-252,0,49,0,0,0,0,0,0,1,0,0,True,False
17.15224,-1057,-252,0,49,0,0,21,0,0,0,1,0,0,False,False
17.20202,-1057,-252,0,49,0,0,21,0,0,0,1,0,0,False,False
17.23536,-1057,-252,0,49,0,0,21,0,0,0,1,0,0,False,False
17.26869,-1057,-252,0,49,0,0,21,0,0,0,1,0,0,False,False
17.30219,-1057,-252,0,49,0,0,21,0,0,0,1,0,0,False,False
17.33552,-1057,-252,0,49,0,0,21,0,0,0,1,0,0,False,False
17.36885,-1057,-252,0,49,0,0,21,0,0,0,1,0,0,False,False
17.40224,-1057,-252,0,49,0,0,21,0,0,0,1,0,0,False,False
17.43557,-1057,-252,0,49,0,0,21,0,0,0,1,0,0,False,False
17.46908,-1057,-268,0,49,0,0,21,0,0,0,1,0,0,False,False
17.50304,-1057,-318,0,49,0,0,21,0,0,0,1,0,0,False,False
17.53637,-1057,-365,0,49,0,0,21,0,0,0,1,0,0,False,False
17.5697,-1058,-418,0,49,0,0,21,0,0,0,1,0,0,False,False
17.60304,-1064,-468,0,49,0,0,21,0,0,0,1,0,0,False,False
17.63637,-1068,-518,0,49,0,0,21,0,0,0,1,0,0,False,False
17.6697,-1079,-590,0,49,0,0,21,0,0,0,1,0,0,False,False
17.70304,-1080,-610,0,49,0,0,21,0,0,0,1,0,0,False,False
17.73637,-1080,-610,0,49,0,0,21,0,0,0,1,0,0,False,False
17.7697,-1080,-604,0,49,0,0,21,0,0,0,1,0,0,False,False
17.80304,-1080,-598,0,49,0,0,21,0,0,0,1,0,0,False,False
17.83637,-1080,-595,0,49,0,0,21,0,0,0,1,0,0,False,False
17.86978,-1079,-593,0,49,0,0,21,0,0,0,1,0,0,False,False
17.90321,-1079,-593,0,49,0,0,21,0,0,0,1,0,0,False,False
17.93659,-1079,-593,0,49,0,0,21,0,0,0,1,0,0,True,False
17.96992,-1079,-593,0,49,0,0,21,0,0,0,1,0,0,True,False
18.00325,-1079,-593,0,49,0,0,21,1,0,0,1,0,0,False,False
18.03658,-1079,-593,0,49,0,0,21,1,0,0,1,0,0,False,False
18.06992,-1077,-597,0,49,0,0,21,1,0,0,1,0,0,False,False
18.10337,-1069,-604,0,49,0,0,21,1,0,0,1,0,0,False,False
18.13753,-1064,-621,0,49,0,0,21,1,0,0,1,0,0,False,False
18.17086,-1060,-635,0,49,0,0,21,1,0,0,1,0,0,False,False
18.20419,-1057,-647,0,49,0,0,21,1,0,0,1,0,0,False,False
18.23763,-1055,-650,0,49,0,0,21,1,0,0,1,0,0,False,False
18.27097,-1054,-651,0,49,0,0,21,1,0,0,1,0,0,False,False
18.30508,-1053,-651,0,49,0,0,21,1,0,0,1,0,0,False,False
18.33867,-1053,-653,0,49,0,0,21,1,0,0,1,0,0,False,False
18.37201,-1053,-654,0,49,0,0,21,1,0,0,1,0,0,False,False
18.40534,-1053,-654,0,49,0,0,21,1,0,0,1,0,0,False,False
18.43901,-1053,-654,0,49,0,0,21,1,0,0,1,0,0,False,False
18.47234,-1053,-654,0,49,0,0,21,1,0,0,1,0,0,False,False
18.50567,-1053,-654,0,49,0,0,21,1,0,0,1,0,0,True,False
18.53901,-1053,-654,0,49,0,0,21,1,0,0,1,0,0,True,False
18.57234,-1053,-654,0,49,0,0,21,1,0,0,1,0,0,True,False
18.60611,-1053,-654,0,49,0,0,21,1,0,0,1,1,0,False,False
18.63945,-1054,-654,0,49,0,0,21,1,0,0,1,1,0,False,False
18.67328,-1054,-653,0,49,0,0,21,1,0,0,1,1,0,False,False
18.70662,-1062,-648,0,49,0,0,21,1,0,0,1,1,0,False,False
18.73995,-1073,-641,0,49,0,0,21,1,0,0,1,1,0,False,False
18.77328,-1085,-632,0,49,0,0,21,1,0,0,1,1,0,False,False
18.80662,-1105,-611,0,49,0,0,21,1,0,0,1,1,0,False,False
18.83995,-1142,-575,0,49,0,0,21,1,0,0,1,1,0,False,False
18.87329,-1201,-510,0,49,0,0,21,1,0,0,1,1,0,False,False
18.90663,-1253,-461,0,49,0,0,21,1,0,0,1,1,0,False,False
18.93996,-1328,-400,0,49,0,0,21,1,0,0,1,1,0,False,False
18.97409,-1379,-361,0,49,0,0,21,1,0,0,1,1,0,False,False
19.00781,-1457,-343,0,49,0,0,21,1,0,0,1,1,0,False,False
19.04123,-1523,-326,0,49,0,0,21,1,0,0,1,1,0,False,False
19.07456,-1563,-319,0,49,0,0,21,1,0,0,1,1,0,False,False
19.1079,-1578,-313,0,49,0,0,21,1,0,0,1,1,0,False,False
19.14159,-1584,-307,0,49,0,0,21,1,0,0,1,1,0,False,False
19.17492,-1589,-299,0,49,0,0,21,1,0,0,1,1,0,False,False
19.20826,-1596,-290,0,49,0,0,21,1,0,0,1,1,0,False,False
19.24203,-1601,-285,0,49,0,0,21,1,0,0,1,1,0,False,False
19.27537,-1608,-281,0,49,0,0,21,1,0,0,1,1,0,False,False
19.3087,-1620,-275,0,49,0,0,21,1,0,0,1,1,0,False,False
19.34203,-1640,-262,0,49,0,0,21,1,0,0,1,1,0,False,False
19.37566,-1657,-260,0,49,0,0,21,1,0,0,1,1,0,False,False
19.40917,-1682,-254,0,49,0,0,21,1,0,0,1,1,0,False,False
19.4425,-1697,-248,0,49,0,0,21,1,0,0,1,1,0,False,False
19.47608,-1702,-246,0,49,0,0,21,1,0,0,1,1,0,False,False
19.50941,-1712,-244,0,49,0,0,21,1,0,0,1,1,0,False,False
19.54284,-1715,-242,0,49,0,0,21,1,0,0,1,1,0,False,False
19.57617,-1718,-240,0,49,0,0,21,1,0,0,1,1,0,False,False
19.6095,-1720,-239,0,49,0,0,21,1,0,0,1,1,0,False,False
19.64285,-1723,-237,0,49,0,0,21,1,0,0,1,1,0,False,False
19.67618,-1727,-237,0,49,0,0,21,1,0,0,1,1,0,False,False
19.71,-1730,-237,0,49,0,0,21,1,0,0,1,1,0,False,False
19.74351,-1730,-237,0,49,0,0,21,1,0,0,1,1,0,False,False
19.77684,-1730,-237,0,49,0,0,21,1,0,0,1,1,0,False,False
19.81065,-1730,-237,0,49,0,0,21,1,0,0,1,1,0,False,False
19.84398,-1483,-272,0,49,0,0,21,1,0,0,1,1,0,False,False
19.87737,-1256,-330,0,49,0,0,21,1,0,0,1,1,0,False,False
19.9107,-993,-382,0,49,0,0,21,1,0,0,1,1,0,False,False
19.94435,-905,-397,0,49,0,0,21,1,0,0,1,1,0,False,False
19.97786,-894,-398,0,49,0,0,21,1,0,0,1,1,0,False,False
20.01119,-894,-398,0,49,0,0,21,1,0,0,1,1,0,False,False
20.04452,-894,-392,0,49,0,0,21,1,0,0,1,1,0,False,False
20.07796,-898,-373,0,49,0,0,21,1,0,0,1,1,0,False,False
20.1113,-925,-346,0,49,0,0,21,1,0,0,1,1,0,False,False
20.14463,-954,-330,0,49,0,0,21,1,0,0,1,1,0,False,False
20.17796,-978,-323,0,49,0,0,21,1,0,0,1,1,0,False,False
20.2113,-1007,-317,0,49,0,0,21,1,0,0,1,1,0,False,False
20.24463,-1019,-313,0,49,0,0,21,1,0,0,1,1,0,False,False
20.27807,-1025,-309,0,49,0,0,21,1,0,0,1,1,0,False,False
20.3114,-1025,-305,0,49,0,0,21,1,0,0,1,1,0,False,False
20.34474,-1028,-297,0,49,0,0,21,1,0,0,1,1,0,False,False
20.37827,-1035,-291,0,49,0,0,21,1,0,0,1,1,0,False,False
20.4116,-1045,-278,0,49,0,0,21,1,0,0,1,1,0,False,False
20.44493,-1059,-272,0,49,0,0,21,1,0,0,1,1,0,False,False
20.47827,-1066,-270,0,49,0,0,21,1,0,0,1,1,0,False,False
20.5119,-1072,-266,0,49,0,0,21,1,0,0,1,1,0,False,False
20.54535,-1074,-263,0,49,0,0,21,1,0,0,1,1,0,False,False
20.57868,-1074,-261,0,49,0,0,21,1,0,0,1,1,0,False,False
20.61201,-1074,-261,0,49,0,0,21,1,0,0,1,1,0,False,False
20.64535,-1074,-261,0,49,0,0,21,1,0,0,1,1,0,False,False
20.67868,-1074,-261,0,49,0,0,21,1,0,0,1,1,0,False,False
20.71202,-1075,-259,0,49,0,0,21,1,0,0,1,1,0,False,False
20.74535,-1077,-254,0,49,0,0,21,1,0,0,1,1,0,False,False
20.77868,-1082,-250,0,49,0,0,21,1,0,0,1,1,0,False,False
20.81202,-1083,-248,0,49,0,0,21,1,0,0,1,1,0,False,False
20.84538,-1083,-247,0,49,0,0,21,1,0,0,1,1,0,False,False
20.87906,-1083,-247,0,49,0,0,21,1,0,0,1,1,0,False,False
20.91249,-1083,-247,0,49,0,0,21,1,0,0,1,1,0,False,False
20.94603,-1083,-247,0,49,0,0,21,1,0,0,1,1,0,False,False
20.97937,-1080,-246,0,49,0,0,21,1,0,0,1,1,0,False,False
21.0127,-1080,-246,0,49,0,0,21,1,0,0,1,1,0,False,False
21.04603,-1078,-245,0,49,0,0,21,1,0,0,1,1,0,False,False
21.07937,-1077,-245,0,49,0,0,21,1,0,0,1,1,0,False,False
21.1127,-1077,-245,0,49,0,0,21,1,0,0,1,1,0,False,False
21.14603,-1077,-245,0,49,0,0,21,1,0,0,1,1,0,False,False
21.17937,-1077,-245,0,49,0,0,21,1,0,0,1,1,0,False,False
21.21357,-1078,-245,0,49,0,0,21,1,0,0,1,1,0,False,False
21.24719,-1081,-245,0,49,0,0,21,1,0,0,1,1,0,False,False
21.28053,-1081,-245,0,49,0,0,21,1,0,0,1,1,0,False,False
21.31386,-1081,-245,0,49,0,0,21,1,0,0,1,1,0,False,False
21.34719,-1081,-245,0,49,0,0,21,1,0,0,1,1,0,False,False
21.38075,-1081,-245,0,49,0,0,21,1,0,0,1,1,0,False,False
21.41408,-1081,-245,0,49,0,0,21,1,0,0,1,1,0,False,False
21.44805,-1079,-244,0,49,0,0,21,1,0,0,1,1,0,False,False
21.48138,-1079,-244,0,49,0,0,21,1,0,0,1,1,0,False,False
21.51471,-1079,-244,0,49,0,0,21,1,0,0,1,1,0,False,False
21.54805,-1079,-244,0,49,0,0,21,1,0,0,1,1,0,False,False
21.58138,-1079,-245,0,49,0,0,21,1,0,0,1,1,0,False,False
21.61471,-1079,-246,0,49,0,0,21,1,0,0,1,1,0,False,False
21.64806,-1079,-246,0,49,0,0,21,1,0,0,1,1,0,False,False
21.68143,-1080,-248,0,49,0,0,21,1,0,0,1,1,0,False,False
21.71477,-1080,-250,0,49,0,0,21,1,0,0,1,1,0,False,False
21.7481,-1080,-250,0,49,0,0,21,1,0,0,1,1,0,False,False
21.78143,-1080,-251,0,49,0,0,21,1,0,0,1,1,0,False,False
21.81477,-1080,-251,0,49,0,0,21,1,0,0,1,1,0,True,False
21.8481,-1080,-251,0,49,0,0,21,1,0,0,1,1,0,True,False
21.88165,-1080,-251,0,49,0,0,21,1,0,0,1,1,0,True,False
21.91529,-1080,-251,0,49,0,0,21,1,0,0,1,1,0,True,False
21.94863,-1080,-251,0,49,0,0,20,1,0,0,1,1,0,False,False
21.98248,-1080,-251,0,49,0,0,20,1,0,0,1,1,0,False,False
22.01597,-1080,-251,0,49,0,0,20,1,0,0,1,1,0,False,False
22.04931,-1080,-251,0,49,0,0,20,1,0,0,1,1,0,False,False
22.08284,-1080,-251,0,49,0,0,20,1,0,0,1,1,0,False,False
22.11618,-1080,-259,0,49,0,0,20,1,0,0,1,1,0,False,False
22.14951,-1080,-290,0,49,0,0,20,1,0,0,1,1,0,False,False
22.18367,-1077,-328,0,49,0,0,20,1,0,0,1,1,0,False,False
22.217,-1071,-358,0,49,0,0,20,1,0,0,1,1,0,False,False
22.25033,-1069,-385,0,49,0,0,20,1,0,0,1,1,0,False,False
22.28367,-1069,-408,0,49,0,0,20,1,0,0,1,1,0,False,False
22.317,-1067,-436,0,49,0,0,20,1,0,0,1,1,0,False,False
22.35033,-1066,-463,0,49,0,0,20,1,0,0,1,1,0,False,False
22.38383,-1066,-488,0,49,0,0,20,1,0,0,1,1,0,False,False
22.41716,-1068,-513,0,49,0,0,20,1,0,0,1,1,0,False,False
22.45107,-1068,-523,0,49,0,0,20,1,0,0,1,1,0,False,False
22.48456,-1068,-527,0,49,0,0,20,1,0,0,1,1,0,False,False
22.51796,-1069,-532,0,49,0,0,20,1,0,0,1,1,0,False,False
22.55129,-1069,-537,0,49,0,0,20,1,0,0,1,1,0,False,False
22.58472,-1069,-538,0,49,0,0,20,1,0,0,1,1,0,True,False
22.61807,-1069,-538,0,49,0,0,20,1,0,0,1,1,0,True,False
22.6514,-1069,-538,0,49,0,0,20,1,0,0,1,1,0,True,False
22.68481,-1069,-538,0,49,0,0,20,1,0,0,1,1,0,False,False
22.71814,-1069,-541,0,49,0,0,20,1,0,0,1,1,0,False,False
22.75168,-1069,-544,0,49,0,0,20,1,0,0,1,1,0,False,False
22.78501,-1069,-552,0,49,0,0,20,1,0,0,1,1,0,False,False
22.81835,-1069,-568,0,49,0,0,20,1,0,0,1,1,0,False,False
22.85168,-1069,-582,0,49,0,0,20,1,0,0,1,1,0,False,False
22.88506,-1069,-589,0,49,0,0,20,1,0,0,1,1,0,False,False
22.91839,-1069,-593,0,49,0,0,20,1,0,0,1,1,0,False,False
22.95248,-1069,-599,0,49,0,0,20,1,0,0,1,1,0,False,False
22.98582,-1069,-610,0,49,0,0,20,1,0,0,1,1,0,False,False
23.01985,-1069,-617,0,49,0,0,20,1,0,0,1,1,0,False,False
23.05318,-1069,-623,0,49,0,0,20,1,0,0,1,1,0,False,False
23.0867,-1071,-631,0,49,0,0,20,1,0,0,1,1,0,False,False
23.12004,-1071,-635,0,49,0,0,20,1,0,0,1,1,0,False,False
23.1537,-1072,-642,0,49,0,0,20,1,0,0,1,1,0,False,False
23.18729,-1072,-648,0,49,0,0,20,1,0,0,1,1,0,False,False
23.22062,-1072,-650,0,49,0,0,20,1,0,0,1,1,0,False,False
23.25396,-1074,-655,0,49,0,0,20,1,0,0,1,1,0,False,False
23.2878,-1074,-655,0,49,0,0,20,1,0,0,1,1,0,False,False
23.32113,-1074,-655,0,49,0,0,20,1,0,0,1,1,0,True,False
23.35469,-1074,-655,0,49,0,0,20,1,0,0,1,1,0,True,False
23.38802,-1074,-655,0,49,0,0,20,1,0,0,1,3,0,False,False
23.42147,-1074,-655,0,49,0,0,20,1,0,0,1,3,0,False,False
23.45484,-1074,-655,0,49,0,0,20,1,0,0,1,3,0,False,False
23.48841,-1074,-655,0,49,0,0,20,1,0,0,1,3,0,False,False
23.52205,-1074,-655,0,49,0,0,20,1,0,0,1,3,0,False,False
23.55572,-1087,-633,0,49,0,0,20,1,0,0,1,3,0,False,False
23.58945,-1128,-586,0,49,0,0,20,1,0,0,1,3,0,False,False
23.62278,-1190,-514,0,49,0,0,20,1,0,0,1,3,0,False,False
23.65611,-1323,-397,0,49,0,0,20,1,0,0,1,3,0,False,False
23.68945,-1523,-262,0,49,0,0,20,1,0,0,1,3,0,False,False
23.72279,-1635,-196,0,49,0,0,20,1,0,0,1,3,0,False,False
23.75611,-1686,-168,0,49,0,0,20,1,0,0,1,3,0,False,False
23.79004,-1699,-160,0,49,0,0,20,1,0,0,1,3,0,False,False
23.82337,-1700,-159,0,49,0,0,20,1,0,0,1,3,0,False,False
23.8567,-1700,-159,0,49,0,0,20,1,0,0,1,3,0,False,False
23.89098,-1700,-159,0,49,0,0,20,1,0,0,1,3,0,False,False
23.92476,-1700,-159,0,49,0,0,20,1,0,0,1,3,0,False,False
23.95821,-1718,-194,0,49,0,0,20,1,0,0,1,3,0,False,False
23.99154,-1728,-214,0,49,0,0,20,1,0,0,1,3,0,False,False
24.02487,-1733,-223,0,49,0,0,20,1,0,0,1,3,0,False,False
24.05878,-1738,-232,0,49,0,0,20,1,0,0,1,3,0,False,False
24.09211,-1750,-242,0,49,0,0,20,1,0,0,1,3,0,False,False
24.12545,-1756,-244,0,49,0,0,20,1,0,0,1,3,0,False,False
24.15878,-1766,-244,0,49,0,0,20,1,0,0,1,3,0,False,False
24.19224,-1771,-244,0,49,0,0,20,1,0,0,1,3,0,False,False
24.22558,-1772,-244,0,49,0,0,20,1,0,0,1,3,0,False,False
24.25891,-1772,-244,0,49,0,0,20,1,0,0,1,3,0,False,False
24.29224,-1772,-244,0,49,0,0,20,1,0,0,1,3,0,True,False
24.32558,-1772,-244,0,49,0,0,20,1,0,0,1,3,0,True,False
24.35929,-1772,-244,0,49,0,0,20,1,0,0,1,3,0,True,False
24.39263,-1772,-244,0,49,0,0,20,1,0,0,1,3,0,False,False
24.42631,-1772,-244,0,49,0,0,20,1,0,0,1,3,0,False,False
24.45978,-1772,-244,0,49,0,0,20,1,0,0,1,3,0,False,False
24.49311,-1772,-244,0,49,0,0,20,1,0,0,1,3,0,False,False
24.52645,-1772,-244,0,49,0,0,20,1,0,0,1,3,0,False,False
24.56019,-1772,-244,0,49,0,0,20,1,0,0,1,3,0,False,False
24.59401,-1772,-244,0,49,0,0,20,1,0,0,1,3,0,False,False
24.62734,-1772,-244,0,49,0,0,20,1,0,0,1,3,0,False,False
24.66068,-1772,-244,0,49,0,0,20,1,0,0,1,3,0,False,False
24.69401,-1772,-244,0,49,0,0,20,1,0,0,1,3,0,False,False
24.72807,-1772,-244,0,49,0,0,20,1,0,0,1,3,0,False,False
24.7614,-1772,-244,0,49,0,0,20,1,0,0,1,3,0,False,False
24.79473,-1772,-244,0,49,0,0,20,1,0,0,1,3,0,False,False
24.82807,-1772,-244,0,49,0,0,20,1,0,0,1,3,0,False,False
24.86143,-1772,-244,0,49,0,0,20,1,0,0,1,3,0,False,False
24.89477,-1772,-244,0,49,0,0,20,1,0,0,1,3,0,False,False
24.92888,-1772,-244,0,49,0,0,20,1,0,0,1,3,0,False,False
24.96221,-1772,-244,0,49,0,0,20,1,0,0,1,3,0,False,False
24.99555,-1772,-244,0,49,0,0,20,1,0,0,1,3,0,False,False
25.02888,-1772,-244,0,49,0,0,20,1,0,0,1,3,0,False,False
25.06221,-1760,-244,0,49,0,0,20,1,0,0,1,3,0,False,False
25.09578,-1715,-244,0,49,0,0,20,1,0,0,1,3,0,False,False
25.12911,-1652,-244,0,49,0,0,20,1,0,0,1,3,0,False,False
25.16266,-1624,-244,0,49,0,0,20,1,0,0,1,3,0,False,False
25.19599,-1622,-252,0,49,0,0,20,1,0,0,1,3,0,False,False
25.22933,-1621,-268,0,49,0,0,20,1,0,0,1,3,0,False,False
25.26266,-1621,-275,0,49,0,0,20,1,0,0,1,3,0,False,False
25.29599,-1621,-278,0,49,0,0,20,1,0,0,1,3,0,False,False
25.32933,-1621,-281,0,49,0,0,20,1,0,0,1,3,0,False,False
25.36266,-1616,-303,0,49,0,0,20,1,0,0,1,3,0,False,False
25.39638,-1604,-343,0,49,0,0,20,1,0,0,1,3,0,False,False
25.42971,-1600,-370,0,49,0,0,20,1,0,0,1,3,0,False,False
25.46386,-1598,-395,0,49,0,0,20,1,0,0,1,3,0,False,False
25.4972,-1594,-410,0,49,0,0,20,1,0,0,1,3,0,False,False
25.53057,-1593,-410,0,49,0,0,20,1,0,0,1,3,0,False,False
25.5639,-1593,-410,0,49,0,0,20,1,0,0,1,3,0,True,False
25.59723,-1591,-410,0,49,0,0,20,1,0,0,1,3,0,True,False
25.63079,-1591,-410,0,49,1,0,20,1,0,0,1,3,0,False,False
25.66412,-1591,-410,0,49,1,0,20,1,0,0,1,3,0,False,False
25.69745,-1591,-410,0,49,1,0,20,1,0,0,1,3,0,False,False
25.73131,-1590,-413,0,49,1,0,20,1,0,0,1,3,0,False,False
25.76464,-1582,-427,0,49,1,0,20,1,0,0,1,3,0,False,False
25.79798,-1577,-442,0,49,1,0,20,1,0,0,1,3,0,False,False
25.83131,-1571,-459,0,49,1,0,20,1,0,0,1,3,0,False,False
25.86465,-1567,-470,0,49,1,0,20,1,0,0,1,3,0,False,False
25.89798,-1566,-477,0,49,1,0,20,1,0,0,1,3,0,False,False
25.93131,-1566,-484,0,49,1,0,20,1,0,0,1,3,0,False,False
25.96498,-1566,-487,0,49,1,0,20,1,0,0,1,3,0,False,False
25.99915,-1566,-490,0,49,1,0,20,1,0,0,1,3,0,False,False
26.03283,-1566,-494,0,49,1,0,20,1,0,0,1,3,0,False,False
26.06667,-1566,-494,0,49,1,0,20,1,0,0,1,3,0,False,False
26.1,-1566,-494,0,49,1,0,20,1,0,0,1,3,0,False,False
26.13333,-1566,-494,0,49,1,0,20,1,0,0,1,3,0,True,False
26.16738,-1566,-494,0,49,1,0,20,1,0,0,1,3,0,True,False
26.20071,-1566,-494,0,49,1,0,20,1,0,0,1,3,0,True,False
26.23423,-1566,-494,0,49,1,0,20,1,0,0,1,3,0,False,False
26.26756,-1566,-494,0,49,1,0,20,1,0,0,1,3,0,False,False
26.30103,-1566,-494,0,49,1,0,20,1,0,0,1,3,0,False,False
26.3346,-1566,-494,0,49,1,0,20,1,0,0,1,3,0,False,False
26.36794,-1566,-494,0,49,1,0,20,1,0,0,1,3,0,False,False
26.40127,-1566,-494,0,49,1,0,20,1,0,0,1,3,0,False,False
26.4346,-1566,-494,0,49,1,0,20,1,0,0,1,3,0,False,False
26.46793,-1566,-494,0,49,1,0,20,1,0,0,1,3,0,False,False
26.50144,-1566,-494,0,49,1,0,20,1,0,0,1,3,0,False,False
26.53478,-1566,-494,0,49,1,0,20,1,0,0,1,3,0,False,False
26.56846,-1566,-494,0,49,1,0,20,1,0,0,1,3,0,False,False
26.60179,-1566,-494,0,49,1,0,20,1,0,0,1,3,0,False,False
26.63513,-1568,-494,0,49,1,0,20,1,0,0,1,3,0,False,False
26.66853,-1593,-497,0,49,1,0,20,1,0,0,1,3,0,False,False
26.70186,-1616,-481,0,49,1,0,20,1,0,0,1,3,0,False,False
26.7352,-1666,-459,0,49,1,0,20,1,0,0,1,3,0,False,False
26.76853,-1741,-467,0,49,1,0,20,1,0,0,1,3,0,False,False
26.80193,-1743,-467,0,49,1,0,20,1,0,0,1,3,0,False,False
26.83526,-1743,-467,0,49,1,0,20,1,0,0,1,3,0,False,False
26.8686,-1743,-467,0,49,1,0,20,1,0,0,1,3,0,False,False
26.90235,-1743,-467,0,49,1,0,20,1,0,0,1,3,0,False,False
26.93584,-1743,-467,0,49,1,0,20,1,0,0,1,3,0,False,False
26.96973,-1743,-467,0,49,1,0,20,1,0,0,1,3,0,False,False
27.00306,-1743,-467,0,49,1,0,20,1,0,0,1,3,0,False,False
27.03647,-1743,-467,0,49,1,0,20,1,0,0,1,3,0,False,False
27.0698,-1743,-467,0,49,1,0,20,1,0,0,1,3,0,False,False
27.10388,-1743,-467,0,49,1,0,20,1,0,0,1,3,0,False,False
27.13778,-1743,-467,0,49,1,0,20,1,0,0,1,3,0,False,False
27.17112,-1743,-467,0,49,1,0,20,1,0,0,1,3,0,False,False
27.20445,-1743,-467,0,49,1,0,20,1,0,0,1,3,0,False,False
27.23785,-1743,-467,0,49,1,0,20,1,0,0,1,3,0,False,False
27.27138,-1743,-467,0,49,1,0,20,1,0,0,1,3,0,False,False
27.30471,-1743,-467,0,49,1,0,20,1,0,0,1,3,0,False,False
27.33804,-1743,-467,0,49,1,0,20,1,0,0,1,3,0,False,False
27.37149,-1743,-467,0,49,1,0,20,1,0,0,1,3,0,False,False
27.40493,-1743,-467,0,49,1,0,20,1,0,0,1,3,0,False,False
27.43826,-1743,-467,0,49,1,0,20,1,0,0,1,3,0,False,False
27.4716,-1743,-467,0,49,1,0,20,1,0,0,1,3,0,False,False
27.50493,-1743,-467,0,49,1,0,20,1,0,0,1,3,0,False,False
27.53829,-1743,-467,0,49,1,0,20,1,0,0,1,3,0,False,False
27.57162,-1743,-467,0,49,1,0,20,1,0,0,1,3,0,False,False
27.60496,-1743,-467,0,49,1,0,20,1,0,0,1,3,0,False,False
27.63829,-1743,-467,0,49,1,0,20,1,0,0,1,3,0,False,False
27.67162,-1743,-467,0,49,1,0,20,1,0,0,1,3,0,False,False
27.70496,-1743,-467,0,49,1,0,20,1,0,0,1,3,0,False,False
27.73829,-1743,-467,0,49,1,0,20,1,0,0,1,3,0,False,False
27.77162,-1743,-467,0,49,1,0,20,1,0,0,1,3,0,False,False
27.80496,-1743,-467,0,49,1,0,20,1,0,0,1,3,0,False,False
27.83909,-1743,-467,0,49,1,0,20,1,0,0,1,3,0,False,False
27.87279,-1743,-467,0,49,1,0,20,1,0,0,1,3,0,False,False
27.90612,-1743,-467,0,49,1,0,20,1,0,0,1,3,0,False,False
27.93962,-1743,-467,0,49,1,0,20,1,0,0,1,3,0,False,False
27.97295,-1743,-467,0,49,1,0,20,1,0,0,1,3,0,False,False
28.00629,-1743,-467,0,49,1,0,20,1,0,0,1,3,0,False,False
28.03962,-1743,-467,0,49,1,0,20,1,0,0,1,3,0,False,False
28.07295,-1743,-467,0,49,1,0,20,1,0,0,1,3,0,False,False
28.10659,-1743,-467,0,49,1,0,20,1,0,0,1,3,0,False,False
28.13992,-1743,-467,0,49,1,0,20,1,0,0,1,3,0,False,False
28.17325,-1743,-467,0,49,1,0,20,1,0,0,1,3,0,False,False
28.20704,-1743,-467,0,49,1,0,20,1,0,0,1,3,0,False,False
28.24038,-1743,-467,0,49,1,0,20,1,0,0,1,3,0,False,False
28.27374,-1743,-467,0,49,1,0,20,1,0,0,1,3,0,False,False
28.30796,-1743,-467,0,49,1,0,20,1,0,0,1,3,0,False,False
28.34129,-1743,-467,0,49,1,0,20,1,0,0,1,3,0,False,False
28.37485,-1743,-467,0,49,1,0,20,1,0,0,1,3,0,False,False
28.40818,-1743,-467,0,49,1,0,20,1,0,0,1,3,0,False,False
28.44151,-1743,-467,0,49,1,0,20,1,0,0,1,3,0,False,False
28.47544,-1743,-467,0,49,1,0,20,1,0,0,1,3,0,False,False
28.50877,-1743,-467,0,49,1,0,20,1,0,0,1,3,0,False,False
28.54226,-1743,-467,0,49,1,0,20,1,0,0,1,3,0,False,False
28.57598,-1743,-467,0,49,1,0,20,1,0,0,1,3,0,False,False
28.60933,-1743,-467,0,49,1,0,20,1,0,0,1,3,0,False,False
28.64286,-1743,-467,0,49,1,0,20,1,0,0,1,3,0,False,False
28.6762,-1743,-467,0,49,1,0,20,1,0,0,1,3,0,False,False
28.70953,-1743,-467,0,49,1,0,20,1,0,0,1,3,0,False,False
28.74325,-1743,-467,0,49,1,0,20,1,0,0,1,3,0,False,False
28.77658,-1743,-467,0,49,1,0,20,1,0,0,1,3,0,False,False
28.80992,-1743,-467,0,49,1,0,20,1,0,0,1,3,0,False,False
28.84325,-1743,-467,0,49,1,0,20,1,0,0,1,3,0,False,False
28.87658,-1743,-467,0,49,1,0,20,1,0,0,1,3,0,False,False
28.90992,-1743,-467,0,49,1,0,20,1,0,0,1,3,0,False,False
28.94325,-1743,-467,0,49,1,0,20,1,0,0,1,3,0,False,False
28.97658,-1743,-467,0,49,1,0,20,1,0,0,1,3,0,False,False
29.00991,-1743,-467,0,49,1,0,20,1,0,0,1,3,0,False,False
29.04325,-1743,-467,0,49,1,0,20,1,0,0,1,3,0,False,False
29.0774,-1743,-467,0,49,1,0,20,1,0,0,1,3,0,False,False
29.11073,-1743,-467,0,49,1,0,20,1,0,0,1,3,0,False,False
29.14444,-1743,-467,0,49,1,0,20,1,0,0,1,3,0,False,False
29.17799,-1743,-467,0,49,1,0,20,1,0,0,1,3,0,False,False
29.21144,-1743,-467,0,49,1,0,20,1,0,0,1,3,0,False,False
29.24514,-1743,-467,0,49,1,0,20,1,0,0,1,3,0,False,False
29.2786,-1743,-467,0,49,1,0,20,1,0,0,1,3,0,False,False
29.31194,-1743,-467,0,49,1,0,20,1,0,0,1,3,0,False,False
29.34527,-1743,-467,0,49,1,0,20,1,0,0,1,3,0,False,False
29.3786,-1743,-467,0,49,1,0,20,1,0,0,1,3,0,False,False
29.41194,-1743,-467,0,49,1,0,20,1,0,0,1,3,0,False,False
29.44539,-1743,-467,0,49,1,0,20,1,0,0,1,3,0,False,False
29.47899,-1743,-467,0,49,1,0,20,1,0,0,1,3,0,False,False
29.51232,-1743,-467,0,49,1,0,20,1,0,0,1,3,0,False,False
29.54566,-1743,-467,0,49,1,0,20,1,0,0,1,3,0,False,False
29.57899,-1743,-467,0,49,1,0,20,1,0,0,1,3,0,False,False
29.61233,-1743,-467,0,49,1,0,20,1,0,0,1,3,0,False,False
29.64566,-1743,-467,0,49,1,0,20,1,0,0,1,3,0,False,False
29.67899,-1743,-467,0,49,1,0,20,1,0,0,1,3,0,False,False
29.71233,-1743,-467,0,49,1,0,20,1,0,0,1,3,0,False,False
29.74566,-1743,-467,0,49,1,0,20,1,0,0,1,3,0,False,False
29.77902,-1743,-467,0,49,1,0,20,1,0,0,1,3,0,False,False
29.81236,-1743,-467,0,49,1,0,20,1,0,0,1,3,0,False,False
29.84569,-1743,-467,0,49,1,0,20,1,0,0,1,3,0,False,False
29.87902,-1743,-467,0,49,1,0,20,1,0,0,1,3,0,False,False
29.91293,-1743,-467,0,49,1,0,20,1,0,0,1,3,0,False,False
29.94626,-1743,-467,0,49,1,0,20,1,0,0,1,3,0,False,False
29.9796,-1743,-467,0,49,1,0,20,1,0,0,1,3,0,False,False
30.01293,-1743,-467,0,49,1,0,20,1,0,0,1,3,0,False,False
30.04626,-1743,-467,0,49,1,0,20,1,0,0,1,3,0,False,False
30.0796,-1743,-467,0,49,1,0,20,1,0,0,1,3,0,False,False
30.11298,-1743,-467,0,49,1,0,20,1,0,0,1,3,0,False,False
30.14631,-1743,-467,0,49,1,0,20,1,0,0,1,3,0,False,False
30.17969,-1743,-467,0,49,1,0,20,1,0,0,1,3,0,False,False
30.21302,-1743,-467,0,49,1,0,20,1,0,0,1,3,0,False,False
30.24636,-1743,-467,0,49,1,0,20,1,0,0,1,3,0,False,False
30.27969,-1743,-467,0,49,1,0,20,1,0,0,1,3,0,False,False
30.31302,-1743,-467,0,49,1,0,20,1,0,0,1,3,0,False,False
30.34639,-1743,-467,0,49,1,0,20,1,0,0,1,3,0,False,False
30.37979,-1743,-467,0,49,1,0,20,1,0,0,1,3,0,False,False
30.41318,-1743,-467,0,49,1,0,20,1,0,0,1,3,0,False,False
30.44651,-1743,-467,0,49,1,0,20,1,0,0,1,3,0,False,False
30.47984,-1743,-467,0,49,1,0,20,1,0,0,1,3,0,False,False
30.51318,-1743,-467,0,49,1,0,20,1,0,0,1,3,0,False,False
30.54651,-1743,-467,0,49,1,0,20,1,0,0,1,3,0,False,False
30.57984,-1743,-467,0,49,1,0,20,1,0,0,1,3,0,False,False
30.61317,-1743,-467,0,49,1,0,20,1,0,0,1,3,0,False,False
30.64651,-1743,-467,0,49,1,0,20,1,0,0,1,3,0,False,False
30.67984,-1743,-467,0,49,1,0,20,1,0,0,1,3,0,False,False
30.71317,-1743,-467,0,49,1,0,20,1,0,0,1,3,0,False,False
30.74668,-1743,-467,0,49,1,0,20,1,0,0,1,3,0,False,False
30.78052,-1743,-467,0,49,1,0,20,1,0,0,1,3,0,False,False
30.81399,-1743,-467,0,49,1,0,20,1,0,0,1,3,0,False,False
30.84732,-1743,-467,0,49,1,0,20,1,0,0,1,3,0,False,False
30.88112,-1743,-467,0,49,1,0,20,1,0,0,1,3,0,False,False
30.91445,-1743,-467,0,49,1,0,20,1,0,0,1,3,0,False,False
30.94789,-1743,-467,0,49,1,0,20,1,0,0,1,3,0,False,False
30.98123,-1743,-467,0,49,1,0,20,1,0,0,1,3,0,False,False
31.01456,-1743,-467,0,49,1,0,20,1,0,0,1,3,0,False,False
31.04789,-1743,-467,0,49,1,0,20,1,0,0,1,3,0,False,False
31.08123,-1743,-467,0,49,1,0,20,1,0,0,1,3,0,False,False
31.11507,-1743,-467,0,49,1,0,20,1,0,0,1,3,0,False,False
31.14866,-1743,-467,0,49,1,0,20,1,0,0,1,3,0,False,False
31.182,-1743,-467,0,49,1,0,20,1,0,0,1,3,0,False,False
31.21533,-1743,-467,0,49,1,0,20,1,0,0,1,3,0,False,False
31.24866,-1743,-467,0,49,1,0,20,1,0,0,1,3,0,False,False
31.282,-1743,-467,0,49,1,0,20,1,0,0,1,3,0,False,False
31.31564,-1743,-467,0,49,1,0,20,1,0,0,1,3,0,False,False
31.34912,-1743,-467,0,49,1,0,20,1,0,0,1,3,0,False,False
31.38297,-1743,-467,0,49,1,0,20,1,0,0,1,3,0,False,False
31.41631,-1743,-467,0,49,1,0,20,1,0,0,1,3,0,False,False
31.44964,-1743,-467,0,49,1,0,20,1,0,0,1,3,0,False,False
31.48342,-1743,-467,0,49,1,0,20,1,0,0,1,3,0,False,False
31.51675,-1743,-467,0,49,1,0,20,1,0,0,1,3,0,False,False
31.55008,-1743,-467,0,49,1,0,20,1,0,0,1,3,0,False,False
31.5842,-1743,-467,0,49,1,0,20,1,0,0,1,3,0,False,False
31.61754,-1743,-467,0,49,1,0,20,1,0,0,1,3,0,False,False
31.65087,-1743,-467,0,49,1,0,20,1,0,0,1,3,0,False,False
31.68421,-1743,-467,0,49,1,0,20,1,0,0,1,3,0,False,False
31.71754,-1743,-467,0,49,1,0,20,1,0,0,1,3,0,False,False
31.75094,-1743,-467,0,49,1,0,20,1,0,0,1,3,0,False,False
31.78427,-1743,-467,0,49,1,0,20,1,0,0,1,3,0,False,False
31.81797,-1743,-467,0,49,1,0,20,1,0,0,1,3,0,False,False
31.8513,-1743,-467,0,49,1,0,20,1,0,0,1,3,0,False,False
31.88463,-1743,-467,0,49,1,0,20,1,0,0,1,3,0,False,False
31.91804,-1743,-467,0,49,1,0,20,1,0,0,1,3,0,False,False
31.95137,-1743,-467,0,49,1,0,20,1,0,0,1,3,0,False,False
31.98479,-1743,-467,0,49,1,0,20,1,0,0,1,3,0,False,False
32.01813,-1743,-467,0,49,1,0,20,1,0,0,1,3,0,False,False
32.05197,-1743,-467,0,49,1,0,20,1,0,0,1,3,0,False,False
32.0853,-1743,-467,0,49,1,0,20,1,0,0,1,3,0,False,False
32.11864,-1743,-467,0,49,1,0,20,1,0,0,1,3,0,False,False
32.15201,-1743,-467,0,49,1,0,20,1,0,0,1,3,0,False,False
32.18534,-1743,-467,0,49,1,0,20,1,0,0,1,3,0,False,False
32.21867,-1743,-467,0,49,1,0,20,1,0,0,1,3,0,False,False
32.252,-1743,-467,0,49,1,0,20,1,0,0,1,3,0,False,False
32.28534,-1743,-467,0,49,1,0,20,1,0,0,1,3,0,False,False
32.31901,-1743,-467,0,49,1,0,20,1,0,0,1,3,0,False,False
32.35302,-1743,-467,0,49,1,0,20,1,0,0,1,3,0,False,False
32.38685,-1743,-467,0,49,1,0,20,1,0,0,1,3,0,False,False
32.42018,-1743,-467,0,49,1,0,20,1,0,0,1,3,0,False,False
32.45351,-1743,-467,0,49,1,0,20,1,0,0,1,3,0,False,False
32.48685,-1743,-467,0,49,1,0,20,1,0,0,1,3,0,False,False
32.52119,-1743,-467,0,49,1,0,20,1,0,0,1,3,0,False,False
32.55452,-1743,-467,0,49,1,0,20,1,0,0,1,3,0,False,False
32.58805,-1743,-467,0,49,1,0,20,1,0,0,1,3,0,False,False
32.62144,-1743,-467,0,49,1,0,20,1,0,0,1,3,0,False,False
32.65478,-1743,-467,0,49,1,0,20,1,0,0,1,3,0,False,False
32.68811,-1743,-467,0,49,1,0,20,1,0,0,1,3,0,False,False
32.72144,-1743,-467,0,49,1,0,20,1,0,0,1,3,0,False,False
32.75478,-1743,-467,0,49,1,0,20,1,0,0,1,3,0,False,False
32.78836,-1743,-467,0,49,1,0,20,1,0,0,1,3,0,False,False
32.82202,-1743,-467,0,49,1,0,20,1,0,0,1,3,0,False,False
32.85535,-1743,-467,0,49,1,0,20,1,0,0,1,3,0,False,False
32.88868,-1743,-467,0,49,1,0,20,1,0,0,1,3,0,False,False
32.92202,-1743,-467,0,49,1,0,20,1,0,0,1,3,0,False,False
32.95535,-1743,-467,0,49,1,0,20,1,0,0,1,3,0,False,False
32.9888,-1743,-467,0,49,1,0,20,1,0,0,1,3,0,False,False
33.0227,-1743,-467,0,49,1,0,20,1,0,0,1,3,0,False,False
33.05603,-1743,-467,0,49,1,0,20,1,0,0,1,3,0,False,False
33.08937,-1743,-467,0,49,1,0,20,1,0,0,1,3,0,False,False
33.12307,-1743,-467,0,49,1,0,20,1,0,0,1,3,0,False,False
33.1564,-1743,-467,0,49,1,0,20,1,0,0,1,3,0,False,False
33.18974,-1743,-467,0,49,1,0,20,1,0,0,1,3,0,False,False
33.22307,-1743,-467,0,49,1,0,20,1,0,0,1,3,0,False,False
33.25658,-1743,-467,0,49,1,0,20,1,0,0,1,3,0,False,False
33.28992,-1743,-467,0,49,1,0,20,1,0,0,1,3,0,False,False
33.32325,-1743,-467,0,49,1,0,20,1,0,0,1,3,0,False,False
33.35658,-1743,-467,0,49,1,0,20,1,0,0,1,3,0,False,False
33.38998,-1743,-467,0,49,1,0,20,1,0,0,1,3,0,False,False
33.42332,-1743,-467,0,49,1,0,20,1,0,0,1,3,0,False,False
33.45672,-1743,-467,0,49,1,0,20,1,0,0,1,3,0,False,False
33.49006,-1743,-467,0,49,1,0,20,1,0,0,1,3,0,False,False
33.52339,-1743,-467,0,49,1,0,20,1,0,0,1,3,0,False,False
33.55686,-1743,-467,0,49,1,0,20,1,0,0,1,3,0,False,False
33.59019,-1743,-467,0,49,1,0,20,1,0,0,1,3,0,False,False
33.62418,-1743,-467,0,49,1,0,20,1,0,0,1,3,0,False,False
33.65808,-1743,-467,0,49,1,0,20,1,0,0,1,3,0,False,False
33.69141,-1743,-467,0,49,1,0,20,1,0,0,1,3,0,False,False
33.72557,-1743,-467,0,49,1,0,20,1,0,0,1,3,0,False,False
33.75898,-1743,-467,0,49,1,0,20,1,0,0,1,3,0,False,False
33.79231,-1743,-467,0,49,1,0,20,1,0,0,1,3,0,False,False
33.82564,-1743,-467,0,49,1,0,20,1,0,0,1,3,0,False,False
33.85897,-1743,-467,0,49,1,0,20,1,0,0,1,3,0,False,False
33.89304,-1743,-467,0,49,1,0,20,1,0,0,1,3,0,False,False
33.9269,-1743,-467,0,49,1,0,20,1,0,0,1,3,0,False,False
33.96027,-1743,-467,0,49,1,0,20,1,0,0,1,3,0,False,False
33.9936,-1743,-467,0,49,1,0,20,1,0,0,1,3,0,False,False
34.02769,-1743,-467,0,49,1,0,20,1,0,0,1,3,0,False,False
34.06102,-1743,-467,0,49,1,0,20,1,0,0,1,3,0,False,False
34.09446,-1743,-467,0,49,1,0,20,1,0,0,1,3,0,False,False
34.12779,-1743,-467,0,49,1,0,20,1,0,0,1,3,0,False,False
34.16112,-1743,-467,0,49,1,0,20,1,0,0,1,3,0,False,False
34.19445,-1743,-467,0,49,1,0,20,1,0,0,1,3,0,False,False
34.22801,-1743,-467,0,49,1,0,20,1,0,0,1,3,0,False,False
34.26134,-1743,-467,0,49,1,0,20,1,0,0,1,3,0,False,False
34.29528,-1743,-467,0,49,1,0,20,1,0,0,1,3,0,False,False
34.32896,-1743,-467,0,49,1,0,20,1,0,0,1,3,0,False,False
34.36293,-1743,-467,0,49,1,0,20,1,0,0,1,3,0,False,False
34.39628,-1743,-467,0,49,1,0,20,1,0,0,1,3,0,False,False
34.42962,-1743,-467,0,49,1,0,20,1,0,0,1,3,0,False,False
34.46309,-1743,-467,0,49,1,0,20,1,0,0,1,3,0,False,False
34.49705,-1743,-467,0,49,1,0,20,1,0,0,1,3,0,False,False
34.53112,-1743,-467,0,49,1,0,20,1,0,0,1,3,0,False,False
34.56445,-1743,-467,0,49,1,0,20,1,0,0,1,3,0,False,False
34.59803,-1743,-467,0,49,1,0,20,1,0,0,1,3,0,False,False
34.63136,-1743,-467,0,49,1,0,20,1,0,0,1,3,0,False,False
34.6647,-1743,-467,0,49,1,0,20,1,0,0,1,3,0,False,False
34.69803,-1743,-467,0,49,1,0,20,1,0,0,1,3,0,False,False
34.73137,-1743,-467,0,49,1,0,20,1,0,0,1,3,0,False,False
34.76469,-1743,-467,0,49,1,0,20,1,0,0,1,3,0,False,False
34.79803,-1743,-467,0,49,1,0,20,1,0,0,1,3,0,False,False
34.83136,-1743,-467,0,49,1,0,20,1,0,0,1,3,0,False,False
34.86469,-1743,-467,0,49,1,0,20,1,0,0,1,3,0,False,False
34.89803,-1743,-467,0,49,1,0,20,1,0,0,1,3,0,False,False
34.93136,-1743,-467,0,49,1,0,20,1,0,0,1,3,0,False,False
34.96469,-1743,-467,0,49,1,0,20,1,0,0,1,3,0,False,False
34.99868,-1743,-467,0,49,1,0,20,1,0,0,1,3,0,False,False
35.03234,-1743,-467,0,49,1,0,20,1,0,0,1,3,0,False,False
35.0657,-1743,-467,0,49,1,0,20,1,0,0,1,3,0,False,False
35.0991,-1743,-467,0,49,1,0,20,1,0,0,1,3,0,False,False
35.13243,-1743,-467,0,49,1,0,20,1,0,0,1,3,0,False,False
35.16576,-1743,-467,0,49,1,0,20,1,0,0,1,3,0,False,False
35.19947,-1743,-467,0,49,1,0,20,1,0,0,1,3,0,False,False
35.23299,-1743,-467,0,49,1,0,20,1,0,0,1,3,0,False,False
35.26669,-1743,-467,0,49,1,0,20,1,0,0,1,3,0,False,False
35.30002,-1743,-467,0,49,1,0,20,1,0,0,1,3,0,False,False
35.33335,-1743,-467,0,49,1,0,20,1,0,0,1,3,0,False,False
35.36689,-1743,-467,0,49,1,0,20,1,0,0,1,3,0,False,False
35.40032,-1743,-467,0,49,1,0,20,1,0,0,1,3,0,False,False
35.43365,-1743,-467,0,49,1,0,20,1,0,0,1,3,0,False,False
35.46736,-1743,-467,0,49,1,0,20,1,0,0,1,3,0,False,False
35.50088,-1743,-467,0,49,1,0,20,1,0,0,1,3,0,False,False
35.53444,-1743,-467,0,49,1,0,20,1,0,0,1,3,0,False,False
35.56778,-1743,-467,0,49,1,0,20,1,0,0,1,3,0,False,False
35.60127,-1743,-467,0,49,1,0,20,1,0,0,1,3,0,False,False
35.63464,-1743,-467,0,49,1,0,20,1,0,0,1,3,0,False,False
35.66798,-1743,-467,0,49,1,0,20,1,0,0,1,3,0,False,False
35.70131,-1743,-467,0,49,1,0,20,1,0,0,1,3,0,False,False
35.73464,-1743,-467,0,49,1,0,20,1,0,0,1,3,0,False,False
35.76797,-1743,-467,0,49,1,0,20,1,0,0,1,3,0,False,False
35.80142,-1743,-467,0,49,1,0,20,1,0,0,1,3,0,False,False
35.83507,-1743,-467,0,49,1,0,20,1,0,0,1,3,0,False,False
35.86863,-1743,-467,0,49,1,0,20,1,0,0,1,3,0,False,False
35.90196,-1743,-467,0,49,1,0,20,1,0,0,1,3,0,False,False
35.93568,-1743,-467,0,49,1,0,20,1,0,0,1,3,0,False,False
35.96902,-1743,-467,0,49,1,0,20,1,0,0,1,3,0,False,False
36.00235,-1743,-467,0,49,1,0,20,1,0,0,1,3,0,False,False
36.03568,-1743,-467,0,49,1,0,20,1,0,0,1,3,0,False,False
36.06956,-1743,-467,0,49,1,0,20,1,0,0,1,3,0,False,False
36.1032,-1743,-467,0,49,1,0,20,1,0,0,1,3,0,False,False
36.13652,-1743,-467,0,49,1,0,20,1,0,0,1,3,0,False,False
36.1707,-1743,-467,0,49,1,0,20,1,0,0,1,3,0,False,False
36.20403,-1743,-467,0,49,1,0,20,1,0,0,1,3,0,False,False
36.23766,-1743,-467,0,49,1,0,20,1,0,0,1,3,0,False,False
36.271,-1743,-467,0,49,1,1,20,1,0,0,1,3,0,False,False
36.30433,-1743,-467,0,49,1,1,20,1,0,0,1,3,0,False,False
36.33766,-1743,-467,0,49,1,1,20,1,0,0,1,3,0,False,False
36.371,-1743,-467,0,49,1,1,20,1,0,0,1,3,0,False,False
36.40459,-1743,-467,0,49,1,1,20,1,0,0,1,3,0,False,False
36.43799,-1743,-467,0,49,1,1,20,1,0,0,1,3,0,False,False
36.47206,-1743,-467,0,49,1,1,20,1,0,0,1,3,0,False,False
36.50539,-1743,-467,0,49,1,1,20,1,0,0,1,3,0,False,False
36.53872,-1743,-467,0,49,1,1,20,1,0,0,1,3,0,False,False
36.57252,-1743,-467,0,49,1,1,20,1,0,0,1,3,0,False,False
36.60585,-1743,-467,0,49,1,1,20,1,0,0,1,3,0,False,False
36.63919,-1743,-467,0,49,1,1,20,1,0,0,1,3,0,False,False
36.6732,-1743,-467,0,49,1,1,20,1,0,0,1,3,0,False,False
36.70667,-1743,-467,0,49,1,1,20,1,0,0,1,3,0,False,False
36.74043,-1743,-467,0,49,1,1,20,1,0,0,1,3,0,False,False
36.77376,-1743,-467,0,49,1,1,20,1,0,0,1,3,0,False,False
36.80709,-1743,-467,0,49,1,1,20,1,0,0,1,3,0,False,False
36.84069,-1743,-467,0,49,1,1,20,1,0,0,1,3,0,False,False
36.87422,-1743,-467,0,49,1,1,20,1,0,0,1,3,0,False,False
36.90789,-1743,-467,0,49,1,1,20,1,0,0,1,3,0,False,False
36.94122,-1743,-467,0,49,1,1,20,1,0,0,1,3,0,False,False
36.97455,-1743,-467,0,49,1,1,20,1,0,0,1,3,0,False,False
37.00788,-1743,-467,0,49,1,1,20,1,0,0,1,3,0,False,False
37.04122,-1743,-467,0,49,1,1,20,1,0,0,1,3,0,False,False
37.07455,-1743,-467,0,49,1,1,20,1,0,0,1,3,0,False,False
37.1083,-1743,-467,0,49,1,1,20,1,0,0,1,3,0,False,False
37.14164,-1743,-467,0,49,1,1,20,1,0,0,1,3,0,False,False
37.17497,-1743,-467,0,49,1,1,20,1,0,0,1,3,0,False,False
37.2083,-1743,-467,0,49,1,1,20,1,0,0,1,3,0,False,False
37.24193,-1743,-467,0,49,1,1,20,1,0,0,1,3,0,False,False
37.27526,-1743,-467,0,49,1,1,20,1,0,0,1,3,0,False,False
37.30859,-1743,-467,0,49,1,1,20,1,0,0,1,3,0,False,False
37.34193,-1743,-467,0,49,1,1,20,1,0,0,1,3,0,False,False
37.37526,-1743,-467,0,49,1,1,20,1,0,0,1,3,0,False,False
37.40859,-1743,-467,0,49,1,1,20,1,0,0,1,3,0,False,False
37.44193,-1743,-467,0,49,1,1,20,1,0,0,1,3,0,False,False
37.47526,-1743,-467,0,49,1,1,20,1,0,0,1,3,0,False,False
37.50859,-1743,-467,0,49,1,1,20,1,0,0,1,3,0,False,False
37.542,-1743,-467,0,49,1,1,20,1,0,0,1,3,0,False,False
37.57538,-1743,-467,0,49,1,1,20,1,0,0,1,3,0,False,False
37.60872,-1743,-467,0,49,1,1,20,1,0,0,1,3,0,False,False
37.64205,-1743,-467,0,49,1,1,20,1,0,0,1,3,0,False,False
37.67538,-1743,-467,0,49,1,1,20,1,0,0,1,3,0,False,False
37.70888,-1743,-467,0,49,1,1,20,1,0,0,1,3,0,False,False
37.74222,-1743,-467,0,49,1,1,20,1,0,0,1,3,0,False,False
37.77578,-1743,-467,0,49,1,1,20,1,0,0,1,3,0,False,False
37.80961,-1743,-467,0,49,1,1,20,1,0,0,1,3,0,False,False
37.84294,-1743,-467,0,49,1,1,20,1,0,0,1,3,0,False,False
37.87627,-1743,-467,0,49,1,1,20,1,0,0,1,3,0,False,False
37.90961,-1743,-467,0,49,1,1,20,1,0,0,1,3,0,False,False
37.94313,-1743,-467,0,49,1,1,20,1,0,0,1,3,0,False,False
37.97646,-1743,-467,0,49,1,1,20,1,0,0,1,3,0,False,False
38.00996,-1743,-467,0,49,1,1,20,1,0,0,1,3,0,False,False
38.04342,-1743,-467,0,49,1,1,20,1,0,0,1,3,0,False,False
38.07675,-1743,-467,0,49,1,1,20,1,0,0,1,3,0,False,False
38.11008,-1743,-467,0,49,1,1,20,1,0,0,1,3,0,False,False
38.14342,-1743,-467,0,49,1,1,20,1,0,0,1,3,0,False,False
38.17735,-1743,-467,0,49,1,1,20,1,0,0,1,3,0,False,False
38.21073,-1743,-467,0,49,1,1,20,1,0,0,1,3,0,False,False
38.24406,-1743,-467,0,49,1,1,20,1,0,0,1,3,0,False,False
38.27758,-1743,-467,0,49,1,1,20,1,0,0,1,3,0,False,False
38.31091,-1743,-467,0,49,1,1,20,1,0,0,1,3,0,False,False
38.34424,-1743,-467,0,49,1,1,20,1,0,0,1,3,0,False,False
38.37757,-1743,-467,0,49,1,1,20,1,0,0,1,3,0,False,False
38.41091,-1743,-467,0,49,1,1,20,1,0,0,1,3,0,False,False
38.44432,-1743,-467,0,49,1,1,20,1,0,0,1,3,0,False,False
38.47769,-1743,-467,0,49,1,1,20,1,0,0,1,3,0,False,False
38.51102,-1743,-467,0,49,1,1,20,1,0,0,1,3,0,False,False
38.54442,-1743,-467,0,49,1,1,20,1,0,0,1,3,0,False,False
38.57792,-1743,-467,0,49,1,1,20,1,0,0,1,3,0,False,False
38.61125,-1743,-467,0,49,1,1,20,1,0,0,1,3,0,False,False
38.64458,-1743,-467,0,49,1,1,20,1,0,0,1,3,0,False,False
38.67873,-1743,-467,0,49,1,1,21,1,100,0,1,4,0,False,False
38.71206,-1743,-467,0,49,1,1,21,1,100,0,1,4,0,False,False
38.7455,-1743,-467,0,49,1,1,21,1,100,0,1,4,0,False,False
38.77892,-1743,-467,0,49,1,1,21,1,100,0,1,4,0,False,False
38.81226,-1743,-467,0,49,1,1,21,1,100,0,1,4,0,False,False
38.84559,-1743,-467,0,49,1,1,21,1,100,0,1,4,0,False,False
38.87892,-1743,-467,0,49,1,1,21,1,100,0,1,4,0,False,False
38.91326,-1743,-467,0,49,1,1,21,1,100,0,1,4,0,False,False
38.94659,-1743,-467,0,49,1,1,21,1,100,0,1,4,0,False,False
38.97992,-1743,-467,0,49,1,1,21,1,100,0,1,4,0,False,False
39.01326,-1743,-467,0,49,1,1,21,1,100,0,1,4,0,False,False
39.0466,-1743,-467,0,49,1,1,21,1,100,0,1,4,0,False,False
39.07993,-1743,-467,0,49,1,1,21,1,100,0,1,4,0,False,False
39.11335,-1743,-467,0,49,1,1,21,1,100,0,1,4,0,False,False
39.14668,-1743,-467,0,49,1,1,21,1,100,0,1,4,0,False,False
39.18001,-1743,-467,0,49,1,1,21,1,100,0,1,4,0,False,False
39.21334,-1743,-467,0,49,1,1,21,1,100,0,1,4,0,False,False
39.24668,-1743,-467,0,49,1,1,21,1,100,0,1,4,0,False,False
39.28001,-1743,-467,0,49,1,1,21,1,100,0,1,4,0,False,False
39.31334,-1743,-467,0,49,1,1,21,1,100,0,1,4,0,False,False
39.34673,-1743,-467,0,49,1,1,21,1,100,0,1,4,0,False,False
39.38039,-1743,-467,0,49,1,1,21,1,100,0,1,4,0,False,False
39.41372,-1743,-467,0,49,1,1,21,1,100,0,1,4,0,False,False
39.44705,-1743,-467,0,49,1,1,21,1,100,0,1,4,0,False,False
39.48038,-1743,-467,0,49,1,1,21,1,100,0,1,4,0,False,False
39.51372,-1743,-467,0,49,1,1,21,1,100,0,1,4,0,False,False
39.54706,-1743,-467,0,49,1,1,21,1,100,0,1,4,0,False,False
39.58039,-1743,-467,0,49,1,1,21,1,100,0,1,4,0,False,False
39.61372,-1743,-467,0,49,1,1,21,1,100,0,1,4,0,False,False
39.64706,-1743,-467,0,49,1,1,21,1,100,0,1,4,0,False,False
39.68039,-1743,-467,0,49,1,1,21,1,100,0,1,4,0,False,False
39.71372,-1743,-467,0,49,1,1,21,1,100,0,1,4,0,False,False
39.74706,-1743,-467,0,49,1,1,21,1,100,0,1,4,0,False,False
39.7804,-1743,-467,0,49,1,1,21,1,100,0,1,4,0,False,False
39.81422,-1743,-467,0,49,1,1,21,1,100,0,1,4,0,False,False
39.84756,-1743,-467,0,49,1,1,21,1,100,0,1,4,0,False,False
39.88096,-1743,-467,0,49,1,1,21,1,100,0,1,4,0,False,False
39.91452,-1743,-467,0,49,1,1,21,1,100,0,1,4,0,False,False
39.94786,-1743,-467,0,49,1,1,21,1,100,0,1,4,0,False,False
39.98119,-1743,-467,0,49,1,1,21,1,100,0,1,4,0,False,False
40.01516,-1743,-467,0,49,1,1,21,1,100,0,1,4,0,False,False
40.04864,-1743,-467,0,49,1,1,21,1,100,0,1,4,0,False,False
40.08235,-1743,-467,0,49,1,1,21,1,100,0,1,4,0,False,False
40.11575,-1743,-467,0,49,1,1,21,1,100,0,1,4,0,False,False
40.14921,-1743,-467,0,49,1,1,21,1,100,0,1,4,0,False,False
40.18254,-1743,-467,0,49,1,1,21,1,100,0,1,4,0,False,False
40.21588,-1743,-467,0,49,1,1,21,1,100,0,1,4,0,False,False
40.24921,-1743,-467,0,49,1,1,21,1,100,0,1,4,0,False,False
40.28254,-1743,-467,0,49,1,1,21,1,100,0,1,4,0,False,False
40.31662,-1743,-467,0,49,1,1,21,1,100,0,1,4,0,False,False
40.35054,-1743,-467,0,49,1,1,21,1,100,0,1,4,0,False,False
40.38387,-1743,-467,0,49,1,1,21,1,100,0,1,4,0,False,False
40.41762,-1743,-467,0,49,1,1,21,1,100,0,1,4,0,False,False
40.451,-1743,-467,0,49,1,1,21,1,100,0,1,4,0,False,False
40.48454,-1743,-467,0,49,1,1,21,1,100,0,1,4,0,False,False
40.51788,-1743,-467,0,49,1,1,21,1,100,0,1,4,0,False,False
40.55145,-1743,-467,0,49,1,1,21,1,100,0,1,4,0,False,False
40.58488,-1743,-467,0,49,1,1,21,1,100,0,1,4,0,False,False
40.61821,-1743,-467,0,49,1,1,21,1,100,0,1,4,0,False,False
40.65218,-1743,-467,0,49,1,1,21,1,100,0,1,4,0,False,False
40.68551,-1743,-467,0,49,1,1,21,1,100,0,1,4,0,False,False
40.71887,-1743,-467,0,49,1,1,21,1,100,0,1,4,0,False,False
40.75237,-1743,-467,0,49,1,1,21,1,100,0,1,4,0,False,False
40.7857,-1743,-467,0,49,1,1,21,1,100,0,1,4,0,False,False
40.81903,-1743,-467,0,49,1,1,21,1,100,0,1,4,0,False,False
40.85237,-1743,-467,0,49,1,1,21,1,100,0,1,4,0,False,False
40.8857,-1743,-467,0,49,1,1,21,1,100,0,1,4,0,False,False
40.91903,-1743,-467,0,49,1,1,21,1,100,0,1,4,0,False,False
40.95266,-1743,-467,0,49,1,1,21,1,100,0,1,4,0,False,False
40.98599,-1743,-467,0,49,1,1,21,1,100,0,1,4,0,False,False
41.01932,-1743,-467,0,49,1,1,21,1,100,0,1,4,0,False,False
41.05265,-1743,-467,0,49,1,1,21,1,100,0,1,4,0,False,False
41.08665,-1743,-467,0,49,1,1,21,1,100,0,1,4,0,False,False
41.1202,-1743,-467,0,49,1,1,21,1,100,0,1,4,0,False,False
41.15353,-1743,-467,0,49,1,1,21,1,100,0,1,4,0,False,False
41.18687,-1743,-467,0,49,1,1,21,1,100,0,1,4,0,False,False
41.2202,-1743,-467,0,49,1,1,21,1,100,0,1,4,0,False,False
41.25353,-1743,-467,0,49,1,1,21,1,100,0,1,4,0,False,False
41.28731,-1743,-467,0,49,1,1,21,1,100,0,1,4,0,False,False
41.32133,-1743,-467,0,49,1,1,21,1,100,0,1,4,0,False,False
41.35467,-1743,-467,0,49,1,1,21,1,100,0,1,4,0,False,False
41.388,-1743,-467,0,49,1,1,21,1,100,0,1,4,0,False,False
41.42137,-1743,-467,0,49,1,1,21,1,100,0,1,4,0,False,False
41.4547,-1743,-467,0,49,1,1,21,1,100,0,1,4,0,False,False
41.48804,-1743,-467,0,49,1,1,21,1,100,0,1,4,0,False,False
41.52137,-1743,-467,0,49,1,1,21,1,100,0,1,4,0,False,False
41.5547,-1743,-467,0,49,1,1,21,1,100,0,1,4,0,False,False
41.58804,-1743,-467,0,49,1,1,21,1,100,0,1,4,0,False,False
41.62137,-1743,-467,0,49,1,1,21,1,100,0,1,4,0,False,False
41.6547,-1743,-467,0,49,1,1,21,1,100,0,1,4,0,False,False
41.68845,-1743,-467,0,49,1,1,21,1,100,0,1,4,0,False,False
41.72179,-1743,-467,0,49,1,1,21,1,100,0,1,4,0,False,False
41.75595,-1743,-467,0,49,1,1,21,1,100,0,1,4,0,False,False
41.78988,-1743,-467,0,49,1,1,21,1,100,0,1,4,0,False,False
41.82341,-1743,-467,0,49,1,1,21,1,100,0,1,4,0,False,False
41.85674,-1743,-467,0,49,1,1,21,1,100,0,1,4,0,False,False
41.89007,-1743,-467,0,49,1,1,21,1,100,0,1,4,0,False,False
41.92341,-1743,-467,0,49,1,1,21,1,100,0,1,4,0,False,False
41.95675,-1743,-467,0,49,1,1,21,1,100,0,1,4,0,False,False
41.99008,-1743,-467,0,49,1,1,21,1,100,0,1,4,0,False,False
42.02341,-1743,-467,0,49,1,1,21,1,100,0,1,4,0,False,False
42.05674,-1743,-467,0,49,1,1,20,1,100,0,1,5,0,False,False
42.09024,-1743,-467,0,49,1,1,20,1,100,0,1,5,0,False,False
42.12358,-1743,-467,0,49,1,1,20,1,100,0,1,5,0,False,False
42.15734,-1743,-467,0,49,1,1,20,1,100,0,1,5,0,False,False
42.19068,-1743,-467,0,49,1,1,20,1,100,0,1,5,0,False,False
42.22439,-1743,-467,0,49,1,1,20,1,100,0,1,5,0,False,False
42.25772,-1743,-467,0,49,1,1,20,1,100,0,1,5,0,False,False
42.29105,-1743,-467,0,49,1,1,20,1,100,0,1,5,0,False,False
42.32455,-1743,-467,0,49,1,1,20,1,100,0,1,5,0,False,False
42.35789,-1743,-467,0,49,1,1,20,1,100,0,1,5,0,False,False
42.39122,-1743,-467,0,49,1,1,20,1,100,0,1,5,0,False,False
42.42456,-1743,-467,0,49,1,1,20,1,100,0,1,5,0,False,False
42.45789,-1743,-467,0,49,1,1,20,1,100,0,1,5,0,False,False
42.49165,-1743,-467,0,49,1,1,20,1,100,0,1,5,0,False,False
42.52498,-1743,-467,0,49,1,1,20,1,100,0,1,5,0,False,False
42.55832,-1743,-467,0,49,1,1,20,1,100,0,1,5,0,False,False
42.59165,-1743,-467,0,49,1,1,20,1,100,0,1,5,0,False,False
42.62503,-1743,-467,0,49,1,1,20,1,100,0,1,5,0,False,False
42.65836,-1743,-467,0,49,1,1,20,1,100,0,1,5,0,False,False
42.69169,-1743,-467,0,49,1,1,20,1,100,0,1,5,0,False,False
42.72514,-1743,-467,0,49,1,1,20,1,100,0,1,5,0,False,False
42.7595,-1743,-467,0,49,1,1,20,1,100,0,1,5,0,False,False
42.79283,-1743,-467,0,49,1,1,20,1,100,0,1,5,0,False,False
42.82616,-1743,-467,0,49,1,1,20,1,100,0,1,5,0,False,False
42.85971,-1743,-467,0,49,1,1,20,1,100,0,1,5,0,False,False
42.89345,-1743,-467,0,49,1,1,20,1,100,0,1,5,0,False,False
42.92678,-1743,-467,0,49,1,1,20,1,100,0,1,5,0,False,False
42.96035,-1743,-467,0,49,1,1,20,1,100,0,1,5,0,False,False
42.99368,-1743,-467,0,49,1,1,20,1,100,0,1,5,0,False,False
43.02784,-1743,-467,0,49,1,1,20,1,100,0,1,5,0,False,False
43.06129,-1743,-467,0,49,1,1,20,1,100,0,1,5,0,False,False
43.09484,-1743,-467,0,49,1,1,20,1,100,0,1,5,0,False,False
43.12817,-1743,-467,0,49,1,1,20,1,100,0,1,5,0,False,False
43.16151,-1743,-467,0,49,1,1,20,1,100,0,1,5,0,False,False
43.19493,-1743,-467,0,49,1,1,20,1,100,0,1,5,0,False,False
43.22902,-1743,-467,0,49,1,1,20,1,100,0,1,5,0,False,False
43.26235,-1743,-467,0,49,1,1,20,1,100,0,1,5,0,False,False
43.29568,-1743,-467,0,49,1,1,20,1,100,0,1,5,0,False,False
43.32902,-1743,-467,0,49,1,1,20,1,100,0,1,5,0,False,False
43.36235,-1743,-467,0,49,1,1,20,1,100,0,1,5,0,False,False
43.39568,-1743,-467,0,49,1,1,20,1,100,0,1,5,0,False,False
43.42902,-1743,-467,0,49,1,1,20,1,100,0,1,5,0,False,False
43.46235,-1743,-467,0,49,1,1,20,1,100,0,1,5,0,False,False
43.49568,-1743,-467,0,49,1,1,20,1,100,0,1,5,0,False,False
43.52901,-1743,-467,0,49,1,1,20,1,100,0,1,5,0,False,False
43.56249,-1743,-467,0,49,1,1,20,1,100,0,1,5,0,False,False
43.59583,-1743,-467,0,49,1,1,20,1,100,0,1,5,0,False,False
43.62947,-1743,-467,0,49,1,1,20,1,100,0,1,5,0,False,False
43.6631,-1743,-467,0,49,1,1,20,1,100,0,1,5,0,False,False
43.69643,-1743,-467,0,49,1,1,20,1,100,0,1,5,0,False,False
43.72987,-1743,-467,0,49,1,1,20,1,100,0,1,5,0,False,False
43.7635,-1743,-467,0,49,1,1,20,1,100,0,1,5,0,False,False
43.79683,-1743,-467,0,49,1,1,20,1,100,0,1,5,0,False,False
43.83026,-1743,-467,0,49,1,1,20,1,100,0,1,5,0,False,False
43.86359,-1743,-467,0,49,1,1,20,1,100,0,1,5,0,False,False
43.89692,-1743,-467,0,49,1,1,20,1,100,0,1,5,0,False,False
43.93026,-1743,-467,0,49,1,1,20,1,100,0,1,5,0,False,False
43.96359,-1743,-467,0,49,1,1,20,1,100,0,1,5,0,False,False
43.99692,-1743,-467,0,49,1,1,20,1,100,0,1,5,0,False,False
44.03025,-1743,-467,0,49,1,1,20,1,100,0,1,5,0,False,False
44.0643,-1743,-467,0,49,1,1,20,1,100,0,1,5,0,False,False
44.09781,-1743,-467,0,49,1,1,20,1,100,0,1,5,0,False,False
44.13127,-1743,-467,0,49,1,1,20,1,100,0,1,5,0,False,False
44.16465,-1743,-467,0,49,1,1,20,1,100,0,1,5,0,False,False
44.19798,-1743,-467,0,49,1,1,20,1,100,0,1,5,0,False,False
44.23171,-1743,-467,0,49,1,1,20,1,100,0,1,5,0,False,False
44.26505,-1743,-467,0,49,1,1,20,1,100,0,1,5,0,False,False
44.29838,-1743,-467,0,49,1,1,20,1,100,0,1,5,0,False,False
44.33208,-1743,-467,0,49,1,1,20,1,100,0,1,5,0,False,False
44.36541,-1743,-467,0,49,1,1,20,1,100,0,1,5,0,False,False
44.39874,-1743,-467,0,49,1,1,20,1,100,0,1,5,0,False,False
44.43219,-1743,-467,0,49,1,1,20,1,100,0,1,5,0,False,False
44.46552,-1743,-467,0,49,1,1,20,1,100,0,1,5,0,False,False
44.49953,-1743,-467,0,49,1,1,20,1,100,0,1,5,0,False,False
44.53287,-1743,-467,0,49,1,1,20,1,100,0,1,5,0,False,False
44.5662,-1743,-467,0,49,1,1,20,1,100,0,1,5,0,False,False
44.60046,-1743,-467,0,49,1,1,20,1,100,0,1,5,0,False,False
44.63379,-1743,-467,0,49,1,1,20,1,100,0,1,5,0,False,False
44.66713,-1743,-467,0,49,1,1,20,1,100,0,1,5,0,False,False
44.7005,-1743,-467,0,49,1,1,20,1,100,0,1,5,0,False,False
44.73425,-1743,-467,0,49,1,1,20,1,100,0,1,5,0,False,False
44.76771,-1743,-467,0,49,1,1,20,1,100,0,1,5,0,False,False
44.80104,-1743,-467,0,49,1,1,20,1,100,0,1,5,0,False,False
44.83438,-1743,-467,0,49,1,1,20,1,100,0,1,5,0,False,False
44.86771,-1743,-467,0,49,1,1,20,1,100,0,1,5,0,False,False
44.90117,-1743,-467,0,49,1,1,20,1,100,0,1,5,0,False,False
44.93451,-1743,-467,0,49,1,1,20,1,100,0,1,5,0,False,False
44.96784,-1743,-467,0,49,1,1,20,1,100,0,1,5,0,False,False
45.00117,-1743,-467,0,49,1,1,20,1,100,0,1,5,0,False,False
45.0345,-1743,-467,0,49,1,1,20,1,100,0,1,5,0,False,False
45.06784,-1743,-467,0,49,1,1,20,1,100,0,1,5,0,False,False
45.10117,-1743,-467,0,49,1,1,20,1,100,0,1,5,0,False,False
45.1345,-1743,-467,0,49,1,1,20,1,100,0,1,5,0,False,False
45.16784,-1743,-467,0,49,1,1,20,1,100,0,1,5,0,False,False
45.20131,-1743,-467,0,49,1,1,20,1,100,0,1,5,0,False,False
45.23463,-1743,-467,0,49,1,1,20,1,100,0,1,5,0,False,False
45.268,-1743,-467,0,49,1,1,20,1,100,0,1,5,0,False,False
45.30133,-1743,-467,0,49,1,1,20,1,100,0,1,5,0,False,False
45.33476,-1743,-467,0,49,1,1,20,1,100,0,1,5,0,False,False
45.36828,-1743,-467,0,49,1,1,20,1,100,0,1,5,0,False,False
45.40161,-1743,-467,0,49,1,1,20,1,100,0,1,5,0,False,False
45.43494,-1743,-467,0,49,1,1,20,1,100,0,1,5,0,False,False
45.46828,-1743,-467,0,49,1,1,20,1,100,0,1,5,0,False,False
