0.02,923,-860,0,0,0,0,0,0,0,0,0,0,0,False,False
0.04,923,-872,0,0,0,0,0,0,0,0,0,0,0,False,False
0.0735406,923,-872,0,0,0,0,0,0,0,0,0,0,0,False,False
0.1068693,923,-872,0,0,0,0,0,0,0,0,0,0,0,False,False
0.1402034,923,-872,0,0,0,0,0,0,0,0,0,0,0,False,False
0.1735369,909,-873,0,0,0,0,0,0,0,0,0,0,0,False,False
0.2068705,896,-875,0,0,0,0,0,0,0,0,0,0,0,False,False
0.2402039,896,-875,0,0,0,0,0,0,0,0,0,0,0,False,False
0.2740776,896,-875,0,0,0,0,0,0,0,0,0,0,0,False,False
0.3074112,896,-875,0,0,0,0,0,0,0,0,0,0,0,False,False
0.3413366,896,-875,0,0,0,0,0,0,0,0,0,0,0,False,False
0.3746701,896,-875,0,0,0,0,0,0,0,0,0,0,0,False,False
0.408293,896,-875,0,0,0,0,0,0,0,0,0,0,0,False,False
0.441701,896,-875,0,0,0,0,0,0,0,0,0,0,0,False,False
0.4751091,896,-875,0,0,0,0,0,0,0,0,0,0,0,False,False
0.508709,896,-875,0,0,0,0,0,0,0,0,0,0,0,False,False
0.5420958,896,-875,0,0,0,0,0,0,0,0,0,0,0,False,False
0.5754294,896,-875,0,0,0,0,0,0,0,0,0,0,0,False,False
0.6095653,729,-689,0,0,0,0,0,0,0,0,0,0,0,False,False
0.6436164,492,-374,0,0,0,0,0,0,0,0,0,0,0,False,False
0.6769505,370,-193,0,0,0,0,0,0,0,0,0,0,0,False,False
0.710283,251,-36,0,0,0,0,0,0,0,0,0,0,0,False,False
0.7439097,185,36,0,0,0,0,0,0,0,0,0,0,0,False,False
0.7779095,139,72,0,0,0,0,0,0,0,0,0,0,0,False,False
0.8112428,129,78,0,0,0,0,0,0,0,0,0,0,0,False,False
0.8447584,111,87,0,0,0,0,0,0,0,0,0,0,0,False,False
0.878648,89,87,0,0,0,0,0,0,0,0,0,0,0,False,False
0.9125258,33,60,0,0,0,0,0,0,0,0,0,0,0,False,False
0.9458596,-5,30,0,0,0,0,0,0,0,0,0,0,0,False,False
0.9793425,-8,-20,0,0,0,0,0,0,0,0,0,0,0,False,False
1.012676,-8,-20,0,0,0,0,0,0,0,0,0,0,0,False,False
1.046009,-8,-20,0,0,0,0,0,0,0,0,0,0,0,False,False
1.079343,-3,-20,0,0,0,0,0,0,0,0,0,0,0,False,False
1.112676,60,-72,0,0,0,0,0,0,0,0,0,0,0,False,False
1.14601,201,-103,0,0,0,0,0,0,0,0,0,0,0,False,False
1.179344,262,-104,0,0,0,0,0,0,0,0,0,0,0,False,False
1.212677,329,-102,0,0,0,0,0,0,0,0,0,0,0,False,False
1.246011,406,-82,0,0,0,0,0,0,0,0,0,0,0,False,False
1.27979,449,-66,0,0,0,0,0,0,0,0,0,0,0,False,False
1.313205,472,-58,0,0,0,0,0,0,0,0,0,0,0,False,False
1.347116,494,-51,0,0,0,0,0,0,0,0,0,0,0,False,False
1.380449,500,-50,0,0,0,0,0,0,0,0,0,0,0,False,False
1.413783,500,-50,0,0,0,0,0,0,0,0,0,0,0,False,False
1.447118,500,-50,0,0,0,0,0,0,0,0,0,0,0,False,False
1.480786,498,-49,0,0,0,0,0,0,0,0,0,0,0,False,False
1.51468,482,-48,0,0,0,0,0,0,0,0,0,0,0,False,False
1.548604,474,-48,0,0,0,0,0,0,0,0,0,0,0,False,False
1.581937,472,-48,0,0,0,0,0,0,0,0,0,0,0,False,False
1.615424,472,-48,0,0,0,0,0,0,0,0,0,0,0,False,False
1.649337,472,-48,0,0,0,0,0,0,0,0,0,0,0,False,False
1.68267,472,-48,0,0,0,0,0,0,0,0,0,0,0,False,False
1.716159,472,-48,0,0,0,0,0,0,0,0,0,0,0,False,False
1.750069,472,-48,0,0,0,0,0,0,0,0,0,0,0,False,False
1.783402,472,-48,0,0,0,0,0,0,0,0,0,0,0,False,False
1.816736,472,-48,0,0,0,0,0,0,0,0,0,0,0,False,False
1.850068,425,-59,0,0,0,0,0,0,0,0,0,0,0,False,False
1.883693,132,-171,0,0,0,0,0,0,0,0,0,0,0,False,False
1.917027,-161,-275,0,0,0,0,0,0,0,0,0,0,0,False,False
1.950361,-485,-362,0,0,0,0,0,0,0,0,0,0,0,False,False
1.983694,-751,-427,0,0,0,0,0,0,0,0,0,0,0,False,False
2.017027,-917,-466,0,0,0,0,0,0,0,0,0,0,0,False,False
2.050361,-1026,-490,0,0,0,0,0,0,0,0,0,0,0,False,False
2.083695,-1074,-502,0,0,0,0,0,0,0,0,0,0,0,False,False
2.117035,-1074,-503,0,0,0,0,0,0,0,0,0,0,0,False,False
2.150369,-1074,-503,0,0,0,0,0,0,0,0,0,0,0,False,False
2.183829,-1074,-503,0,0,0,0,0,0,0,0,0,0,0,False,False
2.217161,-1074,-503,0,0,0,0,0,0,0,0,0,0,0,False,False
2.250681,-1074,-503,0,0,0,0,0,0,0,0,0,0,0,False,False
2.284014,-1074,-503,0,0,0,0,0,0,0,0,0,0,0,False,False
2.317348,-1081,-497,0,0,0,0,0,0,0,0,0,0,0,False,False
2.350682,-1083,-495,0,0,0,0,0,0,0,0,0,0,0,False,False
2.384016,-1088,-490,0,0,0,0,0,0,0,0,0,0,0,False,False
2.417349,-1090,-489,0,0,0,0,0,0,0,0,0,0,0,False,False
2.450683,-1085,-469,0,0,0,0,0,0,0,0,0,0,0,False,False
2.484016,-1049,-411,0,0,0,0,0,0,0,0,0,0,0,False,False
2.517417,-977,-321,0,0,0,0,0,0,0,0,0,0,0,False,False
2.550751,-878,-227,0,0,0,0,0,0,0,0,0,0,0,False,False
2.58424,-618,-114,0,0,0,0,0,0,0,0,0,0,0,False,False
2.618204,-438,-68,0,0,0,0,0,0,0,0,0,0,0,False,False
2.651538,-184,-21,0,0,0,0,0,0,0,0,0,0,0,False,False
2.685029,126,27,0,0,0,0,0,0,0,0,0,0,0,False,False
2.718362,473,131,0,0,0,0,0,0,0,0,0,0,0,False,False
2.751846,725,212,0,0,0,0,0,0,0,0,0,0,0,False,False
2.78518,940,282,0,0,0,0,0,0,0,0,0,0,0,False,False
2.818644,1060,329,0,0,0,0,0,0,0,0,0,0,0,False,False
2.852566,1081,344,0,0,0,0,0,0,0,0,0,0,0,False,False
2.885899,1084,358,0,0,0,0,0,0,0,0,0,0,0,False,False
2.919233,1071,379,0,0,0,0,0,0,0,0,0,0,0,False,False
2.952566,1040,402,0,0,0,0,0,0,0,0,0,0,0,False,False
2.9859,1001,429,0,0,0,0,0,0,0,0,0,0,0,False,False
3.019233,952,454,0,0,0,0,0,0,0,0,0,0,0,False,False
3.052567,912,472,0,0,0,0,0,0,0,0,0,0,0,False,False
3.085901,860,488,0,0,0,0,0,0,0,0,0,0,0,False,False
3.119234,814,492,0,0,0,0,0,0,0,0,0,0,0,False,False
3.152578,758,497,0,0,0,0,0,0,0,0,0,0,0,False,False
3.185911,681,490,0,0,0,0,0,0,0,0,0,0,0,False,False
3.219245,525,472,0,0,0,0,0,0,0,0,0,0,0,False,False
3.252578,417,452,0,0,0,0,0,0,0,0,0,0,0,False,False
3.285911,377,444,0,0,0,0,0,0,0,0,0,0,0,False,False
3.319245,373,442,0,0,0,0,0,0,0,0,0,0,0,False,False
3.353078,373,442,0,0,0,0,0,0,0,0,0,0,0,False,False
3.386412,413,443,0,0,0,0,0,0,0,0,0,0,0,False,False
3.419745,509,447,0,0,0,0,0,0,0,0,0,0,0,False,False
3.453079,713,453,0,0,0,0,0,0,0,0,0,0,0,False,False
3.486412,975,453,0,0,0,0,0,0,0,0,0,0,0,False,False
3.519746,1356,453,0,0,0,0,0,0,0,0,0,0,0,False,False
3.553595,1569,447,0,0,0,0,0,0,0,0,0,0,0,False,False
3.586929,1704,423,0,0,0,0,0,0,0,0,0,0,0,False,False
3.620419,1721,421,0,0,0,0,0,0,0,0,0,0,0,False,False
3.654314,1718,420,0,0,0,0,0,0,0,0,0,0,0,False,False
3.687647,1616,392,0,0,0,0,0,0,0,0,0,0,0,False,False
3.721141,1237,299,0,0,0,0,0,0,0,0,0,0,0,False,False
3.754475,742,209,0,0,0,0,0,0,0,0,0,0,0,False,False
3.787972,90,113,0,0,0,0,0,0,0,0,0,0,0,False,False
3.82185,-8,17,0,0,0,0,0,0,0,0,0,0,0,False,False
3.855788,-8,-20,0,0,0,0,0,0,0,0,0,0,0,False,False
3.889662,-8,-20,0,0,0,0,0,0,0,0,0,0,0,False,False
3.923606,-8,-20,0,0,0,0,0,0,0,0,0,0,0,False,False
3.956939,-8,-20,0,0,0,0,0,0,0,0,0,0,0,False,False
3.990427,-8,-20,0,0,0,0,0,0,0,0,0,0,0,False,False
4.024309,0,-20,0,0,0,0,0,0,0,0,0,0,0,False,False
4.058218,2,-20,0,0,0,0,0,0,0,0,0,0,0,False,False
4.091551,2,-20,0,0,0,0,0,0,0,0,0,0,0,False,False
4.12507,2,-20,0,0,0,0,0,0,0,0,0,0,0,False,False
4.158403,2,-20,0,0,0,0,0,0,0,0,0,0,0,False,False
4.191861,2,-20,0,0,0,0,0,0,0,0,0,0,0,False,False
4.225359,2,-20,0,0,0,0,0,0,0,0,0,0,0,False,False
4.259265,2,-20,0,0,0,0,0,0,0,0,0,0,0,False,False
4.293149,2,-20,0,0,0,0,0,0,0,0,0,0,0,False,False
4.327121,2,-20,0,0,0,0,0,0,0,0,0,0,0,False,False
4.360455,2,-20,0,0,0,0,0,0,0,0,0,0,0,False,False
4.393945,252,15,0,0,0,0,0,0,0,0,0,0,0,False,False
4.427279,797,97,0,0,0,0,0,0,0,0,0,0,0,False,False
4.460773,1613,227,0,0,0,0,0,0,0,0,0,0,0,False,False
4.494107,1911,399,0,0,0,0,0,0,0,0,0,0,0,False,False
4.52763,1911,534,0,0,0,0,0,0,0,0,0,0,0,False,False
4.560959,1911,649,0,0,0,0,0,0,0,0,0,0,0,False,False
4.594412,1911,667,0,0,0,0,0,0,0,0,0,0,0,False,False
4.627746,1907,667,0,0,0,0,0,0,0,0,0,0,0,False,False
4.661271,1807,655,0,0,0,0,0,0,0,0,0,0,0,False,False
4.694604,1460,626,0,0,0,0,0,0,0,0,0,0,0,False,False
4.728594,965,568,0,0,0,0,0,0,0,0,0,0,0,False,False
4.761927,240,464,0,0,0,0,0,0,0,0,0,0,0,False,False
4.795445,-8,356,0,0,0,0,0,0,0,0,0,0,0,False,False
4.828916,-8,259,0,0,0,0,0,0,0,0,0,0,0,False,False
4.86225,-8,145,0,0,0,0,0,0,0,0,0,0,0,False,False
4.895708,-8,83,0,0,0,0,0,0,0,0,0,0,0,False,False
4.929041,-8,50,0,0,0,0,0,0,0,0,0,0,0,False,False
4.962375,-8,33,0,0,0,0,0,0,0,0,0,0,0,False,False
4.996002,-8,21,0,0,0,0,0,0,0,0,0,0,0,False,False
5.029426,-8,-4,0,0,0,0,0,0,0,0,0,0,0,False,False
5.063349,-8,-20,0,0,0,0,0,0,0,0,0,0,0,False,False
5.097271,-8,-20,0,0,0,0,0,0,0,0,0,0,0,False,False
5.130605,-8,-20,0,0,0,0,0,0,0,0,0,0,0,False,False
5.163939,-8,-20,0,0,0,0,0,0,0,0,0,0,0,False,False
5.197272,-8,-20,0,0,0,0,0,0,0,0,0,0,0,False,False
5.230886,-8,-20,0,0,0,0,0,0,0,0,0,0,0,False,False
5.264794,-8,-20,0,0,0,0,0,0,0,0,0,0,0,False,False
5.298725,-8,-20,0,0,0,0,0,0,0,0,0,0,0,False,False
5.33261,-8,-20,0,0,0,0,0,0,0,0,0,0,0,False,False
5.366491,-8,-20,0,0,0,0,0,0,0,0,0,0,0,False,False
5.399825,-8,-20,0,0,0,0,0,0,0,0,0,0,0,False,False
5.433377,-8,-20,0,0,0,0,0,0,0,0,0,0,0,False,False
5.467281,-8,-20,0,0,0,0,0,0,0,0,0,0,0,False,False
5.500614,-8,-20,0,0,0,0,0,0,0,0,0,0,0,False,False
5.534091,-8,-20,0,0,0,0,0,0,0,0,0,0,0,False,False
5.567976,-8,-20,0,0,0,0,0,0,0,0,0,0,0,False,False
5.60131,16,-9,0,0,0,0,0,0,0,0,0,0,0,False,False
5.634829,171,11,0,0,0,0,0,0,0,0,0,0,0,False,False
5.668163,542,20,0,0,0,0,0,0,0,0,0,0,0,False,False
5.701652,1197,39,0,0,0,0,0,0,0,0,0,0,0,False,False
5.734986,1911,105,0,0,0,0,0,0,0,0,0,0,0,False,False
5.768319,1911,295,0,0,0,0,0,0,0,0,0,0,0,False,False
5.801652,1911,400,0,0,0,0,0,0,0,0,0,0,0,False,False
5.834986,1911,502,0,0,0,0,0,0,0,0,0,0,0,False,False
5.86832,1911,572,0,0,0,0,0,0,0,0,0,0,0,False,False
5.901752,1911,638,0,0,0,0,0,0,0,0,0,0,0,False,False
5.935237,1911,650,0,0,0,0,0,0,0,0,0,0,0,False,False
5.968571,1911,650,0,0,0,0,0,0,0,0,0,0,0,False,False
6.001904,1901,650,0,0,0,0,0,0,0,0,0,0,0,False,False
6.035238,1870,650,0,0,0,0,0,0,0,0,0,0,0,False,False
6.068572,1834,639,0,0,0,0,0,0,0,0,0,0,0,False,False
6.101906,1563,495,0,1,0,0,0,0,0,0,0,0,0,False,False
6.135239,1144,320,0,1,0,0,0,0,0,0,0,0,0,False,False
6.168572,597,207,0,1,0,0,0,0,0,0,0,0,0,False,False
6.201906,-8,73,0,1,0,0,0,0,0,0,0,0,0,False,False
6.235536,-8,-20,0,1,0,0,0,0,0,0,0,0,0,False,False
6.268869,-8,-20,0,1,0,0,0,0,0,0,0,0,0,False,False
6.302572,-8,-20,0,1,0,0,0,0,0,0,0,0,0,False,False
6.335906,-8,-20,0,1,0,0,0,0,0,0,0,0,0,False,False
6.369239,-8,-20,0,1,0,0,0,0,0,0,0,0,0,False,False
6.402573,-8,-20,0,1,0,0,0,0,0,0,0,0,0,False,False
6.436246,-8,-20,0,1,0,0,0,0,0,0,0,0,0,False,False
6.469577,-8,-20,0,1,0,0,0,0,0,0,0,0,0,False,False
6.502911,-8,-20,0,1,0,0,0,0,0,0,0,0,0,False,False
6.536244,-8,-20,0,1,0,0,0,0,0,0,0,0,0,False,False
6.569578,-8,-20,0,1,0,0,0,0,0,0,0,0,0,False,False
6.603278,-8,-20,0,1,0,0,0,0,0,0,0,0,0,False,False
6.636819,-8,-20,0,1,0,0,0,0,0,0,0,0,0,False,False
6.670493,-8,-20,0,1,0,0,0,0,0,0,0,0,0,False,False
6.703825,-8,-20,0,1,0,0,0,0,0,0,0,0,0,False,False
6.737234,-8,-20,0,1,0,0,0,0,0,0,0,0,0,False,False
6.770567,-8,-20,0,1,0,0,0,0,0,0,0,0,0,False,False
6.804127,-8,-20,3,1,0,0,0,0,0,0,0,0,0,False,False
6.83746,-8,-20,3,1,0,0,0,0,0,0,0,0,0,False,False
6.870793,-8,-20,3,1,0,0,0,0,0,0,0,0,0,False,False
6.904128,-8,-15,3,1,0,0,0,0,0,0,0,0,0,False,False
6.93746,-8,-15,3,1,0,0,0,0,0,0,0,0,0,False,False
6.970794,-8,-15,3,1,0,0,0,0,0,0,0,0,0,False,False
7.004174,-8,-20,3,1,0,0,0,0,0,0,0,0,0,False,False
7.037902,-8,-20,3,1,0,0,0,0,0,0,0,0,0,False,False
7.071574,-8,-20,3,1,0,0,0,0,0,0,0,0,0,False,False
7.104908,-8,-20,3,1,0,0,0,0,0,0,0,0,0,False,False
7.138241,-8,-20,3,1,0,0,0,0,0,0,0,0,0,False,False
7.171575,-8,-20,3,1,0,0,0,0,0,0,0,0,0,False,False
7.204908,-8,-18,3,1,0,0,0,0,0,0,0,0,0,False,False
7.238256,-8,-18,3,1,0,0,0,0,0,0,0,0,0,False,False
7.271589,-8,-18,3,1,0,0,0,0,0,0,0,0,0,False,False
7.304923,47,-20,3,1,0,0,0,0,0,0,0,0,0,False,False
7.338256,334,1,3,1,0,0,0,0,0,0,0,0,0,False,False
7.371593,438,0,3,1,0,0,0,0,0,0,0,0,0,False,False
7.405131,438,0,3,1,0,0,0,0,0,0,0,0,0,False,False
7.438467,438,0,3,1,0,0,0,0,0,0,0,0,0,False,False
7.471799,438,0,3,1,0,0,0,0,0,0,0,0,0,False,False
7.50549,438,0,3,1,0,0,0,0,0,0,0,0,0,False,False
7.538824,438,0,3,1,0,0,0,0,0,0,0,0,0,False,False
7.572157,438,0,3,1,0,0,0,0,0,0,0,0,0,False,False
7.606035,447,0,3,1,0,0,0,0,0,0,0,0,0,False,False
7.639369,501,-5,3,1,0,0,0,0,0,0,0,0,0,False,False
7.672702,596,-43,3,1,0,0,0,0,0,0,0,0,0,False,False
7.706035,722,-106,3,1,0,0,0,0,0,0,0,0,0,False,False
7.739369,935,-224,3,1,0,0,0,0,0,0,0,0,0,False,False
7.772797,1126,-325,3,1,0,0,0,0,0,0,0,0,0,False,False
7.80613,1232,-407,3,1,0,0,0,0,0,0,0,0,0,False,False
7.839481,1263,-437,3,1,0,0,0,0,0,0,0,0,0,False,False
7.872815,1261,-450,3,1,0,0,0,0,0,0,0,0,0,False,False
7.906148,1244,-467,3,1,0,0,0,0,0,0,0,0,0,False,False
7.939481,1172,-504,3,1,0,0,0,0,0,0,0,0,0,False,False
7.972816,1084,-524,3,1,0,0,0,0,0,0,0,0,0,False,False
8.006149,1023,-544,3,1,0,0,0,0,0,0,0,0,0,False,False
8.039483,897,-562,3,1,0,0,0,0,0,0,0,0,0,False,False
8.073412,685,-559,3,1,0,0,0,0,0,0,0,0,0,False,False
8.107245,378,-501,3,1,0,0,0,0,0,0,0,0,0,False,False
8.140578,26,-416,3,1,0,0,0,0,0,0,0,0,0,False,False
8.173912,-221,-354,3,1,0,0,0,0,0,0,0,0,0,False,False
8.207245,-469,-288,3,1,0,0,0,0,0,0,0,0,0,False,False
8.240579,-720,-220,3,1,0,0,0,0,0,0,0,0,0,False,False
8.273911,-945,-166,3,1,0,0,0,0,0,0,0,0,0,False,False
8.308293,-1013,-141,3,1,0,0,0,0,0,0,0,0,0,False,False
8.341637,-1046,-120,3,1,0,0,0,0,0,0,0,0,0,False,False
8.374969,-1049,-113,3,1,0,0,0,0,0,0,0,0,0,False,False
8.408785,-963,-84,3,46,0,0,0,0,0,0,1,0,0,False,False
8.442122,-951,-82,3,46,0,0,0,0,0,0,1,0,0,False,False
8.475454,-870,-74,3,46,0,0,0,0,0,0,1,0,0,False,False
8.508788,-551,-73,3,46,0,0,0,0,0,0,1,0,0,False,False
8.542121,-222,-91,3,46,0,0,0,0,0,0,1,0,0,False,False
8.575602,186,-157,3,46,0,0,0,0,0,0,1,0,0,False,False
8.60901,534,-205,3,46,0,0,0,0,0,0,1,0,0,False,False
8.643066,838,-209,3,46,0,0,0,0,0,0,1,0,0,False,False
8.676401,1006,-208,3,46,0,0,0,0,0,0,1,0,0,False,False
8.709734,1093,-198,3,46,0,0,0,0,0,0,1,0,0,False,False
8.74371,1098,-196,3,46,0,0,0,0,0,0,1,0,0,False,False
8.777765,1094,-184,3,46,0,0,0,0,0,0,1,0,0,False,False
8.81118,1061,-156,3,46,0,0,0,0,0,0,1,0,0,False,False
8.844648,987,-126,3,46,0,0,0,0,0,0,1,0,0,False,False
8.877981,858,-102,3,46,0,0,0,0,0,0,1,0,0,False,False
8.911587,732,-92,3,46,0,0,0,0,0,0,1,0,0,False,False
8.944921,607,-90,3,46,0,0,0,0,0,0,1,0,0,False,False
8.978253,375,-97,3,46,0,0,0,0,0,0,1,0,0,False,False
9.011668,200,-100,3,46,0,0,0,0,0,0,1,0,0,False,False
9.045002,30,-100,3,46,0,0,0,0,0,0,1,0,0,False,False
9.07917,-171,-102,3,46,0,0,0,0,0,0,1,0,0,False,False
9.112673,-388,-108,3,46,0,0,0,0,0,0,1,0,0,False,False
9.146039,-447,-119,3,46,0,0,0,0,0,0,1,0,0,False,False
9.179443,-501,-126,3,46,0,0,0,0,0,0,1,0,0,False,False
9.212775,-540,-131,3,46,0,0,0,0,0,0,1,0,0,False,False
9.246109,-562,-136,3,46,0,0,0,0,0,0,1,0,0,False,False
9.279443,-588,-142,3,46,0,0,0,0,0,0,1,0,0,False,False
9.312858,-635,-153,3,46,0,0,0,0,0,0,1,0,0,False,False
9.347149,-679,-158,3,46,0,0,0,0,0,0,1,0,0,False,False
9.380483,-736,-155,3,46,0,0,0,0,0,0,1,0,0,False,False
9.414044,-780,-149,3,46,0,0,0,0,0,0,1,0,0,False,False
9.447377,-810,-145,3,46,0,0,0,0,0,0,1,0,0,False,False
9.480711,-814,-145,3,46,0,0,0,0,0,0,1,0,0,False,False
9.514044,-814,-145,3,46,0,0,0,0,0,0,1,0,0,False,False
9.547378,-797,-151,3,46,0,0,0,0,0,0,1,0,0,False,False
9.580712,-794,-162,3,46,0,0,0,0,0,0,1,0,0,False,False
9.614045,-806,-184,3,46,0,0,0,0,0,0,1,0,0,False,False
9.647379,-836,-211,3,46,0,0,0,0,0,0,1,0,0,False,False
9.680713,-875,-241,3,46,0,0,0,0,0,0,1,0,0,False,False
9.714046,-878,-264,3,46,0,0,0,0,0,0,1,0,0,False,False
9.747379,-868,-310,3,46,0,0,0,0,0,0,1,0,0,False,False
9.780712,-959,-471,3,46,0,0,0,0,0,0,1,0,0,False,False
9.814046,-968,-477,3,46,0,0,0,0,0,0,1,0,0,False,False
9.847379,-968,-477,3,46,0,0,0,0,0,0,1,0,0,False,False
9.880713,-968,-477,3,46,0,0,0,0,0,0,1,0,0,False,False
9.91412,-968,-477,3,46,0,0,0,0,0,0,1,0,0,False,False
9.947453,-968,-477,3,46,0,0,0,0,0,0,1,0,0,False,False
9.980787,-968,-477,3,46,0,0,0,0,0,0,1,0,0,False,False
10.01412,-968,-477,3,46,0,0,0,0,0,0,1,0,0,False,False
10.04759,-968,-477,3,46,0,0,0,0,0,0,1,0,0,False,False
10.08092,-968,-477,3,46,0,0,0,0,0,0,1,0,0,False,False
10.11426,-968,-477,3,46,0,0,0,0,0,0,1,0,0,False,False
10.14759,-968,-477,3,46,0,0,0,0,0,0,1,0,0,False,False
10.18106,-968,-477,3,46,0,0,0,0,0,0,1,0,0,False,False
10.21439,-968,-477,3,46,0,0,0,0,0,0,1,0,0,False,False
10.24773,-968,-477,3,46,0,0,0,0,0,0,1,0,0,False,False
10.28106,-970,-477,3,46,0,0,0,0,0,0,1,0,0,False,False
10.31439,-970,-477,3,46,0,0,0,0,0,0,1,0,0,False,False
10.34849,-962,-478,3,46,0,0,0,0,0,0,1,0,0,False,False
10.38183,-918,-481,3,46,0,0,0,0,0,0,1,0,0,False,False
10.4159,-881,-497,3,46,0,0,0,0,0,0,1,0,0,False,False
10.4494,-877,-511,3,46,0,0,0,0,0,0,1,0,0,False,False
10.48273,-879,-511,3,46,0,0,0,0,0,0,1,0,0,False,False
10.51608,-894,-510,3,46,0,0,0,0,0,0,1,0,0,False,False
10.54941,-900,-501,3,46,0,0,0,0,0,0,1,0,0,False,False
10.58274,-901,-484,3,46,0,0,0,0,0,0,1,0,0,False,False
10.61608,-901,-475,3,46,0,0,0,0,0,0,1,0,0,False,False
10.64956,-901,-474,3,46,0,0,0,0,0,0,1,0,0,False,False
10.6829,-902,-474,3,46,0,0,0,0,0,0,1,0,0,False,False
10.71635,-904,-474,3,46,0,0,0,0,0,0,1,0,0,False,False
10.74974,-912,-472,3,46,0,0,0,0,0,0,1,0,0,False,False
10.78353,-912,-472,3,46,0,0,0,0,0,0,1,0,0,False,False
10.81687,-912,-472,3,46,0,0,0,0,0,0,1,0,0,False,False
10.8502,-915,-472,3,46,0,0,0,0,0,0,1,0,0,False,False
10.8839,-934,-473,3,46,0,0,0,0,0,0,1,0,0,False,False
10.91724,-982,-481,3,46,0,0,0,0,0,0,1,0,0,False,False
10.95057,-1131,-510,3,46,0,0,0,0,0,0,1,0,0,False,False
10.9839,-1157,-510,3,46,0,0,0,0,0,0,1,0,0,False,False
11.01724,-1160,-498,3,46,0,0,0,0,0,0,1,0,0,False,False
11.05057,-1160,-483,3,46,0,0,0,0,0,0,1,0,0,False,False
11.08391,-1157,-474,3,46,0,0,0,0,0,0,1,0,0,False,False
11.11724,-1151,-464,3,46,0,0,0,0,0,0,1,0,0,False,False
11.15057,-1141,-447,3,46,0,0,0,0,0,0,1,0,0,False,False
11.18391,-1123,-423,3,46,0,0,0,0,0,0,1,0,0,False,False
11.21729,-1112,-408,3,46,0,0,0,0,0,0,1,0,0,False,False
11.25072,-1102,-392,3,46,0,0,0,0,0,0,1,0,0,False,False
11.28406,-1098,-384,3,46,0,0,0,0,0,0,1,0,0,False,False
11.31739,-1098,-384,3,46,0,0,0,0,0,0,1,0,0,False,False
11.35075,-1098,-384,3,46,0,0,0,0,0,0,1,0,0,False,False
11.38408,-1098,-384,3,46,0,0,0,0,0,0,1,0,0,False,False
11.41741,-1109,-387,3,46,0,0,0,0,0,0,1,0,0,False,False
11.45075,-1124,-394,3,46,0,0,0,0,0,0,1,0,0,False,False
11.48424,-1133,-396,3,46,0,0,0,0,0,0,1,0,0,False,False
11.51778,-1134,-397,3,46,0,0,0,0,0,0,1,0,0,False,False
11.55111,-1137,-398,3,46,0,0,0,0,0,0,1,0,0,False,False
11.58445,-1139,-399,3,46,0,0,0,0,0,0,1,0,0,False,False
11.61778,-1144,-400,3,46,0,0,0,0,0,0,1,0,0,False,False
11.65127,-1159,-404,3,46,0,0,0,0,0,0,1,0,0,False,False
11.6846,-1178,-411,3,46,0,0,0,0,0,0,1,0,0,False,False
11.71866,-1203,-423,3,46,0,0,0,0,0,0,1,0,0,False,False
11.75199,-1228,-432,3,46,0,0,0,0,0,0,1,0,0,False,False
11.78536,-1232,-433,3,46,0,0,0,0,0,0,1,0,0,False,False
11.81869,-1232,-433,3,46,0,0,0,0,0,0,1,0,0,False,False
11.8531,-1232,-433,3,46,0,0,0,0,0,0,1,0,0,False,False
11.88643,-1232,-433,3,46,0,0,0,0,0,0,1,0,0,False,False
11.91977,-1232,-433,3,46,0,0,0,0,0,0,1,0,0,False,False
11.9531,-1232,-433,3,46,0,0,0,0,0,0,1,0,0,False,False
11.98652,-1232,-433,3,46,0,0,0,0,0,0,1,0,0,False,False
12.01985,-1232,-433,3,46,0,0,0,0,0,0,1,0,0,False,False
12.05318,-1232,-433,3,46,0,0,0,0,0,0,1,0,0,False,False
12.08652,-1232,-433,3,46,0,0,0,0,0,0,1,0,0,False,False
12.11985,-1232,-433,3,46,0,0,0,0,0,0,1,0,0,False,False
12.15318,-1232,-433,3,46,0,0,0,0,0,0,1,0,0,False,False
12.18669,-1232,-433,3,46,0,0,0,0,0,0,1,0,0,False,False
12.22003,-1232,-433,3,46,0,0,0,0,0,0,1,0,0,False,False
12.25336,-1232,-433,3,46,0,0,0,0,0,0,1,0,0,False,False
12.28669,-1232,-433,3,46,0,0,0,0,0,0,1,0,0,False,False
12.32003,-1232,-433,3,46,0,0,0,0,0,0,1,0,0,False,False
12.3539,-1232,-433,3,46,0,0,0,0,0,0,1,0,0,False,False
12.38723,-1232,-433,3,46,0,0,0,0,0,0,1,0,0,False,False
12.42057,-1232,-433,3,46,0,0,0,0,0,0,1,0,0,False,False
12.45391,-1232,-433,3,46,0,0,0,0,0,0,1,0,0,False,False
12.48724,-1232,-433,3,46,0,0,0,0,0,0,1,0,0,False,False
12.52102,-1232,-433,3,46,0,0,0,0,0,0,1,0,0,False,False
12.55435,-1232,-433,3,46,0,0,0,0,0,0,1,0,0,False,False
12.58792,-1232,-433,3,46,0,0,0,0,0,0,1,0,0,False,False
12.62126,-1232,-433,3,46,0,0,0,0,0,0,1,0,0,False,False
12.65501,-1232,-433,3,46,0,0,0,0,0,0,1,0,0,False,False
12.68834,-1232,-433,3,46,0,0,0,0,0,0,1,0,0,False,False
12.72172,-1232,-433,3,46,0,0,0,0,0,0,1,0,0,False,False
12.75534,-1232,-433,3,46,0,0,0,0,0,0,1,0,0,False,False
12.78867,-1232,-433,3,46,0,0,0,0,0,0,1,0,0,False,False
12.822,-1232,-433,3,46,0,0,0,0,0,0,1,0,0,False,False
12.85589,-1232,-433,3,46,0,0,0,0,0,0,1,0,0,False,False
12.88942,-1232,-433,3,46,0,0,0,0,0,0,1,0,0,False,False
12.92291,-1232,-433,3,46,0,0,0,0,0,0,1,0,0,False,False
12.95624,-1232,-433,3,46,0,0,0,0,0,0,1,0,0,False,False
12.98991,-1232,-433,3,46,0,0,0,0,0,0,1,0,0,False,False
13.02404,-1232,-433,3,46,0,0,0,0,0,0,1,0,0,False,False
13.0574,-1232,-433,3,46,0,0,0,0,0,0,1,0,0,False,False
13.09074,-1232,-433,3,46,0,0,0,0,0,0,1,0,0,False,False
13.1241,-1232,-433,3,46,0,0,0,0,0,0,1,0,0,False,False
13.15743,-1232,-433,3,46,0,0,0,0,0,0,1,0,0,False,False
13.19077,-1232,-433,3,46,0,0,0,0,0,0,1,0,0,False,False
13.2241,-1232,-433,3,46,0,0,0,0,0,0,1,0,0,False,False
13.25817,-1232,-433,3,46,0,0,0,0,0,0,1,0,0,False,False
13.29151,-1232,-433,3,46,0,0,0,0,0,0,1,0,0,False,False
13.32489,-1232,-433,3,46,0,0,0,0,0,0,1,0,0,False,False
13.35822,-1232,-433,3,46,0,0,0,0,0,0,1,0,0,False,False
13.39156,-1232,-433,3,46,0,0,0,0,0,0,1,0,0,False,False
13.42489,-1232,-433,3,46,0,0,0,0,0,0,1,0,0,False,False
13.45823,-1232,-433,3,46,0,0,0,0,0,0,1,0,0,False,False
13.49164,-1232,-433,3,46,0,0,0,0,0,0,1,0,0,False,False
13.52498,-1232,-433,3,46,0,0,0,0,0,0,1,0,0,False,False
13.55842,-1232,-433,3,46,0,0,0,0,0,0,1,0,0,False,False
13.59175,-1232,-433,3,46,0,0,0,0,0,0,1,0,0,False,False
13.6253,-1232,-433,3,46,0,0,0,0,0,0,1,0,0,False,False
13.65864,-1234,-433,3,46,0,0,0,0,0,0,1,0,0,False,False
13.69197,-1238,-434,3,46,0,0,0,0,0,0,1,0,0,False,False
13.72541,-1240,-434,3,46,0,0,0,0,0,0,1,0,0,False,False
13.75875,-1240,-434,3,46,0,0,0,0,0,0,1,0,0,False,False
13.79233,-1240,-434,3,46,0,0,0,0,0,0,1,0,0,False,False
13.82566,-1240,-434,3,46,0,0,0,0,0,0,1,0,0,False,False
13.85918,-1240,-434,3,46,0,0,0,0,0,0,1,0,0,False,False
13.89252,-1240,-434,3,46,0,0,0,0,0,0,1,0,0,False,False
13.9259,-1240,-434,3,46,0,0,0,0,0,0,1,0,0,False,False
13.95924,-1240,-434,3,46,0,0,0,0,0,0,1,0,0,False,False
13.99257,-1240,-434,3,46,0,0,0,0,0,0,1,0,0,False,False
14.0259,-1240,-434,3,46,0,0,0,0,0,0,1,0,0,False,False
14.05925,-1240,-434,3,46,0,0,0,0,0,0,1,0,0,False,False
14.09258,-1240,-434,3,46,0,0,0,0,0,0,1,0,0,False,False
14.12592,-1240,-434,3,46,0,0,0,0,0,0,1,0,0,False,False
14.15925,-1240,-434,3,46,0,0,0,0,0,0,1,0,0,False,False
14.19312,-1240,-434,3,46,0,0,0,0,0,0,1,0,0,False,False
14.22646,-1212,-400,3,46,0,0,0,0,0,0,1,0,0,False,False
14.25979,-1169,-356,3,46,0,0,0,0,0,0,1,0,0,False,False
14.29312,-1101,-273,3,46,0,0,0,0,0,0,1,0,0,False,False
14.32646,-981,-171,3,46,0,0,0,0,0,0,1,0,0,False,False
14.36018,-899,-120,3,46,0,0,0,0,0,0,1,0,0,False,False
14.39351,-849,-86,3,46,0,0,0,0,0,0,1,0,0,False,False
14.42709,-831,-84,3,46,0,0,0,0,0,0,1,0,0,False,False
14.46042,-823,-83,3,46,0,0,0,0,0,0,1,0,0,False,False
14.49375,-818,-83,3,46,0,0,0,0,0,0,1,0,0,False,False
14.52709,-809,-89,3,46,0,0,0,0,0,0,1,0,0,False,False
14.56042,-793,-99,3,46,0,0,0,0,0,0,1,0,0,False,False
14.59375,-767,-113,3,46,0,0,0,0,0,0,1,0,0,False,False
14.62787,-737,-119,3,46,0,0,0,0,0,0,1,0,0,False,False
14.66162,-730,-121,3,46,0,0,0,0,0,0,1,0,0,False,False
14.695,-727,-123,3,46,0,0,0,0,0,0,1,0,0,False,False
14.72833,-722,-126,3,46,0,0,0,0,0,0,1,0,0,False,False
14.76192,-718,-129,3,46,0,0,0,0,0,0,1,0,0,False,False
14.79525,-715,-132,3,46,0,0,0,0,0,0,1,0,0,False,False
14.82911,-713,-135,3,46,0,0,0,0,0,0,1,0,0,False,False
14.86244,-708,-142,3,46,0,0,0,0,0,0,1,0,0,False,False
14.89578,-705,-145,3,46,0,0,0,0,0,0,1,0,0,False,False
14.92911,-703,-147,3,46,0,0,0,0,0,0,1,0,0,False,False
14.96333,-702,-147,3,46,0,0,0,0,0,0,1,0,0,False,False
14.9972,-702,-147,3,46,0,0,0,0,0,0,1,0,0,False,False
15.03053,-701,-148,3,46,0,0,0,0,0,0,1,0,0,False,False
15.0639,-701,-148,3,46,0,0,0,0,0,0,1,0,0,False,False
15.09723,-701,-148,3,46,0,0,0,0,0,0,1,0,0,False,False
15.13056,-701,-148,3,46,0,0,0,0,0,0,1,0,0,False,False
15.16426,-701,-148,3,46,0,0,0,0,0,0,1,0,0,False,False
15.19759,-705,-148,3,46,0,0,0,0,0,0,1,0,0,False,False
15.23114,-714,-149,3,46,0,0,0,0,0,0,1,0,0,False,False
15.26447,-724,-149,3,46,0,0,0,0,0,0,1,0,0,False,False
15.29781,-732,-149,3,46,0,0,0,0,0,0,1,0,0,False,False
15.33142,-737,-150,3,46,0,0,0,0,0,0,1,0,0,False,False
15.36475,-741,-150,3,46,0,0,0,0,0,0,1,0,0,False,False
15.39809,-741,-150,3,46,0,0,0,0,0,0,1,0,0,False,False
15.43142,-742,-150,3,46,0,0,0,0,0,0,1,0,0,False,False
15.46475,-743,-150,3,46,0,0,0,0,0,0,1,0,0,False,False
15.49832,-743,-150,3,46,0,0,0,0,0,0,1,0,0,False,False
15.53166,-744,-150,3,46,0,0,0,0,0,0,1,0,0,False,False
15.56499,-747,-151,3,46,0,0,0,0,0,0,1,0,0,False,False
15.59832,-750,-152,3,46,0,0,0,0,0,0,1,0,0,False,False
15.63166,-752,-152,3,46,0,0,0,0,0,0,1,0,0,False,False
15.66523,-753,-153,3,46,0,0,0,0,0,0,1,0,0,False,False
15.69856,-754,-154,3,46,0,0,0,0,0,0,1,0,0,False,False
15.7319,-756,-154,3,46,0,0,0,0,0,0,1,0,0,False,False
15.76523,-757,-154,3,46,0,0,0,0,0,0,1,0,0,False,False
15.79868,-758,-155,3,46,0,0,0,0,0,0,1,0,0,False,False
15.83217,-761,-155,3,46,0,0,0,0,0,0,1,0,0,False,False
15.86551,-763,-156,3,46,0,0,0,0,0,0,1,0,0,False,False
15.89887,-769,-158,3,46,0,0,0,0,0,0,1,0,0,False,False
15.93315,-780,-160,3,46,0,0,0,0,0,0,1,0,0,False,False
15.96692,-784,-161,3,46,0,0,0,0,0,0,1,0,0,False,False
16.00069,-784,-161,3,46,0,0,0,0,0,0,1,0,0,False,False
16.03406,-784,-161,3,46,0,0,0,0,0,0,1,0,0,False,False
16.06759,-784,-161,3,46,0,0,0,0,0,0,1,0,0,False,False
16.10092,-784,-161,3,46,0,0,0,0,0,0,1,0,0,False,False
16.13425,-784,-161,3,46,0,0,0,0,0,0,1,0,0,False,False
16.16811,-785,-159,3,46,0,0,0,0,0,0,1,0,0,False,False
16.2021,-785,-158,3,46,0,0,0,0,0,0,1,0,0,False,False
16.23544,-785,-155,3,46,0,0,0,0,0,0,1,0,0,False,False
16.26877,-785,-155,3,46,0,0,0,0,0,0,1,0,0,False,False
16.3021,-785,-155,3,46,0,0,0,0,0,0,1,0,0,False,False
16.33543,-785,-155,3,46,0,0,0,0,0,0,1,0,0,False,False
16.36877,-785,-155,3,46,0,0,0,0,0,0,1,0,0,False,False
16.40262,-785,-155,3,46,0,0,0,0,0,0,1,0,0,False,False
16.43596,-785,-155,3,46,0,0,0,0,0,0,1,0,0,False,False
16.46929,-783,-156,3,46,0,0,0,0,0,0,1,0,0,False,False
16.50263,-781,-157,3,46,0,0,0,0,0,0,1,0,0,False,False
16.53596,-779,-157,3,46,0,0,0,0,0,0,1,0,0,False,False
16.56929,-775,-157,3,46,0,0,0,0,0,0,1,0,0,False,False
16.60269,-769,-154,3,46,0,0,0,0,0,0,1,0,0,False,False
16.63602,-767,-153,3,46,0,0,0,0,0,0,1,0,0,False,False
16.66936,-767,-153,3,46,0,0,0,0,0,0,1,0,0,False,False
16.70269,-767,-153,3,46,0,0,0,0,0,0,1,0,0,False,False
16.73602,-767,-153,3,46,0,0,0,0,0,0,1,0,0,False,False
16.76936,-765,-153,3,46,0,0,0,0,0,0,1,0,0,False,False
16.80269,-763,-154,3,46,0,0,0,0,0,0,1,0,0,False,False
16.83602,-763,-154,3,46,0,0,0,0,0,0,1,0,0,False,False
16.86936,-763,-154,3,46,0,0,0,0,0,0,1,0,0,False,False
16.90269,-763,-154,3,46,0,0,0,0,0,0,1,0,0,False,False
16.93602,-763,-154,3,46,0,0,0,0,0,0,1,0,0,False,False
16.96976,-763,-154,3,46,0,0,0,0,0,0,1,0,0,False,False
17.00309,-763,-154,3,46,0,0,0,0,0,0,1,0,0,False,False
17.03643,-763,-154,3,46,0,0,0,0,0,0,1,0,0,False,False
17.06976,-763,-154,3,46,0,0,0,0,0,0,1,0,0,False,False
17.10388,-763,-154,3,46,0,0,0,0,0,0,1,0,0,False,False
17.13721,-763,-154,3,46,0,0,0,0,0,0,1,0,0,True,False
17.17054,-763,-154,3,46,0,0,0,0,0,0,1,0,0,True,False
17.20387,-763,-154,3,46,0,0,0,0,0,0,1,0,0,True,False
17.23805,-763,-154,3,46,0,0,0,0,0,0,1,0,0,True,False
17.27142,-763,-154,3,46,0,0,29,1,0,0,2,0,0,False,False
17.30518,-763,-154,3,46,0,0,29,1,0,0,2,0,0,False,False
17.33851,-763,-154,3,46,0,0,29,1,0,0,2,0,0,False,False
17.37257,-763,-154,3,46,0,0,29,1,0,0,2,0,0,False,False
17.4059,-763,-154,3,46,0,0,29,1,0,0,2,0,0,False,False
17.43923,-763,-154,3,46,0,0,29,1,0,0,2,0,0,False,False
17.47256,-763,-154,3,46,0,0,29,1,0,0,2,0,0,False,False
17.5059,-763,-154,3,46,0,0,29,1,0,0,2,0,0,False,False
17.53974,-763,-154,3,46,0,0,29,1,0,0,2,0,0,False,False
17.5733,-763,-154,3,46,0,0,29,1,0,0,2,0,0,False,False
17.60663,-763,-154,3,46,0,0,29,1,0,0,2,0,0,False,False
17.63996,-763,-154,3,46,0,0,29,1,0,0,2,0,0,False,False
17.67385,-763,-154,3,46,0,0,29,1,0,0,2,0,0,False,False
17.70719,-763,-154,3,46,0,0,29,1,0,0,2,0,0,False,False
17.74052,-763,-154,3,46,0,0,29,1,0,0,2,0,0,False,False
17.77386,-763,-154,3,46,0,0,29,1,0,0,2,0,0,False,False
17.80719,-763,-154,3,46,0,0,29,1,0,0,2,0,0,False,False
17.84054,-763,-154,3,46,0,0,29,1,0,0,2,0,0,False,False
17.87443,-763,-154,3,46,0,0,29,1,0,0,2,0,0,False,False
17.90776,-763,-154,3,46,0,0,29,1,0,0,2,0,0,False,False
17.94133,-763,-154,3,46,0,0,29,1,0,0,2,0,0,False,False
17.97466,-763,-154,3,46,0,0,29,1,0,0,2,0,0,False,False
18.008,-763,-154,3,46,0,0,29,1,0,0,2,0,0,False,False
18.04208,-763,-154,3,46,0,0,29,1,0,0,2,0,0,False,False
18.07548,-763,-154,3,46,0,0,29,1,0,0,2,0,0,False,False
18.10922,-763,-154,3,46,0,0,29,1,0,0,2,0,0,False,False
18.14256,-763,-154,3,46,0,0,29,1,0,0,2,0,0,False,False
18.17604,-763,-154,3,46,0,0,29,1,0,0,2,0,0,False,False
18.20937,-763,-154,3,46,0,0,29,1,0,0,2,0,0,False,False
18.24272,-763,-154,3,46,0,0,29,1,0,0,2,0,0,False,False
18.27605,-763,-154,3,46,0,0,29,1,0,0,2,0,0,False,False
18.30938,-763,-154,3,46,0,0,29,1,0,0,2,0,0,False,False
18.34314,-763,-154,3,46,0,0,29,1,0,0,2,0,0,False,False
18.37671,-763,-154,3,46,0,0,29,1,0,0,2,0,0,True,False
18.41005,-763,-154,3,46,0,0,29,1,0,0,2,0,0,True,False
18.44351,-763,-154,3,46,0,0,29,1,0,0,2,0,0,True,False
18.47685,-763,-154,3,46,1,0,29,1,0,0,3,0,0,False,False
18.52241,-763,-154,3,46,1,0,29,1,0,0,3,0,0,False,False
18.55575,-763,-154,3,46,1,0,29,1,0,0,3,0,0,False,False
18.58908,-763,-154,3,46,1,0,29,1,0,0,3,0,0,False,False
18.62241,-763,-154,3,46,1,0,29,1,0,0,3,0,0,False,False
18.65575,-763,-154,3,46,1,0,29,1,0,0,3,0,0,False,False
18.68978,-763,-154,3,46,1,0,29,1,0,0,3,0,0,False,False
18.72348,-763,-154,3,46,1,0,29,1,0,0,3,0,0,False,False
18.75682,-763,-154,3,46,1,0,29,1,0,0,3,0,0,False,False
18.79015,-763,-154,3,46,1,0,29,1,0,0,3,0,0,False,False
18.82386,-763,-154,3,46,1,0,29,1,0,0,3,0,0,False,False
18.85719,-763,-154,3,46,1,0,29,1,0,0,3,0,0,False,False
18.89052,-763,-154,3,46,1,0,29,1,0,0,3,0,0,False,False
18.92386,-763,-154,3,46,1,0,29,1,0,0,3,0,0,False,False
18.95761,-763,-154,3,46,1,0,29,1,0,0,3,0,0,False,False
18.99094,-763,-154,3,46,1,0,29,1,0,0,3,0,0,False,False
19.02483,-763,-154,3,46,1,0,29,1,0,0,3,0,0,False,False
19.05816,-763,-154,3,46,1,0,29,1,0,0,3,0,0,False,False
19.09202,-763,-154,3,46,1,0,29,1,0,0,3,0,0,False,False
19.12537,-763,-154,3,46,1,0,29,1,0,0,3,0,0,False,False
19.1587,-763,-154,3,46,1,0,29,1,0,0,3,0,0,False,False
19.19225,-763,-154,3,46,1,0,29,1,0,0,3,0,0,False,False
19.22558,-763,-154,3,46,1,0,29,1,0,0,3,0,0,False,False
19.25911,-763,-154,3,46,1,0,29,1,0,0,3,0,0,False,False
19.29279,-763,-154,3,46,1,0,29,1,0,0,3,0,0,False,False
19.32613,-763,-154,3,46,1,0,29,1,0,0,3,0,0,False,False
19.35946,-763,-154,3,46,1,0,29,1,0,0,3,0,0,False,False
19.39322,-763,-154,3,46,1,0,29,1,0,0,3,0,0,False,False
19.42656,-763,-154,3,46,1,0,29,1,0,0,3,0,0,False,False
19.46059,-763,-154,3,46,1,0,29,1,0,0,3,0,0,False,False
19.49401,-763,-154,3,46,1,0,29,1,0,0,3,0,0,False,False
19.52738,-763,-154,3,46,1,0,29,1,0,0,3,0,0,False,False
19.56071,-763,-154,3,46,1,0,29,1,0,0,3,0,0,False,False
19.59442,-763,-154,3,46,1,0,29,1,0,0,3,0,0,False,False
19.62794,-763,-154,3,46,1,0,29,1,0,0,3,0,0,False,False
19.66127,-763,-154,3,46,1,0,29,1,0,0,3,0,0,False,False
19.6946,-763,-154,3,46,1,0,29,1,0,0,3,0,0,False,False
19.72794,-763,-154,3,46,1,0,29,1,0,0,3,0,0,False,False
19.76153,-763,-154,3,46,1,0,29,1,0,0,3,0,0,False,False
19.79486,-763,-154,3,46,1,0,29,1,0,0,3,0,0,False,False
19.82819,-763,-154,3,46,1,0,29,1,0,0,3,0,0,False,False
19.86153,-763,-154,3,46,1,0,29,1,0,0,3,0,0,False,False
19.89494,-763,-154,3,46,1,0,29,1,0,0,3,0,0,False,False
19.92852,-763,-154,3,46,1,0,29,1,0,0,3,0,0,False,False
19.96185,-763,-154,3,46,1,0,29,1,0,0,3,0,0,False,False
19.99593,-763,-154,3,46,1,0,29,1,0,0,3,0,0,False,False
20.02926,-763,-154,3,46,1,0,29,1,0,0,3,0,0,False,False
20.06259,-763,-154,3,46,1,0,29,1,0,0,3,0,0,False,False
20.09593,-763,-154,3,46,1,0,29,1,0,0,3,0,0,False,False
20.12926,-763,-154,3,46,1,0,29,1,0,0,3,0,0,False,False
20.16259,-763,-154,3,46,1,0,29,1,0,0,3,0,0,False,False
20.19592,-763,-154,3,46,1,0,29,1,0,0,3,0,0,False,False
20.22961,-763,-154,3,46,1,0,29,1,0,0,3,0,0,False,False
20.26294,-763,-154,3,46,1,0,29,1,0,0,3,0,0,False,False
20.29628,-763,-154,3,46,1,0,29,1,0,0,3,0,0,False,False
20.33016,-763,-154,3,46,1,0,29,1,0,0,3,0,0,False,False
20.36349,-763,-154,3,46,1,0,29,1,0,0,3,0,0,False,False
20.39683,-763,-154,3,46,1,0,29,1,0,0,3,0,0,False,False
20.43016,-763,-154,3,46,1,0,29,1,0,0,3,0,0,False,False
20.46372,-763,-154,3,46,1,0,29,1,0,0,3,0,0,False,False
20.49706,-763,-154,3,46,1,0,29,1,0,0,3,0,0,False,False
20.53039,-763,-154,3,46,1,0,29,1,0,0,3,0,0,False,False
20.56372,-763,-154,3,46,1,0,29,1,0,0,3,0,0,False,False
20.59783,-763,-154,3,46,1,0,29,1,0,0,3,0,0,False,False
20.63117,-763,-154,3,46,1,0,29,1,0,0,3,0,0,False,False
20.66476,-763,-154,3,46,1,0,29,1,0,0,3,0,0,False,False
20.69809,-763,-154,3,46,1,0,29,1,0,0,3,0,0,False,False
20.73143,-763,-154,3,46,1,0,29,1,0,0,3,0,0,False,False
20.76476,-763,-154,3,46,1,0,29,1,0,0,3,0,0,False,False
20.79809,-763,-154,3,46,1,0,29,1,0,0,3,0,0,False,False
20.8318,-763,-154,3,46,1,0,29,1,0,0,3,0,0,False,False
20.86513,-763,-154,3,46,1,0,29,1,0,0,3,0,0,False,False
20.89847,-763,-154,3,46,1,0,29,1,0,0,3,0,0,False,False
20.93234,-763,-154,3,46,1,0,29,1,0,0,3,0,0,False,False
20.96568,-763,-154,3,46,1,0,29,1,0,0,3,0,0,False,False
20.99905,-763,-154,3,46,1,0,29,1,0,0,3,0,0,False,False
21.03244,-763,-154,3,46,1,0,29,1,0,0,3,0,0,False,False
21.06577,-763,-154,3,46,1,0,29,1,0,0,3,0,0,False,False
21.0991,-763,-154,3,46,1,0,29,1,0,0,3,0,0,False,False
21.13243,-763,-154,3,46,1,0,29,1,0,0,3,0,0,False,False
21.16618,-763,-154,3,46,1,0,29,1,0,0,3,0,0,False,False
21.19951,-763,-154,3,46,1,0,29,1,0,0,3,0,0,False,False
21.23354,-763,-154,3,46,1,0,29,1,0,0,3,0,0,False,False
21.26727,-763,-154,3,46,1,0,29,1,0,0,3,0,0,False,False
21.30106,-763,-154,3,46,1,0,29,1,0,0,3,0,0,False,False
21.33439,-763,-154,3,46,1,0,29,1,0,0,3,0,0,False,False
21.36773,-763,-154,3,46,1,0,29,1,0,0,3,0,0,False,False
21.40106,-763,-154,3,46,1,0,29,1,0,0,3,0,0,False,False
21.43439,-763,-154,3,46,1,0,29,1,0,0,3,0,0,False,False
21.46773,-763,-154,3,46,1,0,29,1,0,0,3,0,0,False,False
21.50106,-763,-154,3,46,1,0,29,1,0,0,3,0,0,False,False
21.53446,-763,-154,3,46,1,0,29,1,0,0,3,0,0,False,False
21.5678,-763,-154,3,46,1,0,29,1,0,0,3,0,0,False,False
21.60113,-784,-163,3,46,1,0,29,1,0,0,3,0,0,False,False
21.63468,-815,-170,3,46,1,0,29,1,0,0,3,0,0,False,False
21.66801,-817,-170,3,46,1,0,29,1,0,0,3,0,0,False,False
21.70135,-817,-170,3,46,1,0,29,1,0,0,3,0,0,False,False
21.73468,-822,-170,3,46,1,0,29,1,0,0,3,0,0,False,False
21.76801,-833,-170,3,46,1,0,29,1,0,0,3,0,0,False,False
21.80163,-868,-172,3,46,1,0,29,1,0,0,3,0,0,False,False
21.83512,-912,-176,3,46,1,0,29,1,0,0,3,0,0,False,False
21.86845,-948,-181,3,46,1,0,29,1,0,0,3,0,0,False,False
21.90237,-958,-181,3,46,1,0,29,1,0,0,3,0,0,False,False
21.93571,-958,-181,3,46,1,0,29,1,0,0,3,0,0,False,False
21.96904,-958,-181,3,46,1,0,29,1,0,0,3,0,0,False,False
22.00237,-958,-181,3,46,1,0,29,1,0,0,3,0,0,False,False
22.03571,-958,-181,3,46,1,0,29,1,0,0,3,0,0,False,False
22.0692,-958,-181,3,46,1,0,29,1,0,0,3,0,0,False,False
22.10253,-958,-181,3,46,1,0,29,1,0,0,3,0,0,False,False
22.13588,-958,-181,3,46,1,0,29,1,0,0,3,0,0,False,False
22.16921,-958,-181,3,46,1,0,29,1,0,0,3,0,0,False,False
22.20325,-958,-181,3,46,1,0,29,1,0,0,3,0,0,False,False
22.23659,-958,-181,3,46,1,0,29,1,0,0,3,0,0,False,False
22.26992,-958,-181,3,46,1,0,29,1,0,0,3,0,0,False,False
22.30361,-958,-181,3,46,1,0,29,1,0,0,3,0,0,False,False
22.33695,-958,-181,3,46,1,0,29,1,0,0,3,0,0,False,False
22.37028,-958,-181,3,46,1,0,29,1,0,0,3,0,0,False,False
22.40361,-958,-181,3,46,1,0,29,1,0,0,3,0,0,False,False
22.43695,-958,-181,3,46,1,0,29,1,0,0,3,0,0,False,False
22.47028,-958,-181,3,46,1,0,29,1,0,0,3,0,0,False,False
22.50393,-958,-181,3,46,1,0,29,1,0,0,3,0,0,False,False
22.53769,-958,-181,3,46,1,0,29,1,0,0,3,0,0,False,False
22.5711,-958,-181,3,46,1,0,29,1,0,0,3,0,0,False,False
22.60468,-958,-181,3,46,1,0,29,1,0,0,3,0,0,False,False
22.63801,-958,-181,3,46,1,0,29,1,0,0,3,0,0,False,False
22.67134,-958,-181,3,46,1,0,29,1,0,0,3,0,0,False,False
22.70482,-958,-181,3,46,1,0,29,1,0,0,3,0,0,False,False
22.73815,-958,-181,3,46,1,0,29,1,0,0,3,0,0,False,False
22.77149,-958,-181,3,46,1,0,29,1,0,0,3,0,0,False,False
22.80492,-958,-181,3,46,1,0,29,1,0,0,3,0,0,False,False
22.83825,-958,-181,3,46,1,0,29,1,0,0,3,0,0,False,False
22.87158,-958,-181,3,46,1,0,29,1,0,0,3,0,0,False,False
22.90493,-958,-181,3,46,1,0,29,1,0,0,3,0,0,False,False
22.93826,-958,-181,3,46,1,0,29,1,0,0,3,0,0,False,False
22.97239,-958,-181,3,46,1,0,29,1,0,0,3,0,0,False,False
23.00572,-958,-181,3,46,1,0,29,1,0,0,3,0,0,False,False
23.03938,-958,-181,3,46,1,0,29,1,0,0,3,0,0,False,False
23.07271,-958,-181,3,46,1,0,29,1,0,0,3,0,0,False,False
23.10604,-958,-181,3,46,1,0,29,1,0,0,3,0,0,False,False
23.13937,-958,-181,3,46,1,0,29,1,0,0,3,0,0,False,False
23.17271,-958,-181,3,46,1,0,29,1,0,0,3,0,0,False,False
23.20604,-958,-181,3,46,1,0,29,1,0,0,3,0,0,False,False
23.23981,-958,-181,3,46,1,0,29,1,0,0,3,0,0,False,False
23.27339,-958,-181,3,46,1,0,29,1,0,0,3,0,0,False,False
23.30727,-958,-181,3,46,1,0,29,1,0,0,3,0,0,False,False
23.3406,-958,-181,3,46,1,0,29,1,0,0,3,0,0,False,False
23.37448,-958,-181,3,46,1,0,29,1,0,0,3,0,0,False,False
23.40781,-958,-181,3,46,1,0,29,1,0,0,3,0,0,False,False
23.44115,-958,-181,3,46,1,0,29,1,0,0,3,0,0,False,False
23.47448,-958,-181,3,46,1,0,29,1,0,0,3,0,0,False,False
23.50782,-958,-181,3,46,1,0,29,1,0,0,3,0,0,False,False
23.54115,-958,-181,3,46,1,0,29,1,0,0,3,0,0,False,False
23.57448,-958,-181,3,46,1,0,29,1,0,0,3,0,0,False,False
23.60782,-958,-181,3,46,1,0,29,1,0,0,3,0,0,False,False
23.64145,-958,-181,3,46,1,0,29,1,0,0,3,0,0,False,False
23.67478,-958,-181,3,46,1,0,29,1,0,0,3,0,0,False,False
23.70811,-958,-181,3,46,1,0,29,1,0,0,3,0,0,False,False
23.74145,-958,-181,3,46,1,0,29,1,0,0,3,0,0,False,False
23.77478,-958,-181,3,46,1,0,29,1,0,0,3,0,0,False,False
23.80812,-958,-181,3,46,1,0,29,1,0,0,3,0,0,False,False
23.84145,-958,-181,3,46,1,0,29,1,0,0,3,0,0,False,False
23.87547,-958,-181,3,46,1,0,29,1,0,0,3,0,0,False,False
23.9088,-958,-181,3,46,1,0,29,1,0,0,3,0,0,False,False
23.94214,-958,-181,3,46,1,0,29,1,0,0,3,0,0,False,False
23.97548,-958,-181,3,46,1,0,29,1,0,0,3,0,0,False,False
24.00921,-958,-181,3,46,1,0,29,1,0,0,3,0,0,False,False
24.04254,-958,-181,3,46,1,0,29,1,0,0,3,0,0,False,False
24.07587,-958,-181,3,46,1,0,29,1,0,0,3,0,0,False,False
24.10968,-958,-181,3,46,1,0,29,1,0,0,3,0,0,False,False
24.14335,-958,-181,3,46,1,0,29,1,0,0,3,0,0,False,False
24.17669,-958,-181,3,46,1,0,29,1,0,0,3,0,0,False,False
24.21002,-958,-181,3,46,1,0,29,1,0,0,3,0,0,False,False
24.24335,-958,-181,3,46,1,0,29,1,0,0,3,0,0,False,False
24.27669,-958,-181,3,46,1,0,29,1,0,0,3,0,0,False,False
24.31086,-958,-181,3,46,1,0,29,1,0,0,3,0,0,False,False
24.34419,-958,-181,3,46,1,0,29,1,0,0,3,0,0,False,False
24.37753,-958,-181,3,46,1,0,29,1,0,0,3,0,0,False,False
24.41086,-958,-181,3,46,1,0,29,1,0,0,3,0,0,False,False
24.44419,-958,-181,3,46,1,0,29,1,0,0,3,0,0,False,False
24.47808,-958,-181,3,46,1,0,29,1,0,0,3,0,0,False,False
24.51142,-958,-181,3,46,1,0,29,1,0,0,3,0,0,False,False
24.54475,-958,-181,3,46,1,0,29,1,0,0,3,0,0,False,False
24.57849,-958,-181,3,46,1,0,29,1,0,0,3,0,0,False,False
24.61251,-958,-181,3,46,1,0,29,1,0,0,3,0,0,False,False
24.6459,-958,-181,3,46,1,0,29,1,0,0,3,0,0,False,False
24.67923,-958,-181,3,46,1,0,29,1,0,0,3,0,0,False,False
24.71257,-958,-181,3,46,1,0,29,1,0,0,3,0,0,False,False
24.74643,-958,-181,3,46,1,0,29,1,0,0,3,0,0,False,False
24.77976,-958,-181,3,46,1,0,29,1,0,0,3,0,0,False,False
24.81309,-958,-181,3,46,1,0,29,1,0,0,3,0,0,False,False
24.84643,-958,-181,3,46,1,0,29,1,0,0,3,0,0,False,False
24.87976,-958,-181,3,46,1,0,29,1,0,0,3,0,0,False,False
24.91309,-958,-181,3,46,1,0,29,1,0,0,3,0,0,False,False
24.94643,-958,-181,3,46,1,0,29,1,0,0,3,0,0,False,False
24.97976,-897,-161,3,46,1,0,29,1,0,0,3,0,0,False,False
25.01378,-850,-152,3,46,1,0,29,1,0,0,3,0,0,False,False
25.04729,-814,-144,3,46,1,0,29,1,0,0,3,0,0,False,False
25.08063,-814,-144,3,46,1,0,29,1,0,0,3,0,0,False,False
25.11396,-814,-144,3,46,1,0,29,1,0,0,3,0,0,False,False
25.14802,-814,-144,3,46,1,0,29,1,0,0,3,0,0,False,False
25.18198,-814,-144,3,46,1,0,29,1,0,0,3,0,0,False,False
25.21548,-814,-144,3,46,1,0,29,1,0,0,3,0,0,False,False
25.24941,-814,-144,3,46,1,0,29,1,0,0,3,0,0,False,False
25.28274,-814,-144,3,46,1,0,29,1,0,0,3,0,0,False,False
25.31607,-809,-146,3,46,1,0,29,1,0,0,3,0,0,False,False
25.34991,-801,-150,3,46,1,0,29,1,0,0,3,0,0,False,False
25.38366,-794,-150,3,46,1,0,29,1,0,0,3,0,0,False,False
25.417,-790,-151,3,46,1,0,29,1,0,0,3,0,0,False,False
25.45033,-789,-151,3,46,1,0,29,1,0,0,3,0,0,False,False
25.48384,-785,-152,3,46,1,0,29,1,0,0,3,0,0,False,False
25.51717,-781,-152,3,46,1,0,29,1,0,0,3,0,0,False,False
25.55051,-779,-152,3,46,1,0,29,1,0,0,3,0,0,False,False
25.58384,-776,-152,3,46,1,0,29,1,0,0,3,0,0,False,False
25.61725,-774,-152,3,46,1,0,29,1,0,0,3,0,0,False,False
25.65059,-773,-152,3,46,1,0,29,1,0,0,3,0,0,False,False
25.68392,-773,-152,3,46,1,0,29,1,0,0,3,0,0,False,False
25.71725,-773,-152,3,46,1,0,29,1,0,0,3,0,0,False,False
25.75059,-773,-152,3,46,1,0,29,1,0,0,3,0,0,False,False
25.78392,-773,-152,3,46,1,0,29,1,0,0,3,0,0,False,False
25.8174,-773,-152,3,46,1,0,29,1,0,0,3,0,0,False,False
25.85073,-773,-152,3,46,1,0,29,1,0,0,3,0,0,False,False
25.88407,-773,-152,3,46,1,0,29,1,0,0,3,0,0,False,False
25.9174,-774,-151,3,46,1,0,29,1,0,0,3,0,0,False,False
25.95073,-774,-151,3,46,1,0,29,1,0,0,3,0,0,False,False
25.98407,-774,-151,3,46,1,0,29,1,0,0,3,0,0,False,False
26.0174,-774,-151,3,46,1,0,29,1,0,0,3,0,0,False,False
26.05074,-774,-151,3,46,1,0,29,1,0,0,3,0,0,False,False
26.08407,-774,-151,3,46,1,0,29,1,0,0,3,0,0,False,False
26.11784,-774,-151,3,46,1,0,29,1,0,0,3,0,0,False,False
26.15118,-774,-151,3,46,1,0,29,1,0,0,3,0,0,False,False
26.18451,-774,-151,3,46,1,0,29,1,0,0,3,0,0,False,False
26.21784,-774,-151,3,46,1,0,29,1,0,0,3,0,0,False,False
26.25121,-774,-151,3,46,1,0,29,1,0,0,3,0,0,False,False
26.28463,-774,-151,3,46,1,0,29,1,0,0,3,0,0,False,False
26.31796,-774,-151,3,46,1,0,29,1,0,0,3,0,0,False,False
26.35142,-775,-151,3,46,1,0,29,1,0,0,3,0,0,False,False
26.38476,-775,-151,3,46,1,0,29,1,0,0,3,0,0,False,False
26.41811,-775,-151,3,46,1,0,29,1,0,0,3,0,0,False,False
26.45144,-775,-151,3,46,1,0,29,1,0,0,3,0,0,False,False
26.48477,-775,-151,3,46,1,0,29,1,0,0,3,0,0,False,False
26.51811,-775,-151,3,46,1,0,29,1,0,0,3,0,0,False,False
26.55144,-775,-151,3,46,1,0,29,1,0,0,3,0,0,False,False
26.58477,-775,-151,3,46,1,0,29,1,0,0,3,0,0,False,False
26.61811,-775,-151,3,46,1,0,29,1,0,0,3,0,0,False,False
26.65144,-775,-151,3,46,1,0,29,1,0,0,3,0,0,False,False
26.68485,-775,-151,3,46,1,0,29,1,0,0,3,0,0,False,False
26.71818,-775,-151,3,46,1,0,29,1,0,0,3,0,0,False,False
26.75151,-775,-151,3,46,1,0,29,1,0,0,3,0,0,False,False
26.78485,-775,-151,3,46,1,0,29,1,0,0,3,0,0,False,False
26.81818,-775,-151,3,46,1,0,29,1,0,0,3,0,0,False,False
26.85151,-775,-151,3,46,1,0,29,1,0,0,3,0,0,False,False
26.88555,-775,-151,3,46,1,0,29,1,0,0,3,0,0,False,False
26.91888,-775,-151,3,46,1,0,29,1,0,0,3,0,0,False,False
26.95266,-775,-151,3,46,1,0,29,1,0,0,3,0,0,False,False
26.9861,-775,-151,3,46,1,0,29,1,0,0,3,0,0,False,False
27.01944,-775,-151,3,46,1,0,29,1,0,0,3,0,0,False,False
27.05277,-775,-151,3,46,1,0,29,1,0,0,3,0,0,False,False
27.0861,-775,-151,3,46,1,0,29,1,0,0,3,0,0,False,False
27.11953,-775,-151,3,46,1,0,29,1,0,0,3,0,0,False,False
27.15287,-775,-151,3,46,1,0,29,1,0,0,3,0,0,False,False
27.1862,-775,-151,3,46,1,0,29,1,0,0,3,0,0,False,False
27.22006,-775,-151,3,46,1,0,29,1,0,0,3,0,0,False,False
27.25357,-775,-151,3,46,1,0,29,1,0,0,3,0,0,False,False
27.2869,-775,-151,3,46,1,0,29,1,0,0,3,0,0,False,False
27.32023,-775,-151,3,46,1,0,29,1,0,0,3,0,0,False,False
27.35388,-775,-151,3,46,1,0,29,1,0,0,3,0,0,False,False
27.38722,-775,-151,3,46,1,0,29,1,0,0,3,0,0,False,False
27.42055,-775,-151,3,46,1,0,29,1,0,0,3,0,0,False,False
27.45388,-775,-151,3,46,1,0,29,1,0,0,3,0,0,False,False
27.48722,-775,-151,3,46,1,0,29,1,0,0,3,0,0,False,False
27.52108,-775,-151,3,46,1,0,29,1,0,0,3,0,0,False,False
27.55441,-775,-151,3,46,1,0,29,1,0,0,3,0,0,False,False
27.58774,-775,-151,3,46,1,0,29,1,0,0,3,0,0,False,False
27.62116,-775,-151,3,46,1,0,29,1,0,0,3,0,0,False,False
27.65449,-775,-151,3,46,1,0,29,1,0,0,3,0,0,False,False
27.68782,-775,-151,3,46,1,0,29,1,0,0,3,0,0,False,False
27.72116,-775,-151,3,46,1,0,29,1,0,0,3,0,0,False,False
27.75486,-775,-151,3,46,1,0,29,1,0,0,3,0,0,False,False
27.78819,-775,-151,3,46,1,0,29,1,0,0,3,0,0,False,False
27.82153,-775,-151,3,46,1,0,29,1,0,0,3,0,0,False,False
27.85487,-775,-151,3,46,1,0,29,1,0,0,3,0,0,False,False
27.88903,-775,-151,3,46,1,0,29,1,0,0,3,0,0,False,False
27.92269,-775,-151,3,46,1,0,29,1,0,0,3,0,0,False,False
27.95619,-775,-151,3,46,1,0,29,1,0,0,3,0,0,False,False
27.9899,-775,-151,3,46,1,0,29,1,0,0,3,0,0,False,False
28.02344,-775,-151,3,46,1,0,29,1,0,0,3,0,0,False,False
28.05677,-775,-151,3,46,1,0,29,1,0,0,3,0,0,False,False
28.09058,-775,-151,3,46,1,0,29,1,0,0,3,0,0,False,False
28.12468,-775,-151,3,46,1,0,29,1,0,0,3,0,0,False,False
28.15801,-775,-151,3,46,1,0,29,1,0,0,3,0,0,False,False
28.19203,-775,-151,3,46,1,0,29,1,0,0,3,0,0,False,False
28.22537,-775,-151,3,46,1,0,29,1,0,0,3,0,0,False,False
28.2587,-775,-151,3,46,1,0,29,1,0,0,3,0,0,False,False
28.29203,-775,-151,3,46,1,0,29,1,0,0,3,0,0,False,False
28.32538,-775,-151,3,46,1,0,29,1,0,0,3,0,0,False,False
28.35872,-775,-151,3,46,1,0,29,1,0,0,3,0,0,False,False
28.39205,-775,-151,3,46,1,0,29,1,0,0,3,0,0,False,False
28.42539,-775,-151,3,46,1,0,29,1,0,0,3,0,0,False,False
28.45872,-775,-151,3,46,1,0,29,1,0,0,3,0,0,False,False
28.49206,-775,-151,3,46,1,1,29,1,0,0,3,0,0,False,False
28.52541,-775,-151,3,46,1,1,29,1,0,0,3,0,0,False,False
28.55874,-775,-151,3,46,1,1,29,1,0,0,3,0,0,False,False
28.59208,-775,-151,3,46,1,1,29,1,0,0,3,0,0,False,False
28.6259,-775,-151,3,46,1,1,29,1,0,0,3,0,0,False,False
28.65923,-775,-151,3,46,1,1,29,1,0,0,3,0,0,False,False
28.69279,-775,-151,3,46,1,1,29,1,0,0,3,0,0,False,False
28.72612,-775,-151,3,46,1,1,29,1,0,0,3,0,0,False,False
28.75945,-775,-151,3,46,1,1,29,1,0,0,3,0,0,False,False
28.79278,-775,-151,3,46,1,1,29,1,0,0,3,0,0,False,False
28.82612,-775,-151,3,46,1,1,29,1,0,0,3,0,0,False,False
28.85945,-775,-151,3,46,1,1,29,1,0,0,3,0,0,False,False
28.89318,-775,-151,3,46,1,1,29,1,0,0,3,0,0,False,False
28.92651,-775,-151,3,46,1,1,29,1,0,0,3,0,0,False,False
28.95985,-775,-151,3,46,1,1,29,1,0,0,3,0,0,False,False
28.99318,-775,-151,3,46,1,1,29,1,0,0,3,0,0,False,False
29.02651,-775,-151,3,46,1,1,29,1,0,0,3,0,0,False,False
29.05996,-775,-151,3,46,1,1,29,1,0,0,3,0,0,False,False
29.09329,-775,-151,3,46,1,1,29,1,0,0,3,0,0,False,False
29.12663,-775,-151,3,46,1,1,29,1,0,0,3,0,0,False,False
29.15996,-775,-151,3,46,1,1,29,1,0,0,3,0,0,False,False
29.1933,-775,-151,3,46,1,1,29,1,0,0,3,0,0,False,False
29.22664,-775,-151,3,46,1,1,29,1,0,0,3,0,0,False,False
29.25997,-775,-151,3,46,1,1,29,1,0,0,3,0,0,False,False
29.29391,-775,-151,3,46,1,1,29,1,0,0,3,0,0,False,False
29.32724,-775,-151,3,46,1,1,29,1,0,0,3,0,0,False,False
29.36057,-775,-151,3,46,1,1,29,1,0,0,3,0,0,False,False
29.39415,-775,-151,3,46,1,1,29,1,0,0,3,0,0,False,False
29.428,-775,-151,3,46,1,1,29,1,0,0,3,0,0,False,False
29.46133,-775,-151,3,46,1,1,29,1,0,0,3,0,0,False,False
29.49483,-775,-151,3,46,1,1,29,1,0,0,3,0,0,False,False
29.52816,-775,-151,3,46,1,1,29,1,0,0,3,0,0,False,False
29.56149,-775,-151,3,46,1,1,29,1,0,0,3,0,0,False,False
29.59483,-775,-151,3,46,1,1,29,1,0,0,3,0,0,False,False
29.62892,-775,-151,3,46,1,1,29,1,0,0,3,0,0,False,False
29.66225,-775,-151,3,46,1,1,29,1,0,0,3,0,0,False,False
29.69558,-775,-151,3,46,1,1,29,1,0,0,3,0,0,False,False
29.72899,-775,-151,3,46,1,1,29,1,0,0,3,0,0,False,False
29.76266,-775,-151,3,46,1,1,29,1,0,0,3,0,0,False,False
29.79599,-775,-151,3,46,1,1,29,1,0,0,3,0,0,False,False
29.82933,-775,-151,3,46,1,1,29,1,0,0,3,0,0,False,False
29.86285,-775,-151,3,46,1,1,29,1,0,0,3,0,0,False,False
29.89618,-775,-151,3,46,1,1,29,1,0,0,3,0,0,False,False
29.92951,-775,-151,3,46,1,1,29,1,0,0,3,0,0,False,False
29.96285,-775,-151,3,46,1,1,29,1,0,0,3,0,0,False,False
29.9966,-775,-151,3,46,1,1,29,1,0,0,3,0,0,False,False
30.02998,-775,-151,3,46,1,1,29,1,0,0,3,0,0,False,False
30.06348,-775,-151,3,46,1,1,29,1,0,0,3,0,0,False,False
30.09681,-775,-151,3,46,1,1,29,1,0,0,3,0,0,False,False
30.13015,-775,-151,3,46,1,1,29,1,0,0,3,0,0,False,False
30.16348,-775,-151,3,46,1,1,29,1,0,0,3,0,0,False,False
30.19681,-775,-151,3,46,1,1,29,1,0,0,3,0,0,False,False
30.23039,-775,-151,3,46,1,1,29,1,0,0,3,0,0,False,False
30.26372,-775,-151,3,46,1,1,29,1,0,0,3,0,0,False,False
30.29705,-775,-151,3,46,1,1,29,1,0,0,3,0,0,False,False
30.33039,-775,-151,3,46,1,1,29,1,0,0,3,0,0,False,False
30.36404,-775,-151,3,46,1,1,29,1,0,0,3,0,0,False,False
30.39738,-775,-151,3,46,1,1,29,1,0,0,3,0,0,False,False
30.43077,-775,-151,3,46,1,1,29,1,0,0,3,0,0,False,False
30.46426,-775,-151,3,46,1,1,29,1,0,0,3,0,0,False,False
30.49759,-775,-151,3,46,1,1,29,1,0,0,3,0,0,False,False
30.53103,-775,-151,3,46,1,1,29,1,0,0,3,0,0,False,False
30.56502,-775,-151,3,46,1,1,29,1,0,0,3,0,0,False,False
30.59835,-775,-147,3,46,1,1,29,1,0,0,3,0,0,False,False
30.63168,-771,-142,3,46,1,1,29,1,0,0,3,0,0,False,False
30.66502,-771,-141,3,46,1,1,29,1,0,0,3,0,0,False,False
30.69835,-771,-141,3,46,1,1,29,1,0,0,3,0,0,False,False
30.73168,-771,-141,3,46,1,1,29,1,0,0,3,0,0,False,False
30.76502,-771,-141,3,46,1,1,29,1,0,0,3,0,0,False,False
30.79921,-770,-143,3,46,1,1,29,1,0,0,3,0,0,False,False
30.83289,-769,-150,3,46,1,1,29,1,0,0,3,0,0,False,False
30.86622,-769,-155,3,46,1,1,29,1,0,0,3,0,0,False,False
30.89956,-768,-158,3,46,1,1,29,1,100,0,3,0,0,False,False
30.93289,-768,-159,3,46,1,1,29,1,100,0,3,0,0,False,False
30.96622,-768,-159,3,46,1,1,29,1,100,0,3,0,0,False,False
30.99956,-768,-159,3,46,1,1,29,1,100,0,3,0,0,False,False
31.03289,-768,-159,3,46,1,1,29,1,100,0,3,0,0,False,False
31.06643,-768,-159,3,46,1,1,29,1,100,0,3,0,0,False,False
31.09976,-768,-159,3,46,1,1,29,1,100,0,3,0,0,False,False
31.13309,-765,-156,3,46,1,1,29,1,100,0,3,0,0,False,False
31.16642,-764,-155,3,46,1,1,29,1,100,0,3,0,0,False,False
31.20026,-764,-155,3,46,1,1,29,1,100,0,3,0,0,False,False
31.2336,-764,-155,3,46,1,1,29,1,100,0,3,0,0,False,False
31.26693,-764,-155,3,46,1,1,29,1,100,0,3,0,0,False,False
31.30066,-764,-155,3,46,1,1,29,1,100,0,3,0,0,False,False
31.33405,-764,-155,3,46,1,1,29,1,100,0,3,0,0,False,False
31.36738,-764,-155,3,46,1,1,29,1,100,0,3,0,0,False,False
31.40072,-764,-155,3,46,1,1,29,1,100,0,3,0,0,False,False
31.43406,-764,-155,3,46,1,1,29,1,100,0,3,0,0,False,False
31.46739,-764,-155,3,46,1,1,29,1,100,0,3,0,0,False,False
31.50072,-764,-154,3,46,1,1,29,1,100,0,3,0,0,False,False
31.53412,-765,-153,3,46,1,1,29,1,100,0,3,0,0,False,False
31.56745,-765,-153,3,46,1,1,29,1,100,0,3,0,0,False,False
31.60098,-766,-153,3,46,1,1,29,1,100,0,3,0,0,False,False
31.63437,-766,-152,3,46,1,1,29,1,100,0,3,0,0,False,False
31.66771,-766,-152,3,46,1,1,29,1,100,0,3,0,0,False,False
31.70104,-766,-152,3,46,1,1,29,1,100,0,3,0,0,False,False
31.73438,-766,-152,3,46,1,1,29,1,100,0,3,0,0,False,False
31.76843,-766,-152,3,46,1,1,29,1,100,0,3,0,0,False,False
31.80221,-766,-152,3,46,1,1,29,1,100,0,3,0,0,False,False
31.83555,-766,-152,3,46,1,1,29,1,100,0,3,0,0,False,False
31.86888,-766,-152,3,46,1,1,29,1,100,0,3,0,0,False,False
31.90294,-766,-152,3,46,1,1,29,1,100,0,3,0,0,False,False
31.93628,-766,-152,3,46,1,1,29,1,100,0,3,0,0,False,False
31.96961,-766,-152,3,46,1,1,29,1,100,0,3,0,0,False,False
32.00294,-766,-152,3,46,1,1,29,1,100,0,3,0,0,False,False
32.03628,-766,-152,3,46,1,1,29,1,100,0,3,0,0,False,False
32.06961,-766,-152,3,46,1,1,29,1,100,0,3,0,0,False,False
32.10294,-766,-152,3,46,1,1,29,1,100,0,3,0,0,False,False
32.13628,-766,-152,3,46,1,1,29,1,100,0,3,0,0,False,False
32.16961,-766,-152,3,46,1,1,29,1,100,0,3,0,0,False,False
32.20299,-766,-152,3,46,1,1,29,1,100,0,3,0,0,False,False
32.23632,-766,-152,3,46,1,1,29,1,100,0,3,0,0,False,False
32.26966,-766,-152,3,46,1,1,29,1,100,0,3,0,0,False,False
32.30299,-766,-152,3,46,1,1,29,1,100,0,3,0,0,False,False
32.33633,-766,-152,3,46,1,1,29,1,100,0,3,0,0,False,False
32.36969,-766,-152,3,46,1,1,29,1,100,0,3,0,0,False,False
32.40307,-766,-152,3,46,1,1,29,1,100,0,3,0,0,False,False
32.43664,-766,-152,3,46,1,1,29,1,100,0,3,0,0,False,False
32.46997,-766,-152,3,46,1,1,29,1,100,0,3,0,0,False,False
32.50412,-766,-152,3,46,1,1,29,1,100,0,3,0,0,False,False
32.53746,-766,-152,3,46,1,1,29,1,100,0,3,0,0,False,False
32.57086,-766,-152,3,46,1,1,29,1,100,0,3,0,0,False,False
32.60419,-766,-152,3,46,1,1,29,1,100,0,3,0,0,False,False
32.63753,-766,-152,3,46,1,1,29,1,100,0,3,0,0,False,False
32.67086,-766,-152,3,46,1,1,29,1,100,0,3,0,0,False,False
32.70419,-766,-152,3,46,1,1,29,1,100,0,3,0,0,False,False
32.73753,-766,-152,3,46,1,1,29,1,100,0,3,0,0,False,False
32.77086,-766,-152,3,46,1,1,29,1,100,0,3,0,0,False,False
32.80419,-766,-152,3,46,1,1,29,1,100,0,3,0,0,False,False
32.83752,-766,-152,3,46,1,1,29,1,100,0,3,0,0,False,False
32.87092,-766,-152,3,46,1,1,29,1,100,0,3,0,0,False,False
32.90425,-766,-152,3,46,1,1,29,1,100,0,3,0,0,False,False
32.93812,-766,-152,3,46,1,1,29,1,100,0,3,0,0,False,False
32.97167,-766,-152,3,46,1,1,29,1,100,0,3,0,0,False,False
33.005,-766,-152,3,46,1,1,29,1,100,0,3,0,0,False,False
33.03833,-766,-152,3,46,1,1,29,1,100,0,3,0,0,False,False
33.07175,-766,-152,3,46,1,1,29,1,100,0,3,0,0,False,False
33.10508,-766,-152,3,46,1,1,29,1,100,0,3,0,0,False,False
33.13841,-766,-152,3,46,1,1,29,1,100,0,3,0,0,False,False
33.17272,-766,-152,3,46,1,1,29,1,100,0,3,0,0,False,False
33.20615,-766,-152,3,46,1,1,29,1,100,0,3,0,0,False,False
33.23948,-766,-152,3,46,1,1,29,1,100,0,3,0,0,False,False
33.27297,-766,-152,3,46,1,1,29,1,100,0,3,0,0,False,False
33.3063,-766,-152,3,46,1,1,29,1,100,0,3,0,0,False,False
33.33964,-766,-152,3,46,1,1,29,1,100,0,3,0,0,False,False
33.37297,-766,-152,3,46,1,1,29,1,100,0,3,0,0,False,False
33.4063,-766,-152,3,46,1,1,29,1,100,0,3,0,0,False,False
33.43964,-766,-152,3,46,1,1,29,1,100,0,3,0,0,False,False
33.47301,-766,-152,3,46,1,1,29,1,100,0,3,0,0,False,False
33.50634,-766,-152,3,46,1,1,29,1,100,0,3,0,0,False,False
33.53968,-766,-152,3,46,1,1,29,1,100,0,3,0,0,False,False
33.57301,-766,-152,3,46,1,1,29,1,100,0,3,0,0,False,False
33.60634,-766,-152,3,46,1,1,29,1,100,0,3,0,0,False,False
33.63975,-766,-152,3,46,1,1,29,1,100,0,3,0,0,False,False
33.67368,-766,-152,3,46,1,1,29,1,100,0,3,0,0,False,False
33.70701,-766,-152,3,46,1,1,29,1,100,0,3,0,0,False,False
33.74049,-766,-152,3,46,1,1,29,1,100,0,3,0,0,False,False
33.77415,-766,-152,3,46,1,1,29,1,100,0,3,0,0,False,False
33.80748,-766,-152,3,46,1,1,29,1,100,0,3,0,0,False,False
33.8409,-766,-152,3,46,1,1,29,1,100,0,3,0,0,False,False
33.87423,-766,-152,3,46,1,1,29,1,100,0,3,0,0,False,False
33.90757,-766,-152,3,46,1,1,29,1,100,0,3,0,0,False,False
33.9409,-766,-152,3,46,1,1,29,1,100,0,3,0,0,False,False
33.97423,-766,-152,3,46,1,1,29,1,100,0,3,0,0,False,False
34.00756,-766,-152,3,46,1,1,29,1,100,0,3,0,0,False,False
34.0409,-766,-152,3,46,1,1,29,1,100,0,3,0,0,False,False
34.07452,-766,-152,3,46,1,1,29,1,100,0,3,0,0,False,False
34.10785,-766,-152,3,46,1,1,29,1,100,0,3,0,0,False,False
34.14118,-766,-152,3,46,1,1,29,1,100,0,3,0,0,False,False
34.17451,-766,-152,3,46,1,1,29,1,100,0,3,0,0,False,False
34.20842,-766,-152,3,46,1,1,29,1,100,0,3,0,0,False,False
34.24208,-766,-152,3,46,1,1,29,1,100,0,3,0,0,False,False
34.27542,-766,-152,3,46,1,1,29,1,100,0,3,0,0,False,False
34.30875,-766,-152,3,46,1,1,29,1,100,0,3,0,0,False,False
34.34208,-766,-152,3,46,1,1,29,1,100,0,3,0,0,False,False
34.37542,-766,-152,3,46,1,1,29,1,100,0,3,0,0,False,False
34.40875,-766,-152,3,46,1,1,29,1,100,0,3,0,0,False,False
34.44234,-766,-152,3,46,1,1,29,1,100,0,3,0,0,True,False
34.47567,-766,-152,3,46,1,1,29,1,100,0,3,0,0,True,False
34.50951,-766,-152,3,46,1,1,29,1,100,0,3,0,0,True,False
34.54285,-766,-152,3,46,1,1,29,1,100,0,3,0,0,True,False
34.57618,-766,-152,3,46,1,1,28,1,100,0,4,0,0,False,False
34.60999,-766,-152,3,46,1,1,28,1,100,0,4,0,0,False,False
34.64332,-766,-152,3,46,1,1,28,1,100,0,4,0,0,False,False
34.67665,-766,-152,3,46,1,1,28,1,100,0,4,0,0,False,False
34.71011,-766,-152,3,46,1,1,28,1,100,0,4,0,0,False,False
34.7436,-766,-152,3,46,1,1,28,1,100,0,4,0,0,False,False
34.77693,-766,-152,3,46,1,1,28,1,100,0,4,0,0,False,False
34.81026,-766,-152,3,46,1,1,28,1,100,0,4,0,0,False,False
34.84418,-766,-152,3,46,1,1,28,1,100,0,4,0,0,False,False
34.87751,-766,-152,3,46,1,1,28,1,100,0,4,0,0,False,False
34.9115,-766,-152,3,46,1,1,28,1,100,0,4,0,0,False,False
34.94571,-766,-152,3,46,1,1,28,1,100,0,4,0,0,False,False
34.97904,-766,-152,3,46,1,1,28,1,100,0,4,0,0,False,False
35.01241,-766,-152,3,46,1,1,28,1,100,0,4,0,0,False,False
35.04576,-766,-152,3,46,1,1,28,1,100,0,4,0,0,False,False
35.07934,-766,-152,3,46,1,1,28,1,100,0,4,0,0,False,False
35.11305,-766,-152,3,46,1,1,28,1,100,0,4,0,0,False,False
35.14638,-766,-152,3,46,1,1,28,1,100,0,4,0,0,False,False
35.17971,-766,-152,3,46,1,1,28,1,100,0,4,0,0,False,False
35.21318,-766,-152,3,46,1,1,28,1,100,0,4,0,0,False,False
35.24663,-766,-152,3,46,1,1,28,1,100,0,4,0,0,False,False
35.28014,-766,-152,3,46,1,1,28,1,100,0,4,0,0,False,False
35.31347,-766,-152,3,46,1,1,28,1,100,0,4,0,0,False,False
35.34697,-766,-152,3,46,1,1,28,1,100,0,4,0,0,False,False
35.38039,-766,-152,3,46,1,1,28,1,100,0,4,0,0,False,False
35.41372,-766,-152,3,46,1,1,28,1,100,0,4,0,0,False,False
35.44706,-766,-152,3,46,1,1,28,1,100,0,4,0,0,False,False
35.48058,-766,-152,3,46,1,1,28,1,100,0,4,0,0,False,False
35.514,-766,-152,3,46,1,1,28,1,100,0,4,0,0,False,False
35.54737,-766,-152,3,46,1,1,28,1,100,0,4,0,0,False,False
35.58169,-766,-152,3,46,1,1,28,1,100,0,4,0,0,False,False
35.61506,-766,-152,3,46,1,1,28,1,100,0,4,0,0,False,False
35.64839,-766,-152,3,46,1,1,28,1,100,0,4,0,0,False,False
35.68224,-766,-152,3,46,1,1,28,1,100,0,4,0,0,False,False
35.71557,-766,-152,3,46,1,1,28,1,100,0,4,0,0,False,False
35.74891,-766,-152,3,46,1,1,28,1,100,0,4,0,0,False,False
35.78224,-766,-152,3,46,1,1,28,1,100,0,4,0,0,False,False
35.81557,-766,-152,3,46,1,1,28,1,100,0,4,0,0,False,False
35.8489,-766,-152,3,46,1,1,28,1,100,0,4,0,0,False,False
35.88267,-766,-152,3,46,1,1,28,1,100,0,4,0,0,False,False
35.916,-766,-152,3,46,1,1,28,1,100,0,4,0,0,False,False
35.94934,-766,-152,3,46,1,1,28,1,100,0,4,0,0,False,False
35.98267,-766,-152,3,46,1,1,28,1,100,0,4,0,0,False,False
36.01649,-766,-152,3,46,1,1,28,1,100,0,4,0,0,False,False
36.04983,-766,-152,3,46,1,1,28,1,100,0,4,0,0,False,False
36.08368,-766,-152,3,46,1,1,28,1,100,0,4,0,0,False,False
36.11701,-766,-152,3,46,1,1,28,1,100,0,4,0,0,False,False
36.15034,-766,-152,3,46,1,1,28,1,100,0,4,0,0,False,False
36.18429,-766,-152,3,46,1,1,28,1,100,0,4,0,0,False,False
36.21762,-766,-152,3,46,1,1,28,1,100,0,4,0,0,False,False
36.25096,-766,-151,3,46,1,1,28,1,100,0,4,0,0,False,False
36.28434,-766,-151,3,46,1,1,28,1,100,0,4,0,0,False,False
36.31791,-766,-151,3,46,1,1,28,1,100,0,4,0,0,False,False
36.35141,-766,-151,3,46,1,1,28,1,100,0,4,0,0,False,False
36.38529,-766,-151,3,46,1,1,28,1,100,0,4,0,0,False,False
36.41862,-766,-151,3,46,1,1,28,1,100,0,4,0,0,False,False
36.45196,-766,-151,3,46,1,1,28,1,100,0,4,0,0,False,False
36.48544,-766,-151,3,46,1,1,28,1,100,0,4,0,0,False,False
36.51881,-766,-151,3,46,1,1,28,1,100,0,4,0,0,False,False
36.55214,-766,-151,3,46,1,1,28,1,100,0,4,0,0,False,False
36.58558,-766,-151,3,46,1,1,28,1,100,0,4,0,0,False,False
36.6193,-766,-151,3,46,1,1,28,1,100,0,4,0,0,False,False
36.65318,-766,-151,3,46,1,1,28,1,100,0,4,0,0,False,False
36.68651,-766,-151,3,46,1,1,28,1,100,0,4,0,0,False,False
36.71989,-766,-151,3,46,1,1,28,1,100,0,4,0,0,False,False
36.75323,-766,-151,3,46,1,1,28,1,100,0,4,0,0,False,False
36.78656,-766,-151,3,46,1,1,28,1,100,0,4,0,0,False,False
36.81989,-766,-151,3,46,1,1,28,1,100,0,4,0,0,False,False
36.85334,-766,-151,3,46,1,1,28,1,100,0,4,0,0,False,False
36.88702,-766,-151,3,46,1,1,28,1,100,0,4,0,0,False,False
36.92055,-766,-151,3,46,1,1,28,1,100,0,4,0,0,False,False
36.95391,-766,-151,3,46,1,1,28,1,100,0,4,0,0,False,False
36.98725,-766,-151,3,46,1,1,28,1,100,0,4,0,0,False,False
37.0206,-766,-151,3,46,1,1,28,1,100,0,4,0,0,False,False
37.05394,-766,-151,3,46,1,1,28,1,100,0,4,0,0,False,False
37.08727,-768,-151,3,46,1,1,28,1,100,0,4,0,0,False,False
37.1206,-770,-151,3,46,1,1,28,1,100,0,4,0,0,False,False
37.15434,-779,-161,3,46,1,1,28,1,100,0,4,0,0,False,False
37.18806,-800,-170,3,46,1,1,28,1,100,0,4,0,0,False,False
37.2214,-836,-179,3,46,1,1,28,1,100,0,4,0,0,False,False
37.25492,-860,-189,3,46,1,1,28,1,100,0,4,0,0,False,False
37.28825,-878,-195,3,46,1,1,28,1,100,0,4,0,0,False,False
37.32206,-898,-203,3,46,1,1,28,1,100,0,4,0,0,False,False
37.3558,-927,-215,3,46,1,1,28,1,100,0,4,0,0,False,False
37.38913,-954,-225,3,46,1,1,28,1,100,0,4,0,0,False,False
37.42246,-1005,-247,3,46,1,1,28,1,100,0,4,0,0,False,False
37.4558,-1064,-290,3,46,1,1,28,1,100,0,4,0,0,False,False
37.48913,-1115,-321,3,46,1,1,28,1,100,0,4,0,0,False,False
37.52256,-1160,-366,3,46,1,1,28,1,100,0,4,0,0,False,False
37.55589,-1169,-374,3,46,1,1,28,1,100,0,4,0,0,False,False
37.58923,-1174,-383,3,46,1,1,28,1,100,0,4,0,0,False,False
37.62256,-1185,-394,3,46,1,1,28,1,100,0,4,0,0,False,False
37.65589,-1201,-422,3,46,1,1,28,1,100,0,4,0,0,False,False
37.68981,-1202,-449,3,46,1,1,28,1,100,0,4,0,0,False,False
37.72314,-1197,-457,3,46,1,1,28,1,100,0,4,0,0,False,False
37.75647,-1196,-459,3,46,1,1,28,1,100,0,4,0,0,False,False
37.78981,-1199,-459,3,46,1,1,28,1,100,0,4,0,0,False,False
37.82322,-1238,-462,3,46,1,1,28,1,100,0,4,0,0,False,False
37.85671,-1267,-467,3,46,1,1,28,1,100,0,4,0,0,False,False
37.89039,-1269,-467,3,46,1,1,28,1,100,0,4,0,0,False,False
37.92415,-1270,-464,3,46,1,1,28,1,100,0,4,0,0,False,False
37.95749,-1273,-459,3,46,1,1,28,1,100,0,4,0,0,False,False
37.99082,-1275,-458,3,46,1,1,28,1,100,0,4,0,0,False,False
38.02503,-1275,-458,3,46,1,1,28,1,100,0,4,0,0,False,False
38.05846,-1275,-458,3,46,1,1,28,1,100,0,4,0,0,False,False
38.09261,-1275,-458,3,46,1,1,28,1,100,0,4,0,0,False,False
38.12601,-1275,-458,3,46,1,1,28,1,100,0,4,0,0,False,False
38.15948,-1275,-458,3,46,1,1,28,1,100,0,4,0,0,False,False
38.19281,-1275,-458,3,46,1,1,28,1,100,0,4,0,0,False,False
38.22614,-1275,-458,3,46,1,1,28,1,100,0,4,0,0,False,False
38.25948,-1275,-458,3,46,1,1,28,1,100,0,4,0,0,False,False
38.29318,-1275,-458,3,46,1,1,28,1,100,0,4,0,0,False,False
38.32652,-1275,-458,3,46,1,1,28,1,100,0,4,0,0,False,False
38.3602,-1275,-458,3,46,1,1,28,1,100,0,4,0,0,False,False
38.39356,-1275,-458,3,46,1,1,28,1,100,0,4,0,0,False,False
38.42689,-1275,-458,3,46,1,1,28,1,100,0,4,0,0,False,False
38.46022,-1275,-458,3,46,1,1,28,1,100,0,4,0,0,False,False
38.49377,-1275,-458,3,46,1,1,28,1,100,0,4,0,0,False,False
38.52711,-1275,-458,3,46,1,1,28,1,100,0,4,0,0,False,False
38.56054,-1275,-458,3,46,1,1,28,1,100,0,4,0,0,False,False
38.59396,-1275,-458,3,46,1,1,28,1,100,0,4,0,0,False,False
38.6273,-1275,-458,3,46,1,1,28,1,100,0,4,0,0,False,False
38.66104,-1275,-458,3,46,1,1,28,1,100,0,4,0,0,False,False
38.69501,-1275,-458,3,46,1,1,28,1,100,0,4,0,0,False,False
38.72834,-1275,-458,3,46,1,1,28,1,100,0,4,0,0,False,False
38.76167,-1275,-458,3,46,1,1,28,1,100,0,4,0,0,False,False
38.79523,-1275,-458,3,46,1,1,28,1,100,0,4,0,0,False,False
38.82933,-1275,-458,3,46,1,1,28,1,100,0,4,0,0,False,False
38.86267,-1275,-458,3,46,1,1,28,1,100,0,4,0,0,False,False
38.896,-1275,-458,3,46,1,1,28,1,100,0,4,0,0,False,False
38.92982,-1275,-458,3,46,1,1,28,1,100,0,4,0,0,False,False
38.96316,-1275,-458,3,46,1,1,28,1,100,0,4,0,0,False,False
38.99662,-1275,-458,3,46,1,1,28,1,100,0,4,0,0,False,False
39.03039,-1275,-458,3,46,1,1,28,1,100,0,4,0,0,False,False
39.06382,-1275,-458,3,46,1,1,28,1,100,0,4,0,0,False,False
39.09715,-1275,-458,3,46,1,1,28,1,100,0,4,0,0,False,False
39.13049,-1275,-458,3,46,1,1,28,1,100,0,4,0,0,False,False
39.16382,-1275,-458,3,46,1,1,28,1,100,0,4,0,0,False,False
