0.02,-465,-534,0,0,0,0,0,0,0,0,0,0,0,1000,0,1000,1000,0,False,False
0.04,-1053,-607,0,0,0,0,0,0,0,0,0,0,0,1000,0,1000,1000,0,False,False
0.0733343,-1070,-613,0,0,0,0,0,0,0,0,0,0,0,1000,0,1000,1000,0,False,False
0.1074054,-1085,-625,0,0,0,0,0,0,0,0,0,0,0,1000,0,1000,1000,0,False,False
0.1412262,-1085,-625,0,0,0,0,0,0,0,0,0,0,0,1000,0,1000,1000,0,False,False
0.1745902,-1085,-625,0,0,0,0,0,0,0,0,0,0,0,1000,0,1000,1000,0,False,False
0.2079239,-1085,-625,0,0,0,0,0,0,0,0,0,0,0,1000,0,1000,1000,0,False,False
0.2412797,-1085,-625,0,0,0,0,0,0,0,0,0,0,0,1000,0,1000,1000,0,False,False
0.2746116,-1085,-625,0,0,0,0,0,0,0,0,0,0,0,1000,0,1000,1000,0,False,False
0.3080086,-1085,-625,0,0,0,0,0,0,0,0,0,0,0,1000,0,1000,1000,0,False,False
0.3415453,-1085,-625,0,0,0,0,0,0,0,0,0,0,0,1000,0,1000,1000,0,False,False
0.3748792,-1085,-625,0,0,0,0,0,0,0,0,0,0,0,1000,0,1000,1000,0,False,False
0.4082123,-1085,-625,0,0,0,0,0,0,0,0,0,0,0,1000,0,1000,1000,0,False,False
0.4416231,-1085,-625,0,0,0,0,0,0,0,0,0,0,0,1000,0,1000,1000,0,False,False
0.4749598,-1085,-625,0,0,0,0,0,0,0,0,0,0,0,1000,0,1000,1000,0,False,False
0.5088274,-1085,-625,0,0,0,0,0,0,0,0,0,0,0,1000,0,1000,1000,0,False,False
0.5421606,-1085,-625,0,0,0,0,0,0,0,0,0,0,0,1000,0,1000,1000,0,False,False
0.5756881,-1085,-625,0,0,0,0,0,0,0,0,0,0,0,1000,0,1000,1000,0,False,False
0.6090217,-1085,-625,0,0,0,0,0,0,0,0,0,0,0,1000,0,1000,1000,0,False,False
0.6423554,-1085,-625,0,0,0,0,0,0,0,0,0,0,0,1000,0,1000,1000,0,False,False
0.6761073,-1085,-625,0,0,0,0,0,0,0,0,0,0,0,1000,0,1000,1000,0,False,False
0.7098183,-1085,-625,0,0,0,0,0,0,0,0,0,0,0,1000,0,1000,1000,0,False,False
0.7434075,-1085,-625,0,0,0,0,0,0,0,0,0,0,0,1000,0,1000,1000,0,False,False
0.7771885,-1085,-625,0,0,0,0,0,0,0,0,0,0,0,1000,0,1000,1000,0,False,False
0.8105217,-1085,-625,0,0,0,0,0,0,0,0,0,0,0,1000,0,1000,1000,0,False,False
0.8439693,-1085,-625,0,0,0,0,0,0,0,0,0,0,0,1000,0,1000,1000,0,False,False
0.8774574,-1087,-623,0,0,0,0,0,0,0,0,0,0,0,1000,0,1000,1000,0,False,False
0.9107896,-1088,-612,0,0,0,0,0,0,0,0,0,0,0,1000,0,1000,1000,0,False,False
0.9441226,-1088,-602,0,0,0,0,0,0,0,0,0,0,0,1000,0,1000,1000,0,False,False
0.9774564,-1088,-602,0,0,0,0,0,0,0,0,0,0,0,1000,0,1000,1000,0,False,False
1.01079,-1088,-580,0,0,0,0,0,0,0,0,0,0,0,1000,0,1000,1000,0,False,False
1.044123,-1088,-580,0,0,0,0,0,0,0,0,0,0,0,1000,0,1000,1000,0,False,False
1.077458,-1088,-568,0,0,0,0,0,0,0,0,0,0,0,1000,0,1000,1000,0,False,False
1.11079,-1088,-564,0,0,0,0,0,0,0,0,0,0,0,1000,0,1000,1000,0,False,False
1.144124,-1088,-556,0,0,0,0,0,0,0,0,0,0,0,1000,0,1000,1000,0,False,False
1.177458,-1088,-556,0,0,0,0,0,0,0,0,0,0,0,1000,0,1000,1000,0,False,False
1.210791,-1088,-548,0,0,0,0,0,0,0,0,0,0,0,1000,0,1000,1000,0,False,False
1.244751,-1089,-540,0,0,0,0,0,0,0,0,0,0,0,1000,0,1000,1000,0,False,False
1.278085,-1089,-538,0,0,0,0,0,0,0,0,0,0,0,1000,0,1000,1000,0,False,False
1.311619,-1090,-536,0,0,0,0,0,0,0,0,0,0,0,1000,0,1000,1000,0,False,False
1.344952,-1090,-536,0,0,0,0,0,0,0,0,0,0,0,1000,0,1000,1000,0,False,False
1.378286,-1090,-536,0,0,0,0,0,0,0,0,0,0,0,1000,0,1000,1000,0,False,False
1.41162,-1091,-536,0,0,0,0,0,0,0,0,0,0,0,1000,0,1000,1000,0,False,False
1.445181,-1093,-534,0,0,0,0,0,0,0,0,0,0,0,1000,0,1000,1000,0,False,False
1.478621,-1094,-534,0,0,0,0,0,0,0,0,0,0,0,1000,0,1000,1000,0,False,False
1.511954,-1096,-534,0,0,0,0,0,0,0,0,0,0,0,1000,0,1000,1000,0,False,False
1.546106,-1096,-534,0,0,0,0,0,0,0,0,0,0,0,1000,0,1000,1000,0,False,False
1.579439,-1101,-534,0,0,0,0,0,0,0,0,0,0,0,1000,0,1000,1000,0,False,False
1.612773,-1101,-534,0,0,0,0,0,0,0,0,0,0,0,1000,0,1000,1000,0,False,False
1.646106,-1115,-532,0,0,0,0,0,0,0,0,0,0,0,1000,0,1000,1000,0,False,False
1.680331,-1116,-531,0,0,0,0,0,0,0,0,0,0,0,1000,0,1000,1000,0,False,False
1.713664,-1118,-531,0,0,0,0,0,0,0,0,0,0,0,1000,0,1000,1000,0,False,False
1.747119,-1122,-531,0,0,0,0,0,0,0,0,0,0,0,1000,0,1000,1000,0,False,False
1.780452,-1122,-531,0,0,0,0,0,0,0,0,0,0,0,1000,0,1000,1000,0,False,False
1.813785,-1122,-531,0,0,0,0,0,0,0,0,0,0,0,1000,0,1000,1000,0,False,False
1.847417,-1122,-531,0,0,0,0,0,0,0,0,0,0,0,1000,0,1000,1000,0,False,False
1.881236,-1122,-531,0,0,0,0,0,0,0,0,0,0,0,1000,0,1000,1000,0,False,False
1.914569,-1122,-531,0,0,0,0,0,0,0,0,0,0,0,1000,0,1000,1000,0,False,False
1.947903,-1122,-531,0,0,0,0,0,0,0,0,0,0,0,1000,0,1000,1000,0,False,False
1.981237,-1122,-531,0,0,0,0,0,0,0,0,0,0,0,1000,0,1000,1000,0,False,False
2.01457,-1122,-531,0,0,0,0,0,0,0,0,0,0,0,1000,0,1000,1000,0,False,False
2.047904,-1122,-531,0,0,0,0,0,0,0,0,0,0,0,1000,0,1000,1000,0,False,False
2.081237,-1122,-531,0,0,0,0,0,0,0,0,0,0,0,1000,0,1000,1000,0,False,False
2.114571,-1122,-531,0,0,0,0,0,0,0,0,0,0,0,1000,0,1000,1000,0,False,False
2.147912,-1123,-531,0,0,0,0,0,0,0,0,0,0,0,1000,0,1000,1000,0,False,False
2.18135,-1123,-531,0,0,0,0,0,0,0,0,0,0,0,1000,0,1000,1000,0,False,False
2.214684,-1123,-531,0,1,0,0,0,0,0,0,1,0,0,-839,0,-836,1000,0,False,False
2.248642,-1123,-531,0,1,0,0,0,0,0,0,1,0,0,-839,0,-836,1000,0,False,False
2.281976,-1123,-531,0,1,0,0,0,0,0,0,1,0,0,-839,0,-836,1000,0,False,False
2.315309,-1123,-531,0,1,0,0,0,0,0,0,1,0,0,-839,0,-836,1000,0,False,False
2.348643,-1123,-531,0,1,0,0,0,0,0,0,1,0,0,-839,0,-836,1000,0,False,False
2.382012,-1123,-531,0,1,0,0,0,0,0,0,1,0,0,-839,0,-836,1000,0,False,False
2.415813,-1124,-531,0,1,0,0,0,0,0,0,1,0,0,-839,0,-836,1000,0,False,False
2.449147,-1126,-531,0,1,0,0,0,0,0,0,1,0,0,-839,0,-836,1000,0,False,False
2.48248,-1129,-531,0,1,0,0,0,0,0,0,1,0,0,-839,0,-836,1000,0,False,False
2.516517,-1129,-531,0,1,0,0,0,0,0,0,1,0,0,-839,0,-836,1000,0,False,False
2.54985,-1136,-531,0,1,0,0,0,0,0,0,1,0,0,-839,0,-836,1000,0,False,False
2.583451,-1136,-531,0,1,0,0,0,0,0,0,1,0,0,-839,0,-836,1000,0,False,False
2.616843,-1136,-531,0,1,0,0,0,0,0,0,1,0,0,-839,0,-836,1000,0,False,False
2.650312,-1136,-531,0,1,0,0,0,0,0,0,1,0,0,-839,0,-836,1000,0,False,False
2.683662,-1136,-531,0,1,0,0,0,0,0,0,1,0,0,-839,0,-836,1000,0,False,False
2.717274,-1136,-531,0,1,0,0,0,0,0,0,1,0,0,-839,0,-836,1000,0,False,False
2.750618,-1136,-531,0,1,0,0,0,0,0,0,1,0,0,-839,0,-836,1000,0,False,False
2.784044,-1136,-531,0,1,0,0,0,0,0,0,1,0,0,-839,0,-836,1000,0,False,False
2.817469,-1136,-531,0,1,0,0,0,0,0,0,1,0,0,-839,0,-836,1000,0,False,False
2.850802,-1139,-531,0,1,0,0,0,0,0,0,1,0,0,-839,0,-836,1000,0,False,False
2.884958,-1139,-531,0,1,0,0,0,0,0,0,1,0,0,-839,0,-836,1000,0,False,False
2.918292,-1139,-531,0,1,0,0,0,0,0,0,1,0,0,-839,0,-836,1000,0,False,False
2.951626,-1139,-531,0,1,0,0,0,0,0,0,1,0,0,-839,0,-836,1000,0,False,False
2.984959,-1139,-531,0,1,0,0,0,0,0,0,1,0,0,-839,0,-836,1000,0,False,False
3.018384,-1139,-531,0,1,0,0,0,0,0,0,1,0,0,-839,0,-836,1000,0,False,False
3.052269,-1139,-531,0,1,0,0,0,0,0,0,1,0,0,-839,0,-836,1000,0,False,False
3.085603,-1139,-531,0,1,0,0,0,0,0,0,1,0,0,-839,0,-836,1000,0,False,False
3.119089,-1139,-531,0,1,0,0,0,0,0,0,1,0,0,-839,0,-836,1000,0,False,False
3.152421,-1139,-531,0,1,0,0,0,0,0,0,1,0,0,-839,0,-836,1000,0,False,False
3.185849,-1139,-531,0,1,0,0,0,0,0,0,1,0,0,-839,0,-836,1000,0,False,False
3.219182,-1139,-531,0,1,0,0,0,0,0,0,1,0,0,-839,0,-836,1000,0,False,False
3.252516,-1139,-531,0,1,0,0,0,0,0,0,1,0,0,-839,0,-836,1000,0,False,False
3.286288,-1139,-531,0,1,0,0,0,0,0,0,1,0,0,-839,0,-836,1000,0,False,False
3.319622,-1143,-531,0,1,0,0,0,0,0,0,1,0,0,-839,0,-836,1000,0,False,False
3.353451,-1143,-531,0,1,0,0,0,0,0,0,1,0,0,-839,0,-836,1000,0,False,False
3.386784,-1161,-531,0,1,0,0,0,0,0,0,1,0,0,-839,0,-836,1000,0,False,False
3.420774,-1161,-531,0,1,0,0,0,0,0,0,1,0,0,-839,0,-836,1000,0,False,False
3.454176,-1161,-531,0,1,0,0,0,0,0,0,1,0,0,-839,0,-836,1000,0,False,False
3.487525,-1161,-531,0,1,0,0,0,0,0,0,1,0,0,-839,0,-836,1000,0,False,False
3.520858,-1161,-531,0,1,0,0,0,0,0,0,1,0,0,-839,0,-836,1000,0,False,False
3.555152,-1161,-531,0,1,0,0,0,0,0,0,1,0,0,-839,0,-836,1000,0,False,False
3.589004,-1161,-531,0,1,0,0,0,0,0,0,1,0,0,-839,0,-836,1000,0,False,False
3.622917,-1161,-531,0,1,0,0,0,0,0,0,1,0,0,-839,0,-836,1000,0,False,False
3.656251,-1161,-531,0,1,0,0,0,0,0,0,1,0,0,-839,0,-836,1000,0,False,False
3.689584,-1161,-531,0,1,0,0,0,0,0,0,1,0,0,-839,0,-836,1000,0,False,False
3.723942,-1161,-531,0,1,0,0,0,0,0,0,1,0,0,-839,0,-836,1000,0,False,False
3.757275,-1161,-531,0,1,0,0,0,0,0,0,1,0,0,-839,0,-836,1000,0,False,False
3.790644,-1161,-531,0,1,0,0,0,0,0,0,1,0,0,-839,0,-836,1000,0,False,False
3.824463,-1161,-531,0,1,0,0,0,0,0,0,1,0,0,-839,0,-836,1000,0,False,False
3.857797,-1161,-531,0,1,0,0,0,0,0,0,1,0,0,-839,0,-836,1000,0,False,False
3.89113,-1161,-531,0,1,0,0,0,0,0,0,1,0,0,-839,0,-836,1000,0,False,False
3.924463,-1161,-531,0,1,0,0,0,0,0,0,1,0,0,-839,0,-836,1000,0,False,False
3.957797,-1161,-531,0,1,0,0,0,0,0,0,1,0,0,-839,0,-836,1000,0,False,False
3.991131,-1161,-531,0,1,0,0,0,0,0,0,1,0,0,-839,0,-836,1000,0,False,False
4.02463,-1161,-531,0,1,0,0,0,0,0,0,1,0,0,-839,0,-836,1000,0,False,False
4.058007,-1161,-531,0,1,0,0,0,0,0,0,1,0,0,-839,0,-836,1000,0,False,False
4.091341,-1161,-531,0,1,0,0,0,0,0,0,1,0,0,-839,0,-836,1000,0,False,False
4.124674,-1161,-531,0,1,0,0,0,0,0,0,1,0,0,-839,0,-836,1000,0,False,False
4.158008,-1161,-531,0,1,0,0,0,0,0,0,1,0,0,-839,0,-836,1000,0,False,False
4.19144,-1161,-531,0,1,0,0,0,0,0,0,1,0,0,-839,0,-836,1000,0,False,False
4.224772,-1161,-531,0,1,0,0,0,0,0,0,1,0,0,-839,0,-836,1000,0,False,False
4.258106,-1161,-531,0,1,0,0,0,0,0,0,1,0,0,-839,0,-836,1000,0,False,False
4.291804,-1161,-531,0,1,0,0,0,0,0,0,1,0,0,-839,0,-836,1000,0,False,False
4.325138,-1161,-531,0,1,0,0,0,0,0,0,1,0,0,-839,0,-836,1000,0,False,False
4.35847,-1161,-531,0,1,0,0,0,0,0,0,1,0,0,-839,0,-836,1000,0,False,False
4.391804,-1161,-531,0,1,0,0,0,0,0,0,1,0,0,-839,0,-836,1000,0,False,False
4.425138,-1161,-531,0,1,0,0,0,0,0,0,1,0,0,-839,0,-836,1000,0,False,False
4.459177,-1161,-531,0,1,0,0,0,0,0,0,1,0,0,-839,0,-836,1000,0,False,False
4.492725,-1161,-531,0,1,0,0,0,0,0,0,1,0,0,-839,0,-836,1000,0,False,False
4.526649,-1161,-531,0,1,0,0,0,0,0,0,1,0,0,-839,0,-836,1000,0,False,False
4.559983,-1161,-531,0,1,0,0,0,0,0,0,1,0,0,-839,0,-836,1000,0,False,False
4.593932,-1161,-531,0,1,0,0,0,0,0,0,1,0,0,-839,0,-836,1000,0,False,False
4.627266,-1161,-531,0,1,0,0,0,0,0,0,1,0,0,-839,0,-836,1000,0,False,False
4.660828,-1161,-531,0,1,0,0,0,0,0,0,1,0,0,-839,0,-836,1000,0,False,False
4.694161,-1161,-531,0,1,0,0,0,0,0,0,1,0,0,-839,0,-836,1000,0,False,False
4.727517,-1161,-531,0,1,0,0,0,0,0,0,1,0,0,-839,0,-836,1000,0,False,False
4.76085,-1161,-531,0,1,0,0,0,0,0,0,1,0,0,-839,0,-836,1000,0,False,False
4.794184,-1161,-531,0,1,0,0,0,0,0,0,1,0,0,-839,0,-836,1000,0,False,False
4.828049,-1161,-531,0,1,0,0,0,0,0,0,1,0,0,-839,0,-836,1000,0,False,False
4.861695,-1161,-531,0,1,0,0,0,0,0,0,1,0,0,-839,0,-836,1000,0,False,False
4.895029,-1161,-531,0,1,0,0,0,0,0,0,1,0,0,-839,0,-836,1000,0,False,False
4.928442,-1161,-531,0,1,0,0,0,0,0,0,1,0,0,-839,0,-836,1000,0,False,False
4.961776,-1161,-531,0,1,0,0,0,0,0,0,1,0,0,-839,0,-836,1000,0,False,False
4.995715,-1161,-531,0,1,0,0,0,0,0,0,1,0,0,-839,0,-836,1000,0,False,False
5.029049,-1161,-531,0,1,0,0,0,0,0,0,1,0,0,-839,0,-836,1000,0,False,False
5.063286,-1161,-531,0,1,0,0,0,0,0,0,1,0,0,-839,0,-836,1000,0,False,False
5.09662,-1161,-531,0,1,0,0,0,0,0,0,1,0,0,-839,0,-836,1000,0,False,False
5.129953,-1161,-531,0,1,0,0,0,0,0,0,1,0,0,-839,0,-836,1000,0,False,False
5.163286,-1161,-531,0,1,0,0,0,0,0,0,1,0,0,-839,0,-836,1000,0,False,False
5.19662,-1161,-531,0,1,0,0,0,0,0,0,1,0,0,-839,0,-836,1000,0,False,False
5.229954,-1161,-531,0,1,0,0,0,0,0,0,1,0,0,-839,0,-836,1000,0,False,False
5.2634,-1163,-531,0,1,0,0,0,0,0,0,1,0,0,-839,0,-836,1000,0,False,False
5.296733,-1163,-531,0,1,0,0,0,0,0,0,1,0,0,-839,0,-836,1000,0,False,False
5.330833,-1163,-531,0,1,0,0,0,0,0,0,1,0,0,-839,0,-836,1000,0,False,False
5.364167,-1160,-542,0,1,0,0,0,0,0,0,1,0,0,-839,0,-836,1000,0,False,False
5.398302,-1153,-573,0,1,0,0,0,0,0,0,1,0,0,-839,0,-836,1000,0,False,False
5.431635,-1148,-593,0,1,0,0,0,0,0,0,1,0,0,-839,0,-836,1000,0,False,False
5.464969,-1148,-593,0,1,0,0,0,0,0,0,1,0,0,-839,0,-836,1000,0,False,False
5.498302,-1148,-593,0,1,0,0,0,0,0,0,1,0,0,-839,0,-836,1000,0,False,False
5.531767,-1148,-593,0,1,0,0,0,0,0,0,1,0,0,-839,0,-836,1000,0,False,False
5.565622,-1148,-593,0,1,0,0,0,0,0,0,1,0,0,-839,0,-836,1000,0,False,False
5.599023,-1148,-593,0,1,0,0,0,0,0,0,1,0,0,-839,0,-836,1000,0,False,False
5.632356,-1148,-593,0,1,0,0,0,0,0,0,1,0,0,-839,0,-836,1000,0,False,False
5.665915,-1148,-593,0,1,0,0,0,0,0,0,1,0,0,-839,0,-836,1000,0,False,False
5.69925,-1148,-593,0,1,0,0,0,0,0,0,1,0,0,-839,0,-836,1000,0,False,False
5.732583,-1148,-593,0,1,0,0,0,0,0,0,1,0,0,-839,0,-836,1000,0,False,False
5.765919,-1148,-593,0,1,0,0,0,0,0,0,1,0,0,-839,0,-836,1000,0,False,False
5.79925,-1148,-593,0,1,0,0,0,0,0,0,1,0,0,-839,0,-836,1000,0,False,False
5.832584,-1148,-593,0,1,0,0,0,0,0,0,1,0,0,-839,0,-836,1000,0,False,False
5.866418,-1148,-593,0,1,0,0,0,0,0,0,1,0,0,-839,0,-836,1000,0,False,False
5.900047,-1148,-593,0,1,0,0,0,0,0,0,1,0,0,-839,0,-836,1000,0,False,False
5.933391,-1148,-593,0,1,0,0,0,0,0,0,1,0,0,-839,0,-836,1000,0,False,False
5.967098,-1148,-593,0,1,0,0,0,0,0,0,1,0,0,-839,0,-836,1000,0,False,False
6.000431,-1148,-593,0,1,0,0,0,0,0,0,1,0,0,-839,0,-836,1000,0,False,False
6.033852,-1148,-593,0,1,0,0,0,0,0,0,1,0,0,-839,0,-836,1000,0,False,False
6.067536,-1148,-593,0,1,0,0,0,0,0,0,1,0,0,-839,0,-836,1000,0,False,False
6.10087,-1148,-593,0,1,0,0,0,0,0,0,1,0,0,-839,0,-836,1000,0,False,False
6.134431,-1148,-593,0,1,0,0,0,0,0,0,1,0,0,-839,0,-836,1000,0,False,False
6.167765,-1148,-593,0,1,0,0,0,0,0,0,1,0,0,-839,0,-836,1000,0,False,False
6.201098,-1148,-593,0,1,0,0,0,0,0,0,1,0,0,-839,0,-836,1000,0,False,False
6.234445,-1148,-593,0,1,0,0,0,0,0,0,1,0,0,-839,0,-836,1000,0,False,False
6.267778,-1148,-593,0,1,0,0,0,0,0,0,1,0,0,-839,0,-836,1000,0,False,False
6.301183,-1148,-593,0,1,0,0,0,0,0,0,1,0,0,-839,0,-836,1000,0,False,False
6.334517,-1148,-593,0,1,0,0,0,0,0,0,1,0,0,-839,0,-836,1000,0,False,False
6.36785,-1148,-593,0,1,0,0,0,0,0,0,1,0,0,-839,0,-836,1000,0,False,False
6.401244,-1147,-593,0,1,0,0,0,0,0,0,1,0,0,-839,0,-836,1000,0,False,False
6.434723,-1147,-583,0,1,0,0,0,0,0,0,1,0,0,-839,0,-836,1000,0,False,False
6.468057,-1147,-581,0,1,0,0,0,0,0,0,1,0,0,-839,0,-836,1000,0,False,False
6.502205,-1147,-573,0,1,0,0,0,0,0,0,1,0,0,-839,0,-836,1000,0,False,False
6.535539,-1148,-552,0,1,0,0,0,0,0,0,1,0,0,-839,0,-836,1000,0,False,False
6.569064,-1149,-520,0,1,0,0,0,0,0,0,1,0,0,-839,0,-836,1000,0,False,False
6.602668,-1149,-479,0,1,0,0,0,0,0,0,1,0,0,-839,0,-836,1000,0,False,False
6.636002,-1149,-458,0,1,0,0,0,0,0,0,1,0,0,-839,0,-836,1000,0,False,False
6.669335,-1145,-441,0,1,0,0,0,0,0,0,1,0,0,-839,0,-836,1000,0,False,False
6.702668,-1139,-420,0,1,0,0,0,0,0,0,1,0,0,-839,0,-836,1000,0,False,False
6.736328,-1132,-396,0,1,0,0,0,0,0,0,1,0,0,-839,0,-836,1000,0,False,False
6.770001,-1122,-362,0,1,0,0,0,0,0,0,1,0,0,-839,0,-836,1000,0,False,False
6.803479,-1114,-326,0,1,0,0,0,0,0,0,1,0,0,-839,0,-836,1000,0,False,False
6.836812,-1110,-302,0,1,0,0,0,0,0,0,1,0,0,-839,0,-836,1000,0,False,False
6.870145,-1107,-284,0,1,0,0,0,0,0,0,1,0,0,-839,0,-836,1000,0,False,False
6.903479,-1105,-268,0,1,0,0,0,0,0,0,1,0,0,-839,0,-836,1000,0,False,False
6.937294,-1105,-260,0,1,0,0,0,0,0,0,1,0,0,-839,0,-836,1000,0,False,False
6.970904,-1105,-254,0,1,0,0,0,0,0,0,1,0,0,-839,0,-836,1000,0,False,False
7.004237,-1105,-252,0,1,0,0,0,0,0,0,1,0,0,-839,0,-836,1000,0,False,False
7.037571,-1105,-252,0,1,0,0,0,0,0,0,1,0,0,-839,0,-836,1000,0,False,False
7.071028,-1105,-251,0,1,0,0,0,0,0,0,1,0,0,-839,0,-836,1000,0,False,False
7.104362,-1105,-251,0,1,0,0,0,0,0,0,1,0,0,-839,0,-836,1000,0,False,False
7.137695,-1105,-251,0,1,0,0,0,0,0,0,1,0,0,-839,0,-836,1000,0,False,False
7.171029,-1105,-250,0,1,0,0,0,0,0,0,1,0,0,-839,0,-836,1000,0,False,False
7.204396,-1106,-248,0,1,0,0,0,0,0,0,1,0,0,-839,0,-836,1000,0,False,False
7.23773,-1109,-247,0,1,0,0,0,0,0,0,1,0,0,-839,0,-836,1000,0,False,False
7.271062,-1112,-246,0,1,0,0,0,0,0,0,1,0,0,-839,0,-836,1000,0,False,False
7.304396,-1117,-246,0,1,0,0,0,0,0,0,1,0,0,-839,0,-836,1000,0,False,False
7.33773,-1119,-246,0,1,0,0,0,0,0,0,1,0,0,-839,0,-836,1000,0,False,False
7.371063,-1119,-246,0,1,0,0,0,0,0,0,1,0,0,-839,0,-836,1000,0,False,False
7.404397,-1119,-246,0,1,0,0,0,0,0,0,1,0,0,-839,0,-836,1000,0,False,False
7.43773,-1119,-245,0,1,0,0,0,0,0,0,1,0,0,-839,0,-836,1000,0,False,False
7.471064,-1119,-241,0,1,0,0,0,0,0,0,1,0,0,-839,0,-836,1000,0,False,False
7.504397,-1119,-236,0,1,0,0,0,0,0,0,1,0,0,-839,0,-836,1000,0,False,False
7.53773,-1120,-231,0,1,0,0,0,0,0,0,1,0,0,-839,0,-836,1000,0,False,False
7.571064,-1120,-223,0,1,0,0,0,0,0,0,1,0,0,-839,0,-836,1000,0,False,False
7.604593,-1120,-220,0,1,0,0,0,0,0,0,1,0,0,-839,0,-836,1000,0,False,False
7.637927,-1120,-220,0,1,0,0,0,0,0,0,1,0,0,-839,0,-836,1000,0,False,False
7.671321,-1120,-220,0,1,0,0,0,0,0,0,1,0,0,-839,0,-836,1000,0,False,False
7.705163,-1120,-220,0,1,0,0,0,0,0,0,1,0,0,-839,0,-836,1000,0,False,False
7.738497,-1120,-220,0,1,0,0,0,0,0,0,1,0,0,-839,0,-836,1000,0,False,False
7.771973,-1120,-220,0,1,0,0,0,0,0,0,1,0,0,-839,0,-836,1000,0,False,False
7.805847,-1120,-220,0,1,0,0,0,0,0,0,1,0,0,-839,0,-836,1000,0,False,False
7.83918,-1120,-220,0,1,0,0,0,0,0,0,1,0,0,-839,0,-836,1000,0,False,False
7.873311,-1120,-219,0,1,0,0,0,0,0,0,1,0,0,-839,0,-836,1000,0,False,False
7.906644,-1122,-218,0,1,0,0,0,0,0,0,1,0,0,-839,0,-836,1000,0,False,False
7.939978,-1122,-218,0,1,0,0,0,0,0,0,1,0,0,-839,0,-836,1000,0,False,False
7.973311,-1122,-218,0,1,0,0,0,0,0,0,1,0,0,-839,0,-836,1000,0,False,False
8.006645,-1122,-218,0,1,0,0,0,0,0,0,1,0,0,-839,0,-836,1000,0,False,False
8.039979,-1122,-218,0,1,0,0,0,0,0,0,1,0,0,-839,0,-836,1000,0,False,False
8.073313,-1122,-218,0,1,0,0,0,0,0,0,1,0,0,-839,0,-836,1000,0,False,False
8.106646,-1122,-218,0,1,0,0,0,0,0,0,1,0,0,-839,0,-836,1000,0,False,False
8.140541,-1122,-218,0,1,0,0,0,0,0,0,1,0,0,-839,0,-836,1000,0,False,False
8.173875,-1122,-218,0,1,0,0,0,0,0,0,1,0,0,-839,0,-836,1000,0,False,False
8.207677,-1122,-218,0,1,0,0,0,0,0,0,1,0,0,-839,0,-836,1000,0,False,False
8.24101,-1122,-218,0,1,0,0,0,0,0,0,1,0,0,-839,0,-836,1000,0,False,False
8.274343,-1122,-218,0,1,0,0,0,0,0,0,1,0,0,-839,0,-836,1000,0,False,False
8.307762,-1122,-218,0,1,0,0,0,0,0,0,1,0,0,-839,0,-836,1000,0,False,False
8.341095,-1122,-218,0,1,0,0,0,0,0,0,1,0,0,-839,0,-836,1000,0,False,False
8.374429,-1122,-218,0,1,0,0,0,0,0,0,1,0,0,-839,0,-836,1000,0,False,False
8.407763,-1122,-218,0,1,0,0,0,0,0,0,1,0,0,-839,0,-836,1000,0,False,False
8.441161,-1122,-218,0,1,0,0,0,0,0,0,1,0,0,-839,0,-836,1000,0,False,False
8.474579,-1122,-218,0,1,0,0,0,0,0,0,1,0,0,-839,0,-836,1000,0,False,False
8.508248,-1122,-218,0,1,0,0,0,0,0,0,1,0,0,-839,0,-836,1000,0,False,False
8.542295,-1122,-218,0,1,0,0,0,0,0,0,1,0,0,-839,0,-836,1000,0,False,False
8.575867,-1122,-218,0,1,0,0,0,0,0,0,1,0,0,-839,0,-836,1000,0,False,False
8.6092,-1122,-218,0,1,0,0,0,0,0,0,1,0,0,-839,0,-836,1000,0,False,False
8.64254,-1122,-218,0,1,0,0,0,0,0,0,1,0,0,-839,0,-836,1000,0,False,False
8.675873,-1122,-218,0,1,0,0,0,0,0,0,1,0,0,-839,0,-836,1000,0,False,False
8.709206,-1122,-218,0,1,0,0,0,0,0,0,1,0,0,-839,0,-836,1000,0,False,False
8.742539,-1122,-218,0,1,0,0,0,0,0,0,1,0,0,-839,0,-836,1000,0,False,False
8.775903,-1122,-218,0,1,0,0,0,0,0,0,1,0,0,-839,0,-836,1000,0,False,False
8.80924,-1122,-218,0,1,0,0,0,0,0,0,1,0,0,-839,0,-836,1000,0,False,False
8.842574,-1122,-218,0,1,0,0,0,0,0,0,1,0,0,-839,0,-836,1000,0,True,False
8.875908,-1122,-218,0,1,0,0,0,0,0,0,1,0,0,-839,0,-836,1000,0,True,False
8.909307,-1122,-218,0,1,0,0,0,0,0,0,1,0,0,-839,0,-836,1000,0,True,False
8.942639,-1122,-218,0,1,0,0,0,0,0,0,1,0,0,-839,0,-836,1000,0,True,False
8.976009,-1122,-218,0,1,0,0,18,0,0,0,1,0,0,-839,0,-836,1000,0,False,False
9.023909,-1122,-218,0,1,0,0,18,0,0,0,1,0,0,-839,0,-836,1000,0,False,False
9.057243,-1122,-218,0,1,0,0,18,0,0,0,1,0,0,-839,0,-836,1000,0,False,False
9.090733,-1128,-248,0,1,0,0,18,0,0,0,1,0,0,-839,0,-836,1000,0,False,False
9.124066,-1134,-297,0,1,0,0,18,0,0,0,1,0,0,-839,0,-836,1000,0,False,False
9.157399,-1136,-344,0,1,0,0,18,0,0,0,1,0,0,-839,0,-836,1000,0,False,False
9.19081,-1136,-371,0,1,0,0,18,0,0,0,1,0,0,-839,0,-836,1000,0,False,False
9.224144,-1131,-393,0,1,0,0,18,0,0,0,1,0,0,-839,0,-836,1000,0,False,False
9.257477,-1127,-410,0,1,0,0,18,0,0,0,1,0,0,-839,0,-836,1000,0,False,False
9.290811,-1119,-432,0,1,0,0,18,0,0,0,1,0,0,-839,0,-836,1000,0,False,False
9.324615,-1113,-446,0,1,0,0,18,0,0,0,1,0,0,-839,0,-836,1000,0,False,False
9.357947,-1112,-448,0,1,0,0,18,0,0,0,1,0,0,-839,0,-836,1000,0,False,False
9.391998,-1111,-451,0,1,0,0,18,0,0,0,1,0,0,-839,0,-836,1000,0,False,False
9.425395,-1099,-479,0,1,0,0,18,0,0,0,1,0,0,-839,0,-836,1000,0,False,False
9.458729,-1080,-507,0,1,0,0,18,0,0,0,1,0,0,-839,0,-836,1000,0,False,False
9.492076,-1071,-522,0,1,0,0,18,0,0,0,1,0,0,-839,0,-836,1000,0,False,False
9.525454,-1071,-523,0,1,0,0,18,0,0,0,1,0,0,-839,0,-836,1000,0,False,False
9.558786,-1071,-523,0,1,0,0,18,0,0,0,1,0,0,-839,0,-836,1000,0,False,False
9.59212,-1071,-523,0,1,0,0,18,0,0,0,1,0,0,-839,0,-836,1000,0,False,False
9.625778,-1071,-523,0,1,0,0,18,0,0,0,1,0,0,-839,0,-836,1000,0,False,False
9.659111,-1071,-523,0,1,0,0,18,0,0,0,1,0,0,-839,0,-836,1000,0,True,False
9.692499,-1071,-523,0,1,0,0,18,0,0,0,1,0,0,-839,0,-836,1000,0,True,False
9.725832,-1071,-523,0,1,0,0,18,0,0,0,1,0,0,-839,0,-836,1000,0,True,False
9.759168,-1071,-523,0,1,0,0,18,1,0,0,1,0,0,-839,0,-836,1000,1,False,False
9.7925,-1074,-536,0,1,0,0,18,1,0,0,1,0,0,-839,0,-836,1000,1,False,False
9.825833,-1080,-556,0,1,0,0,18,1,0,0,1,0,0,-839,0,-836,1000,1,False,False
9.859201,-1084,-577,0,1,0,0,18,1,0,0,1,0,0,-839,0,-836,1000,1,False,False
9.892535,-1084,-579,0,1,0,0,18,1,0,0,1,0,0,-839,0,-836,1000,1,False,False
9.926043,-1084,-582,0,1,0,0,18,1,0,0,1,0,0,-839,0,-836,1000,1,False,False
9.959376,-1084,-589,0,1,0,0,18,1,0,0,1,0,0,-839,0,-836,1000,1,False,False
9.99271,-1084,-594,0,1,0,0,18,1,0,0,1,0,0,-839,0,-836,1000,1,False,False
10.02604,-1084,-599,0,1,0,0,18,1,0,0,1,0,0,-839,0,-836,1000,1,False,False
10.06003,-1083,-607,0,1,0,0,18,1,0,0,1,0,0,-839,0,-836,1000,1,False,False
10.09336,-1083,-612,0,1,0,0,18,1,0,0,1,0,0,-839,0,-836,1000,1,False,False
10.1267,-1083,-618,0,1,0,0,18,1,0,0,1,0,0,-839,0,-836,1000,1,False,False
10.16003,-1083,-625,0,1,0,0,18,1,0,0,1,0,0,-839,0,-836,1000,1,False,False
10.19361,-1083,-626,0,1,0,0,18,1,0,0,1,0,0,-839,0,-836,1000,1,False,False
10.22788,-1083,-626,0,1,0,0,18,1,0,0,1,0,0,-839,0,-836,1000,1,False,False
10.26121,-1083,-626,0,1,0,0,18,1,0,0,1,0,0,-839,0,-836,1000,1,False,False
10.29455,-1083,-626,0,1,0,0,18,1,0,0,1,0,0,-839,0,-836,1000,1,False,False
10.32788,-1083,-626,0,1,0,0,18,1,0,0,1,0,0,-839,0,-836,1000,1,True,False
10.36121,-1083,-626,0,1,0,0,18,1,0,0,1,0,0,-839,0,-836,1000,1,True,False
10.39458,-1083,-626,0,1,0,0,18,1,0,0,1,0,0,-839,0,-836,1000,1,True,False
10.42814,-1083,-626,0,1,0,0,18,1,0,0,1,1,0,-839,0,-836,1000,0,False,False
10.46148,-1083,-626,0,1,0,0,18,1,0,0,1,1,0,-839,0,-836,1000,0,False,False
10.49481,-1083,-626,0,1,0,0,18,1,0,0,1,1,0,-839,0,-836,1000,0,False,False
10.52814,-1083,-626,0,1,0,0,18,1,0,0,1,1,0,-839,0,-836,1000,0,False,False
10.56148,-1099,-625,0,1,0,0,18,1,0,0,1,1,0,-839,0,-836,1000,0,False,False
10.59487,-1206,-556,0,1,0,0,18,1,0,0,1,1,0,-839,0,-836,1000,0,False,False
10.62824,-1357,-464,0,1,0,0,18,1,0,0,1,1,0,-839,0,-836,1000,0,False,False
10.66157,-1474,-395,0,1,0,0,18,1,0,0,1,1,0,-839,0,-836,1000,0,False,False
10.6949,-1533,-363,0,1,0,0,18,1,0,0,1,1,0,-839,0,-836,1000,0,False,False
10.72824,-1559,-347,0,1,0,0,18,1,0,0,1,1,0,-839,0,-836,1000,0,False,False
10.76157,-1592,-322,0,1,0,0,18,1,0,0,1,1,0,-839,0,-836,1000,0,False,False
10.7949,-1627,-292,0,1,0,0,18,1,0,0,1,1,0,-839,0,-836,1000,0,False,False
10.82824,-1672,-262,0,1,0,0,18,1,0,0,1,1,0,-839,0,-836,1000,0,False,False
10.86181,-1711,-241,0,1,0,0,18,1,0,0,1,1,0,-839,0,-836,1000,0,False,False
10.89533,-1725,-233,0,1,0,0,18,1,0,0,1,1,0,-839,0,-836,1000,0,False,False
10.92866,-1728,-233,0,1,0,0,18,1,0,0,1,1,0,-839,0,-836,1000,0,False,False
10.962,-1731,-233,0,1,0,0,18,1,0,0,1,1,0,-839,0,-836,1000,0,False,False
10.99533,-1733,-231,0,1,0,0,18,1,0,0,1,1,0,-839,0,-836,1000,0,False,False
11.02902,-1749,-224,0,1,0,0,18,1,0,0,1,1,0,-839,0,-836,1000,0,False,False
11.06235,-1760,-219,0,1,0,0,18,1,0,0,1,1,0,-839,0,-836,1000,0,False,False
11.09579,-1767,-217,0,1,0,0,18,1,0,0,1,1,0,-839,0,-836,1000,0,False,False
11.12912,-1767,-217,0,1,0,0,18,1,0,0,1,1,0,-839,0,-836,1000,0,False,False
11.16245,-1767,-217,0,1,0,0,18,1,0,0,1,1,0,-839,0,-836,1000,0,False,False
11.19606,-1767,-217,0,1,0,0,18,1,0,0,1,1,0,-839,0,-836,1000,0,False,False
11.2294,-1767,-217,0,1,0,0,18,1,0,0,1,1,0,-839,0,-836,1000,0,False,False
11.26273,-1767,-217,0,1,0,0,18,1,0,0,1,1,0,-839,0,-836,1000,0,True,False
11.2964,-1767,-217,0,1,0,0,18,1,0,0,1,1,0,-839,0,-836,1000,0,True,False
11.33035,-1767,-217,0,1,0,0,18,1,0,0,1,1,0,-839,0,-836,1000,0,True,False
11.36369,-1767,-217,0,1,0,0,18,1,0,0,1,1,0,-839,0,-836,1000,0,True,False
11.39741,-1767,-217,0,1,0,0,18,1,0,0,1,1,0,-839,0,-836,1000,0,True,False
11.43074,-1767,-217,0,1,0,0,18,1,0,0,1,1,0,-839,0,-836,1000,0,False,False
11.46408,-1767,-217,0,1,0,0,18,1,0,0,1,1,0,-839,0,-836,1000,0,False,False
11.49741,-1767,-217,0,1,0,0,18,1,0,0,1,1,0,-839,0,-836,1000,0,False,False
11.53074,-1765,-217,0,1,0,0,18,1,0,0,1,1,0,-839,0,-836,1000,0,False,False
11.56434,-1754,-228,0,1,0,0,18,1,0,0,1,1,0,-839,0,-836,1000,0,False,False
11.59767,-1736,-250,0,1,0,0,18,1,0,0,1,1,0,-839,0,-836,1000,0,False,False
11.631,-1725,-260,0,1,0,0,18,1,0,0,1,1,0,-839,0,-836,1000,0,False,False
11.66434,-1725,-260,0,1,0,0,18,1,0,0,1,1,0,-839,0,-836,1000,0,False,False
11.69834,-1725,-260,0,1,0,0,18,1,0,0,1,1,0,-839,0,-836,1000,0,False,False
11.73168,-1724,-264,0,1,0,0,18,1,0,0,1,1,0,-839,0,-836,1000,0,False,False
11.76512,-1712,-280,0,1,0,0,18,1,0,0,1,1,0,-839,0,-836,1000,0,False,False
11.79845,-1693,-292,0,1,0,0,18,1,0,0,1,1,0,-839,0,-836,1000,0,False,False
11.83179,-1657,-300,0,1,0,0,18,1,0,0,1,1,0,-839,0,-836,1000,0,False,False
11.8653,-1608,-308,0,1,0,0,18,1,0,0,1,1,0,-839,0,-836,1000,0,False,False
11.89863,-1572,-320,0,1,0,0,18,1,0,0,1,1,0,-839,0,-836,1000,0,False,False
11.93197,-1565,-323,0,1,0,0,18,1,0,0,1,1,0,-839,0,-836,1000,0,False,False
11.9653,-1565,-323,0,1,0,0,18,1,0,0,1,1,0,-839,0,-836,1000,0,False,False
11.99863,-1562,-334,0,1,0,0,18,1,0,0,1,1,0,-839,0,-836,1000,0,False,False
12.03212,-1558,-343,0,1,0,0,18,1,0,0,1,1,0,-839,0,-836,1000,0,False,False
12.06558,-1557,-348,0,1,0,0,18,1,0,0,1,1,0,-839,0,-836,1000,0,False,False
12.09895,-1556,-356,0,1,0,0,18,1,0,0,1,1,0,-839,0,-836,1000,0,False,False
12.13228,-1553,-368,0,1,0,0,18,1,0,0,1,1,0,-839,0,-836,1000,0,False,False
12.16561,-1553,-372,0,1,0,0,18,1,0,0,1,1,0,-839,0,-836,1000,0,False,False
12.19912,-1553,-372,0,1,0,0,18,1,0,0,1,1,0,-839,0,-836,1000,0,False,False
12.23245,-1553,-372,0,1,0,0,18,1,0,0,1,1,0,-839,0,-836,1000,0,True,False
12.26579,-1553,-372,0,1,0,0,18,1,0,0,1,1,0,-839,0,-836,1000,0,True,False
12.29917,-1553,-372,0,1,0,0,18,1,0,0,1,1,0,-839,0,-836,1000,0,True,False
12.33258,-1553,-372,0,1,0,0,18,1,0,0,1,1,0,-839,0,-836,1000,0,True,False
12.3664,-1553,-372,0,1,1,0,18,1,0,0,1,1,0,-839,0,-836,1000,0,False,False
12.39974,-1561,-390,0,1,1,0,18,1,0,0,1,1,0,-839,0,-836,1000,0,False,False
12.43382,-1566,-410,0,1,1,0,18,1,0,0,1,1,0,-839,0,-836,1000,0,False,False
12.46715,-1572,-436,0,1,1,0,18,1,0,0,1,1,0,-839,0,-836,1000,0,False,False
12.50049,-1573,-458,0,1,1,0,18,1,0,0,1,1,0,-839,0,-836,1000,0,False,False
12.53386,-1573,-466,0,1,1,0,18,1,0,0,1,1,0,-839,0,-836,1000,0,False,False
12.56719,-1573,-471,0,1,1,0,18,1,0,0,1,1,0,-839,0,-836,1000,0,False,False
12.60052,-1573,-472,0,1,1,0,18,1,0,0,1,1,0,-839,0,-836,1000,0,False,False
12.63386,-1573,-482,0,1,1,0,18,1,0,0,1,1,0,-839,0,-836,1000,0,False,False
12.66719,-1573,-496,0,1,1,0,18,1,0,0,1,1,0,-839,0,-836,1000,0,False,False
12.70052,-1573,-496,0,1,1,0,18,1,0,0,1,1,0,-839,0,-836,1000,0,False,False
12.73386,-1573,-496,0,1,1,0,18,1,0,0,1,1,0,-839,0,-836,1000,0,False,False
12.76729,-1574,-489,0,1,1,0,18,1,0,0,1,1,0,-839,0,-836,1000,0,False,False
12.80083,-1574,-475,0,1,1,0,18,1,0,0,1,1,0,-839,0,-836,1000,0,False,False
12.83416,-1574,-464,0,1,1,0,18,1,0,0,1,1,0,-839,0,-836,1000,0,False,False
12.86756,-1574,-462,0,1,1,0,18,1,0,0,1,1,0,-839,0,-836,1000,0,False,False
12.90094,-1574,-462,0,1,1,0,18,1,0,0,1,1,0,-839,0,-836,1000,0,False,False
12.93428,-1574,-462,0,1,1,0,18,1,0,0,1,1,0,-839,0,-836,1000,0,False,False
12.96796,-1574,-462,0,1,1,0,18,1,0,0,1,1,0,-839,0,-836,1000,0,False,False
13.00146,-1574,-462,0,1,1,0,18,1,0,0,1,1,0,-839,0,-836,1000,0,False,False
13.03479,-1574,-462,0,1,1,0,18,1,0,0,1,1,0,-839,0,-836,1000,0,False,False
13.06813,-1574,-462,0,1,1,0,18,1,0,0,1,1,0,-839,0,-836,1000,0,True,False
13.1015,-1574,-462,0,1,1,0,18,1,0,0,1,1,0,-839,0,-836,1000,0,True,False
13.13483,-1574,-462,0,1,1,0,18,1,0,0,1,1,0,-839,0,-836,1000,0,True,False
13.16853,-1574,-462,0,1,1,0,18,1,0,0,1,1,0,-839,0,-836,1000,0,True,False
13.20202,-1574,-462,0,1,1,0,18,1,0,0,1,1,0,-839,0,-836,1000,0,True,False
13.23535,-1574,-462,0,1,1,0,18,1,0,0,1,1,0,-839,0,-836,1000,0,False,False
13.26916,-1574,-462,0,1,1,0,18,1,0,0,1,1,0,-839,0,-836,1000,0,False,False
13.3025,-1574,-462,0,1,1,0,18,1,0,0,1,1,0,-839,0,-836,1000,0,False,False
13.33622,-1574,-462,0,1,1,0,18,1,0,0,1,1,0,-839,0,-836,1000,0,False,False
13.36982,-1574,-462,0,1,1,0,18,1,0,0,1,1,0,-839,0,-836,1000,0,False,False
13.40372,-1574,-462,0,1,1,0,18,1,0,0,1,1,0,-839,0,-836,1000,0,False,False
13.43706,-1574,-462,0,1,1,0,18,1,0,0,1,1,0,-839,0,-836,1000,0,False,False
13.47072,-1574,-462,0,1,1,0,18,1,0,0,1,1,0,-839,0,-836,1000,0,False,False
13.50405,-1574,-462,0,1,1,0,18,1,0,0,1,1,0,-839,0,-836,1000,0,False,False
13.53788,-1574,-462,0,1,1,0,18,1,0,0,1,1,0,-839,0,-836,1000,0,False,False
13.57121,-1574,-462,0,1,1,0,18,1,0,0,1,1,0,-839,0,-836,1000,0,False,False
13.60454,-1574,-462,0,1,1,0,18,1,0,0,1,1,0,-839,0,-836,1000,0,False,False
13.63792,-1574,-462,0,1,1,0,18,1,0,0,1,1,0,-839,0,-836,1000,0,False,False
13.67125,-1574,-462,0,1,1,0,18,1,0,0,1,1,0,-839,0,-836,1000,0,False,False
13.70458,-1574,-462,0,1,1,0,18,1,0,0,1,1,0,-839,0,-836,1000,0,False,False
13.73792,-1574,-462,0,1,1,0,18,1,0,0,1,1,0,-839,0,-836,1000,0,False,False
13.77212,-1574,-462,0,1,1,0,18,1,0,0,1,1,0,-839,0,-836,1000,0,False,False
13.8056,-1574,-462,0,1,1,0,18,1,0,0,1,1,0,-839,0,-836,1000,0,False,False
13.83893,-1574,-462,0,1,1,0,18,1,0,0,1,1,0,-839,0,-836,1000,0,False,False
13.87288,-1574,-462,0,1,1,0,18,1,0,0,1,1,0,-839,0,-836,1000,0,False,False
13.90622,-1574,-462,0,1,1,0,18,1,0,0,1,1,0,-839,0,-836,1000,0,False,False
13.9398,-1574,-462,0,1,1,0,18,1,0,0,1,1,0,-839,0,-836,1000,0,False,False
13.97313,-1574,-462,0,1,1,0,18,1,0,0,1,1,0,-839,0,-836,1000,0,False,False
14.00647,-1574,-462,0,1,1,0,18,1,0,0,1,1,0,-839,0,-836,1000,0,False,False
14.0398,-1574,-462,0,1,1,0,18,1,0,0,1,1,0,-839,0,-836,1000,0,False,False
14.07313,-1574,-462,0,1,1,0,18,1,0,0,1,1,0,-839,0,-836,1000,0,False,False
14.10704,-1574,-462,0,1,1,0,18,1,0,0,1,1,0,-839,0,-836,1000,0,False,False
14.14052,-1574,-462,0,1,1,0,18,1,0,0,1,1,0,-839,0,-836,1000,0,False,False
14.17402,-1574,-462,0,1,1,0,18,1,0,0,1,1,0,-839,0,-836,1000,0,False,False
14.20747,-1574,-462,0,1,1,0,18,1,0,0,1,1,0,-839,0,-836,1000,0,False,False
14.24081,-1574,-462,0,1,1,0,18,1,0,0,1,1,0,-839,0,-836,1000,0,False,False
14.27414,-1574,-462,0,1,1,0,18,1,0,0,1,1,0,-839,0,-836,1000,0,False,False
14.30747,-1574,-462,0,1,1,0,18,1,0,0,1,1,0,-839,0,-836,1000,0,False,False
14.34116,-1574,-462,0,1,1,0,18,1,0,0,1,1,0,-839,0,-836,1000,0,False,False
14.3745,-1574,-462,0,1,1,0,18,1,0,0,1,1,0,-839,0,-836,1000,0,False,False
14.40792,-1574,-462,0,1,1,0,18,1,0,0,1,1,0,-839,0,-836,1000,0,False,False
14.44125,-1574,-462,0,1,1,0,18,1,0,0,1,1,0,-839,0,-836,1000,0,False,False
14.47458,-1574,-462,0,1,1,0,18,1,0,0,1,1,0,-839,0,-836,1000,0,False,False
14.50828,-1574,-462,0,1,1,0,18,1,0,0,1,1,0,-839,0,-836,1000,0,False,False
14.54161,-1574,-462,0,1,1,0,18,1,0,0,1,1,0,-839,0,-836,1000,0,False,False
14.57494,-1574,-461,0,1,1,0,18,1,0,0,1,1,0,-839,0,-836,1000,0,False,False
14.60892,-1545,-424,0,1,1,0,18,1,0,0,1,1,0,-839,0,-836,1000,0,False,False
14.64229,-1490,-387,0,1,1,0,18,1,0,0,1,1,0,-839,0,-836,1000,0,False,False
14.67578,-1426,-350,0,1,1,0,18,1,0,0,1,1,0,-839,0,-836,1000,0,False,False
14.70912,-1377,-323,0,1,1,0,18,1,0,0,1,1,0,-839,0,-836,1000,0,False,False
14.74245,-1340,-302,0,1,1,0,18,1,0,0,1,1,0,-839,0,-836,1000,0,False,False
14.77581,-1319,-291,0,1,1,0,18,1,0,0,1,1,0,-839,0,-836,1000,0,False,False
14.80947,-1304,-286,0,1,1,0,18,1,0,0,1,1,0,-839,0,-836,1000,0,False,False
14.84351,-1287,-275,0,1,1,0,18,1,0,0,1,1,0,-839,0,-836,1000,0,False,False
14.87684,-1278,-269,0,1,1,0,18,1,0,0,1,1,0,-839,0,-836,1000,0,False,False
14.91096,-1269,-262,0,1,1,0,18,1,0,0,1,1,0,-839,0,-836,1000,0,False,False
14.94429,-1261,-257,0,1,1,0,18,1,0,0,1,1,0,-839,0,-836,1000,0,False,False
14.97762,-1252,-252,0,1,1,0,18,1,0,0,1,1,0,-839,0,-836,1000,0,False,False
15.01108,-1240,-246,0,1,1,0,18,1,0,0,1,1,0,-839,0,-836,1000,0,False,False
15.04441,-1224,-237,0,1,1,0,18,1,0,0,1,1,0,-839,0,-836,1000,0,False,False
15.07804,-1216,-232,0,1,1,0,18,1,0,0,1,1,0,-839,0,-836,1000,0,False,False
15.11137,-1213,-229,0,1,1,0,18,1,0,0,1,1,0,-839,0,-836,1000,0,False,False
15.1447,-1205,-224,0,1,1,0,18,1,0,0,1,1,0,-839,0,-836,1000,0,False,False
15.17806,-1196,-220,0,1,1,0,18,1,0,0,1,1,0,-839,0,-836,1000,0,False,False
15.21186,-1189,-218,0,1,1,0,18,1,0,0,1,1,0,-839,0,-836,1000,0,False,False
15.24519,-1176,-217,0,1,1,0,18,1,0,0,1,1,0,-839,0,-836,1000,0,False,False
15.27852,-1166,-215,0,1,1,0,18,1,0,0,1,1,0,-839,0,-836,1000,0,False,False
15.31186,-1159,-215,0,1,1,0,18,1,0,0,1,1,0,-839,0,-836,1000,0,False,False
15.34519,-1158,-215,0,1,1,0,18,1,0,0,1,1,0,-839,0,-836,1000,0,False,False
15.37852,-1154,-215,0,1,1,0,18,1,0,0,1,1,0,-839,0,-836,1000,0,False,False
15.41186,-1153,-215,0,1,1,0,18,1,0,0,1,1,0,-839,0,-836,1000,0,False,False
15.44519,-1149,-215,0,1,1,0,18,1,0,0,1,1,0,-839,0,-836,1000,0,False,False
15.47852,-1149,-215,0,1,1,0,18,1,0,0,1,1,0,-839,0,-836,1000,0,False,False
15.51189,-1149,-215,0,1,1,0,18,1,0,0,1,1,0,-839,0,-836,1000,0,False,False
15.54581,-1149,-215,0,1,1,0,18,1,0,0,1,1,0,-839,0,-836,1000,0,False,False
15.57915,-1149,-215,0,1,1,0,18,1,0,0,1,1,0,-839,0,-836,1000,0,False,False
15.61248,-1149,-215,0,1,1,0,18,1,0,0,1,1,0,-839,0,-836,1000,0,False,False
15.64581,-1149,-215,0,1,1,0,18,1,0,0,1,1,0,-839,0,-836,1000,0,False,False
15.67915,-1149,-215,0,1,1,0,18,1,0,0,1,1,0,-839,0,-836,1000,0,False,False
15.71264,-1149,-215,0,1,1,0,18,1,0,0,1,1,0,-839,0,-836,1000,0,False,False
15.74598,-1149,-215,0,1,1,0,18,1,0,0,1,1,0,-839,0,-836,1000,0,False,False
15.77939,-1149,-215,0,1,1,0,18,1,0,0,1,1,0,-839,0,-836,1000,0,False,False
15.81273,-1149,-215,0,1,1,0,18,1,0,0,1,1,0,-839,0,-836,1000,0,False,False
15.84613,-1149,-215,0,1,1,0,18,1,0,0,1,1,0,-839,0,-836,1000,0,False,False
15.87946,-1149,-215,0,1,1,0,18,1,0,0,1,1,0,-839,0,-836,1000,0,False,False
15.91279,-1149,-215,0,1,1,0,18,1,0,0,1,1,0,-839,0,-836,1000,0,False,False
15.94669,-1149,-215,0,1,1,0,18,1,0,0,1,1,0,-839,0,-836,1000,0,False,False
15.98002,-1149,-215,0,1,1,0,18,1,0,0,1,1,0,-839,0,-836,1000,0,False,False
16.01336,-1149,-215,0,1,1,0,18,1,0,0,1,1,0,-839,0,-836,1000,0,False,False
16.0471,-1149,-215,0,1,1,0,18,1,0,0,1,1,0,-839,0,-836,1000,0,False,False
16.08043,-1149,-215,0,1,1,0,18,1,0,0,1,1,0,-839,0,-836,1000,0,False,False
16.11408,-1149,-215,0,1,1,0,18,1,0,0,1,1,0,-839,0,-836,1000,0,False,False
16.14741,-1149,-215,0,1,1,0,18,1,0,0,1,1,0,-839,0,-836,1000,0,False,False
16.18141,-1149,-215,0,1,1,0,18,1,0,0,1,1,0,-839,0,-836,1000,0,False,False
16.21524,-1149,-215,0,1,1,0,18,1,0,0,1,1,0,-839,0,-836,1000,0,False,False
16.24879,-1149,-215,0,1,1,0,18,1,0,0,1,1,0,-839,0,-836,1000,0,False,False
16.28218,-1149,-215,0,1,1,0,18,1,0,0,1,1,0,-839,0,-836,1000,0,False,False
16.3161,-1149,-215,0,1,1,0,18,1,0,0,1,1,0,-839,0,-836,1000,0,False,False
16.34944,-1149,-215,0,1,1,0,18,1,0,0,1,1,0,-839,0,-836,1000,0,False,False
16.38277,-1149,-215,0,1,1,0,18,1,0,0,1,1,0,-839,0,-836,1000,0,False,False
16.4161,-1149,-215,0,1,1,0,18,1,0,0,1,1,0,-839,0,-836,1000,0,False,False
16.44944,-1149,-215,0,1,1,0,18,1,0,0,1,1,0,-839,0,-836,1000,0,False,False
16.48277,-1149,-215,0,1,1,0,18,1,0,0,1,1,0,-839,0,-836,1000,0,False,False
16.5161,-1149,-215,0,1,1,0,18,1,0,0,1,1,0,-839,0,-836,1000,0,False,False
16.54944,-1149,-215,0,1,1,0,18,1,0,0,1,1,0,-839,0,-836,1000,0,False,False
16.58277,-1149,-215,0,1,1,0,18,1,0,0,1,1,0,-839,0,-836,1000,0,False,False
16.61611,-1149,-215,0,1,1,0,18,1,0,0,1,1,0,-839,0,-836,1000,0,False,False
16.64955,-1149,-215,0,1,1,0,18,1,0,0,1,1,0,-839,0,-836,1000,0,False,False
16.68289,-1149,-215,0,1,1,0,18,1,0,0,1,1,0,-839,0,-836,1000,0,False,False
16.71622,-1149,-215,0,1,1,0,18,1,0,0,1,1,0,-839,0,-836,1000,0,False,False
16.74956,-1149,-215,0,1,1,0,18,1,0,0,1,1,0,-839,0,-836,1000,0,False,False
16.78289,-1149,-215,0,1,1,0,18,1,0,0,1,1,0,-839,0,-836,1000,0,False,False
16.81622,-1149,-215,0,1,1,0,18,1,0,0,1,1,0,-839,0,-836,1000,0,False,False
16.84991,-1149,-215,0,1,1,0,18,1,0,0,1,1,0,-839,0,-836,1000,0,False,False
16.88324,-1149,-215,0,1,1,0,18,1,0,0,1,1,0,-839,0,-836,1000,0,False,False
16.91658,-1149,-215,0,1,1,0,18,1,0,0,1,1,0,-839,0,-836,1000,0,False,False
16.94991,-1149,-215,0,1,1,0,18,1,0,0,1,1,0,-839,0,-836,1000,0,False,False
16.98324,-1149,-215,0,1,1,0,18,1,0,0,1,1,0,-839,0,-836,1000,0,False,False
17.01691,-1149,-215,0,1,1,0,18,1,0,0,1,1,0,-839,0,-836,1000,0,False,False
17.05025,-1149,-215,0,1,1,0,18,1,0,0,1,1,0,-839,0,-836,1000,0,False,False
17.0844,-1149,-215,0,1,1,0,18,1,0,0,1,1,0,-839,0,-836,1000,0,False,False
17.11814,-1149,-215,0,1,1,0,18,1,0,0,1,1,0,-839,0,-836,1000,0,False,False
17.15148,-1149,-215,0,1,1,0,18,1,0,0,1,1,0,-839,0,-836,1000,0,False,False
17.18501,-1149,-215,0,1,1,0,18,1,0,0,1,1,0,-839,0,-836,1000,0,False,False
17.21835,-1149,-215,0,1,1,0,18,1,0,0,1,1,0,-839,0,-836,1000,0,False,False
17.25171,-1149,-215,0,1,1,0,18,1,0,0,1,1,0,-839,0,-836,1000,0,False,False
17.28505,-1149,-215,0,1,1,0,18,1,0,0,1,1,0,-839,0,-836,1000,0,False,False
17.31838,-1149,-215,0,1,1,0,18,1,0,0,1,1,0,-839,0,-836,1000,0,False,False
17.35202,-1149,-215,0,1,1,0,18,1,0,0,1,1,0,-839,0,-836,1000,0,False,False
17.38607,-1149,-215,0,1,1,0,18,1,0,0,1,1,0,-839,0,-836,1000,0,False,False
17.41956,-1149,-215,0,1,1,0,18,1,0,0,1,1,0,-839,0,-836,1000,0,False,False
17.4529,-1149,-215,0,1,1,0,18,1,0,0,1,1,0,-839,0,-836,1000,0,False,False
17.48623,-1149,-215,0,1,1,0,18,1,0,0,1,1,0,-839,0,-836,1000,0,False,False
17.52018,-1149,-215,0,1,1,0,18,1,0,0,1,1,0,-839,0,-836,1000,0,False,False
17.55371,-1149,-215,0,1,1,0,18,1,0,0,1,1,0,-839,0,-836,1000,0,False,False
17.58706,-1149,-215,0,1,1,0,18,1,0,0,1,1,0,-839,0,-836,1000,0,False,False
17.62039,-1149,-215,0,1,1,0,18,1,0,0,1,1,0,-839,0,-836,1000,0,False,False
17.65381,-1149,-215,0,1,1,0,18,1,0,0,1,1,0,-839,0,-836,1000,0,False,False
17.68722,-1149,-215,0,1,1,0,18,1,0,0,1,1,0,-839,0,-836,1000,0,False,False
17.72093,-1149,-215,0,1,1,0,18,1,0,0,1,1,0,-839,0,-836,1000,0,False,False
17.75426,-1149,-215,0,1,1,0,18,1,0,0,1,1,0,-839,0,-836,1000,0,False,False
17.7876,-1149,-215,0,1,1,0,18,1,0,0,1,1,0,-839,0,-836,1000,0,False,False
17.82093,-1149,-215,0,1,1,0,18,1,0,0,1,1,0,-839,0,-836,1000,0,False,False
17.85426,-1149,-215,0,1,1,0,18,1,0,0,1,1,0,-839,0,-836,1000,0,False,False
17.8876,-1149,-215,0,1,1,0,18,1,0,0,1,1,0,-839,0,-836,1000,0,False,False
17.92093,-1149,-215,0,1,1,0,18,1,0,0,1,1,0,-839,0,-836,1000,0,False,False
17.95426,-1149,-215,0,1,1,0,18,1,0,0,1,1,0,-839,0,-836,1000,0,False,False
17.98759,-1149,-215,0,1,1,0,18,1,0,0,1,1,0,-839,0,-836,1000,0,False,False
18.02093,-1149,-215,0,1,1,0,18,1,0,0,1,1,0,-839,0,-836,1000,0,False,False
18.05426,-1149,-215,0,1,1,0,18,1,0,0,1,1,0,-839,0,-836,1000,0,False,False
18.08759,-1149,-215,0,1,1,0,18,1,0,0,1,1,0,-839,0,-836,1000,0,False,False
18.12096,-1149,-215,0,1,1,0,18,1,0,0,1,1,0,-839,0,-836,1000,0,False,False
18.15452,-1149,-215,0,1,1,0,18,1,0,0,1,1,0,-839,0,-836,1000,0,False,False
18.18808,-1149,-215,0,1,1,0,18,1,0,0,1,1,0,-839,0,-836,1000,0,False,False
18.22142,-1149,-215,0,1,1,0,18,1,0,0,1,1,0,-839,0,-836,1000,0,False,False
18.25529,-1149,-215,0,1,1,0,18,1,0,0,1,1,0,-839,0,-836,1000,0,False,False
18.28878,-1149,-215,0,1,1,0,18,1,0,0,1,1,0,-839,0,-836,1000,0,False,False
18.32263,-1149,-215,0,1,1,0,18,1,0,0,1,1,0,-839,0,-836,1000,0,False,False
18.35613,-1149,-215,0,1,1,0,18,1,0,0,1,1,0,-839,0,-836,1000,0,False,False
18.38946,-1149,-215,0,1,1,0,18,1,0,0,1,1,0,-839,0,-836,1000,0,False,False
18.42315,-1149,-215,0,1,1,0,18,1,0,0,1,1,0,-839,0,-836,1000,0,False,False
18.45648,-1149,-215,0,1,1,0,18,1,0,0,1,1,0,-839,0,-836,1000,0,False,False
18.48982,-1149,-215,0,1,1,0,18,1,0,0,1,1,0,-839,0,-836,1000,0,False,False
18.52315,-1149,-215,0,1,1,0,18,1,0,0,1,1,0,-839,0,-836,1000,0,False,False
18.55648,-1149,-215,0,1,1,0,18,1,0,0,1,1,0,-839,0,-836,1000,0,False,False
18.58982,-1149,-215,0,1,1,0,18,1,0,0,1,1,0,-839,0,-836,1000,0,False,False
18.62315,-1149,-215,0,1,1,0,18,1,0,0,1,1,0,-839,0,-836,1000,0,False,False
18.65648,-1149,-215,0,1,1,0,18,1,0,0,1,1,0,-839,0,-836,1000,0,False,False
18.68982,-1149,-215,0,1,1,0,18,1,0,0,1,1,0,-839,0,-836,1000,0,False,False
18.72315,-1149,-215,0,1,1,0,18,1,0,0,1,1,0,-839,0,-836,1000,0,False,False
18.75649,-1149,-215,0,1,1,0,18,1,0,0,1,1,0,-839,0,-836,1000,0,False,False
18.79011,-1149,-215,0,1,1,0,18,1,0,0,1,1,0,-839,0,-836,1000,0,False,False
18.82344,-1149,-215,0,1,1,0,18,1,0,0,1,1,0,-839,0,-836,1000,0,False,False
18.85727,-1149,-215,0,1,1,0,18,1,0,0,1,1,0,-839,0,-836,1000,0,False,False
18.8906,-1149,-215,0,1,1,0,18,1,0,0,1,1,0,-839,0,-836,1000,0,False,False
18.92427,-1149,-215,0,1,1,0,18,1,0,0,1,1,0,-839,0,-836,1000,0,False,False
18.9576,-1149,-215,0,1,1,0,18,1,0,0,1,1,0,-839,0,-836,1000,0,False,False
18.99094,-1149,-215,0,1,1,0,18,1,0,0,1,1,0,-839,0,-836,1000,0,False,False
19.02468,-1149,-215,0,1,1,0,18,1,0,0,1,1,0,-839,0,-836,1000,0,False,False
19.05801,-1149,-215,0,1,1,0,18,1,0,0,1,1,0,-839,0,-836,1000,0,False,False
19.09135,-1149,-215,0,1,1,0,18,1,0,0,1,1,0,-839,0,-836,1000,0,False,False
19.12468,-1149,-215,0,1,1,0,18,1,0,0,1,1,0,-839,0,-836,1000,0,False,False
19.15812,-1149,-215,0,1,1,0,18,1,0,0,1,1,0,-839,0,-836,1000,0,False,False
19.19161,-1149,-215,0,1,1,0,18,1,0,0,1,1,0,-839,0,-836,1000,0,False,False
19.22495,-1149,-215,0,1,1,0,18,1,0,0,1,1,0,-839,0,-836,1000,0,False,False
19.2584,-1149,-215,0,1,1,0,18,1,0,0,1,1,0,-839,0,-836,1000,0,False,False
19.29173,-1149,-215,0,1,1,0,18,1,0,0,1,1,0,-839,0,-836,1000,0,False,False
19.32586,-1149,-215,0,1,1,0,18,1,0,0,1,1,0,-839,0,-836,1000,0,False,False
19.3592,-1149,-215,0,1,1,0,18,1,0,0,1,1,0,-839,0,-836,1000,0,False,False
19.39309,-1149,-215,0,1,1,0,18,1,0,0,1,1,0,-839,0,-836,1000,0,False,False
19.42642,-1149,-215,0,1,1,0,18,1,0,0,1,1,0,-839,0,-836,1000,0,False,False
19.45976,-1149,-215,0,1,1,0,18,1,0,0,1,1,0,-839,0,-836,1000,0,False,False
19.49309,-1149,-215,0,1,1,0,18,1,0,0,1,1,0,-839,0,-836,1000,0,False,False
19.52642,-1149,-215,0,1,1,0,18,1,0,0,1,1,0,-839,0,-836,1000,0,False,False
19.55976,-1149,-215,0,1,1,0,18,1,0,0,1,1,0,-839,0,-836,1000,0,False,False
19.59309,-1149,-215,0,1,1,0,18,1,0,0,1,1,0,-839,0,-836,1000,0,False,False
19.62642,-1149,-215,0,1,1,0,18,1,0,0,1,1,0,-839,0,-836,1000,0,False,False
19.65998,-1149,-215,0,1,1,0,18,1,0,0,1,1,0,-839,0,-836,1000,0,False,False
19.69332,-1149,-215,0,1,1,0,18,1,0,0,1,1,0,-839,0,-836,1000,0,False,False
19.72665,-1149,-215,0,1,1,0,18,1,0,0,1,1,0,-839,0,-836,1000,0,False,False
19.75999,-1149,-215,0,1,1,0,18,1,0,0,1,1,0,-839,0,-836,1000,0,False,False
19.79358,-1149,-215,0,1,1,0,18,1,0,0,1,1,0,-839,0,-836,1000,0,False,False
19.82778,-1149,-215,0,1,1,0,18,1,0,0,1,1,0,-839,0,-836,1000,0,False,False
19.86128,-1149,-215,0,1,1,0,18,1,0,0,1,1,0,-839,0,-836,1000,0,False,False
19.89462,-1149,-215,0,1,1,0,18,1,0,0,1,1,0,-839,0,-836,1000,0,False,False
19.92795,-1149,-215,0,1,1,0,18,1,0,0,1,1,0,-839,0,-836,1000,0,False,False
19.96227,-1149,-215,0,1,1,0,18,1,0,0,1,1,0,-839,0,-836,1000,0,False,False
19.99568,-1149,-215,0,1,1,0,18,1,0,0,1,1,0,-839,0,-836,1000,0,False,False
20.0292,-1149,-215,0,1,1,0,18,1,0,0,1,1,0,-839,0,-836,1000,0,False,False
20.06285,-1149,-215,0,1,1,0,18,1,0,0,1,1,0,-839,0,-836,1000,0,False,False
20.09646,-1149,-215,0,1,1,0,18,1,0,0,1,1,0,-839,0,-836,1000,0,False,False
20.13002,-1149,-215,0,1,1,0,18,1,0,0,1,1,0,-839,0,-836,1000,0,False,False
20.16335,-1149,-215,0,1,1,0,18,1,0,0,1,1,0,-839,0,-836,1000,0,False,False
20.19669,-1149,-215,0,1,1,0,18,1,0,0,1,1,0,-839,0,-836,1000,0,False,False
20.23002,-1149,-215,0,1,1,0,18,1,0,0,1,1,0,-839,0,-836,1000,0,False,False
20.26372,-1149,-215,0,1,1,0,18,1,0,0,1,1,0,-839,0,-836,1000,0,False,False
20.29706,-1149,-215,0,1,1,0,18,1,0,0,1,1,0,-839,0,-836,1000,0,False,False
20.33039,-1149,-215,0,1,1,0,18,1,0,0,1,1,0,-839,0,-836,1000,0,False,False
20.36372,-1149,-215,0,1,1,0,18,1,0,0,1,1,0,-839,0,-836,1000,0,False,False
20.39706,-1149,-215,0,1,1,0,18,1,0,0,1,1,0,-839,0,-836,1000,0,False,False
20.43039,-1149,-215,0,1,1,0,18,1,0,0,1,1,0,-839,0,-836,1000,0,False,False
20.46384,-1149,-215,0,1,1,0,18,1,0,0,1,1,0,-839,0,-836,1000,0,False,False
20.49784,-1149,-215,0,1,1,0,18,1,0,0,1,1,0,-839,0,-836,1000,0,False,False
20.53157,-1149,-215,0,1,1,0,18,1,0,0,1,1,0,-839,0,-836,1000,0,False,False
20.5649,-1149,-215,0,1,1,0,18,1,0,0,1,1,0,-839,0,-836,1000,0,False,False
20.59831,-1149,-215,0,1,1,0,18,1,0,0,1,1,0,-839,0,-836,1000,0,False,False
20.63164,-1149,-215,0,1,1,0,18,1,0,0,1,1,0,-839,0,-836,1000,0,False,False
20.66522,-1149,-215,0,1,1,0,18,1,0,0,1,1,0,-839,0,-836,1000,0,False,False
20.69907,-1149,-215,0,1,1,0,18,1,0,0,1,1,0,-839,0,-836,1000,0,False,False
20.7324,-1149,-215,0,1,1,0,18,1,0,0,1,1,0,-839,0,-836,1000,0,False,False
20.76599,-1149,-215,0,1,1,0,18,1,0,0,1,1,0,-839,0,-836,1000,0,False,False
20.79932,-1149,-215,0,1,1,0,18,1,0,0,1,1,0,-839,0,-836,1000,0,False,False
20.83265,-1149,-215,0,1,1,0,18,1,0,0,1,1,0,-839,0,-836,1000,0,False,False
20.866,-1149,-215,0,1,1,0,18,1,0,0,1,1,0,-839,0,-836,1000,0,False,False
20.89933,-1149,-215,0,1,1,0,18,1,0,0,1,1,0,-839,0,-836,1000,0,False,False
20.9331,-1149,-215,0,1,1,0,18,1,0,0,1,1,0,-839,0,-836,1000,0,False,False
20.96661,-1149,-215,0,1,1,0,18,1,0,0,1,1,0,-839,0,-836,1000,0,False,False
20.99994,-1149,-215,0,1,1,0,18,1,0,0,1,1,0,-839,0,-836,1000,0,False,False
21.03327,-1149,-215,0,1,1,0,18,1,0,0,1,1,0,-839,0,-836,1000,0,False,False
21.06661,-1149,-215,0,1,1,0,18,1,0,0,1,1,0,-839,0,-836,1000,0,False,False
21.09994,-1149,-215,0,1,1,0,18,1,0,0,1,1,0,-839,0,-836,1000,0,False,False
21.13371,-1149,-215,0,1,1,0,18,1,0,0,1,1,0,-839,0,-836,1000,0,False,False
21.16708,-1149,-215,0,1,1,0,18,1,0,0,1,1,0,-839,0,-836,1000,0,False,False
21.20041,-1149,-215,0,1,1,0,18,1,0,0,1,1,0,-839,0,-836,1000,0,False,False
21.23374,-1149,-215,0,1,1,0,18,1,0,0,1,1,0,-839,0,-836,1000,0,False,False
21.26713,-1149,-215,0,1,1,0,18,1,0,0,1,1,0,-839,0,-836,1000,0,False,False
21.30046,-1149,-215,0,1,1,0,18,1,0,0,1,1,0,-839,0,-836,1000,0,False,False
21.3343,-1149,-215,0,1,1,0,18,1,0,0,1,1,0,-839,0,-836,1000,0,False,False
21.36809,-1149,-215,0,1,1,0,18,1,0,0,1,1,0,-839,0,-836,1000,0,False,False
21.40142,-1149,-215,0,1,1,0,18,1,0,0,1,1,0,-839,0,-836,1000,0,False,False
21.43477,-1149,-215,0,1,1,0,18,1,0,0,1,1,0,-839,0,-836,1000,0,False,False
21.4681,-1149,-215,0,1,1,0,18,1,0,0,1,1,0,-839,0,-836,1000,0,False,False
21.50144,-1149,-215,0,1,1,0,18,1,0,0,1,1,0,-839,0,-836,1000,0,False,False
21.53477,-1149,-215,0,1,1,0,18,1,0,0,1,1,0,-839,0,-836,1000,0,False,False
21.5681,-1149,-215,0,1,1,0,18,1,0,0,1,1,0,-839,0,-836,1000,0,False,False
21.60161,-1149,-215,0,1,1,0,18,1,0,0,1,1,0,-839,0,-836,1000,0,False,False
21.63495,-1149,-215,0,1,1,0,18,1,0,0,1,1,0,-839,0,-836,1000,0,False,False
21.66849,-1149,-215,0,1,1,0,18,1,0,0,1,1,0,-839,0,-836,1000,0,False,False
21.70182,-1149,-215,0,1,1,0,18,1,0,0,1,1,0,-839,0,-836,1000,0,False,False
21.73528,-1149,-215,0,1,1,0,18,1,0,0,1,1,0,-839,0,-836,1000,0,False,False
21.76862,-1149,-215,0,1,1,0,18,1,0,0,1,1,0,-839,0,-836,1000,0,False,False
21.80195,-1149,-215,0,1,1,0,18,1,0,0,1,1,0,-839,0,-836,1000,0,False,False
21.83607,-1149,-215,0,1,1,0,18,1,0,0,1,1,0,-839,0,-836,1000,0,False,False
21.86939,-1149,-215,0,1,1,0,18,1,0,0,1,1,0,-839,0,-836,1000,0,False,False
21.90293,-1149,-215,0,1,1,0,18,1,0,0,1,1,0,-839,0,-836,1000,0,False,False
21.93642,-1149,-215,0,1,1,0,18,1,0,0,1,1,0,-839,0,-836,1000,0,False,False
21.9698,-1149,-215,0,1,1,0,18,1,0,0,1,1,0,-839,0,-836,1000,0,False,False
22.00313,-1149,-215,0,1,1,0,18,1,0,0,1,1,0,-839,0,-836,1000,0,False,False
22.03647,-1149,-215,0,1,1,0,18,1,0,0,1,1,0,-839,0,-836,1000,0,False,False
22.06981,-1149,-215,0,1,1,0,18,1,0,0,1,1,0,-839,0,-836,1000,0,False,False
22.10314,-1149,-215,0,1,1,0,18,1,0,0,1,1,0,-839,0,-836,1000,0,False,False
22.13647,-1149,-215,0,1,1,0,18,1,0,0,1,1,0,-839,0,-836,1000,0,False,False
22.16984,-1149,-215,0,1,1,0,18,1,0,0,1,1,0,-839,0,-836,1000,0,False,False
22.20342,-1149,-215,0,1,1,0,18,1,0,0,1,1,0,-839,0,-836,1000,0,False,False
22.23676,-1149,-215,0,1,1,0,18,1,0,0,1,1,0,-839,0,-836,1000,0,False,False
22.27009,-1149,-215,0,1,1,0,18,1,0,0,1,1,0,-839,0,-836,1000,0,False,False
22.30342,-1149,-215,0,1,1,0,18,1,0,0,1,1,0,-839,0,-836,1000,0,False,False
22.33676,-1149,-215,0,1,1,0,18,1,0,0,1,1,0,-839,0,-836,1000,0,False,False
22.37009,-1149,-215,0,1,1,0,18,1,0,0,1,1,0,-839,0,-836,1000,0,False,False
22.40371,-1149,-215,0,1,1,0,18,1,0,0,1,1,0,-839,0,-836,1000,0,False,False
22.43704,-1149,-215,0,1,1,0,18,1,0,0,1,1,0,-839,0,-836,1000,0,False,False
22.47037,-1149,-215,0,1,1,0,18,1,0,0,1,1,0,-839,0,-836,1000,0,False,False
22.50371,-1149,-215,0,1,1,0,18,1,0,0,1,1,0,-839,0,-836,1000,0,False,False
22.53704,-1149,-215,0,1,1,0,18,1,0,0,1,1,0,-839,0,-836,1000,0,False,False
22.57038,-1149,-215,0,1,1,0,18,1,0,0,1,1,0,-839,0,-836,1000,0,False,False
22.60377,-1149,-215,0,1,1,0,18,1,0,0,1,1,0,-839,0,-836,1000,0,False,False
22.63711,-1149,-215,0,1,1,0,18,1,0,0,1,1,0,-839,0,-836,1000,0,False,False
22.67061,-1149,-215,0,1,1,0,18,1,0,0,1,1,0,-839,0,-836,1000,0,False,False
22.70481,-1149,-215,0,1,1,0,18,1,0,0,1,1,0,-839,0,-836,1000,0,False,False
22.73858,-1149,-215,0,1,1,0,18,1,0,0,1,1,0,-839,0,-836,1000,0,False,False
22.77226,-1149,-215,0,1,1,0,18,1,0,0,1,1,0,-839,0,-836,1000,0,False,False
22.80605,-1149,-215,0,1,1,0,18,1,0,0,1,1,0,-839,0,-836,1000,0,False,False
22.84002,-1149,-215,0,1,1,0,18,1,0,0,1,1,0,-839,0,-836,1000,0,False,False
22.87354,-1149,-215,0,1,1,0,18,1,0,0,1,1,0,-839,0,-836,1000,0,False,False
22.90712,-1149,-215,0,1,1,0,18,1,0,0,1,1,0,-839,0,-836,1000,0,False,False
22.94106,-1149,-215,0,1,1,0,18,1,0,0,1,1,0,-839,0,-836,1000,0,False,False
22.97439,-1149,-215,0,1,1,0,18,1,0,0,1,1,0,-839,0,-836,1000,0,False,False
23.00807,-1149,-215,0,1,1,0,18,1,0,0,1,1,0,-839,0,-836,1000,0,False,False
23.04151,-1149,-215,0,1,1,0,18,1,0,0,1,1,0,-839,0,-836,1000,0,False,False
23.07506,-1149,-215,0,1,1,0,18,1,0,0,1,1,0,-839,0,-836,1000,0,False,False
23.10839,-1149,-215,0,1,1,0,18,1,0,0,1,1,0,-839,0,-836,1000,0,False,False
23.14173,-1149,-215,0,1,1,0,18,1,0,0,1,1,0,-839,0,-836,1000,0,False,False
23.17506,-1149,-215,0,1,1,0,18,1,0,0,1,1,0,-839,0,-836,1000,0,False,False
23.20839,-1149,-215,0,1,1,0,18,1,0,0,1,1,0,-839,0,-836,1000,0,False,False
23.24173,-1149,-215,0,1,1,1,18,1,0,0,1,1,0,-839,0,-836,1000,0,False,False
23.27575,-1149,-215,0,1,1,1,18,1,0,0,1,1,0,-839,0,-836,1000,0,False,False
23.30908,-1149,-215,0,1,1,1,18,1,0,0,1,1,0,-839,0,-836,1000,0,False,False
23.34272,-1149,-215,0,1,1,1,18,1,0,0,1,1,0,-839,0,-836,1000,0,False,False
23.37605,-1149,-215,0,1,1,1,18,1,0,0,1,1,0,-839,0,-836,1000,0,False,False
23.40938,-1149,-215,0,1,1,1,18,1,0,0,1,1,0,-839,0,-836,1000,0,False,False
23.44272,-1149,-215,0,1,1,1,18,1,0,0,1,1,0,-839,0,-836,1000,0,False,False
23.4762,-1149,-215,0,1,1,1,18,1,0,0,1,1,0,-839,0,-836,1000,0,False,False
23.50974,-1149,-215,0,1,1,1,18,1,0,0,1,1,0,-839,0,-836,1000,0,False,False
23.54307,-1149,-215,0,1,1,1,18,1,0,0,1,1,0,-839,0,-836,1000,0,False,False
23.5764,-1149,-215,0,1,1,1,18,1,0,0,1,1,0,-839,0,-836,1000,0,False,False
23.60974,-1149,-215,0,1,1,1,18,1,0,0,1,1,0,-839,0,-836,1000,0,False,False
23.64307,-1149,-215,0,1,1,1,18,1,0,0,1,1,0,-839,0,-836,1000,0,False,False
23.6764,-1149,-215,0,1,1,1,18,1,0,0,1,1,0,-839,0,-836,1000,0,False,False
23.70975,-1149,-215,0,1,1,1,18,1,0,0,1,1,0,-839,0,-836,1000,0,False,False
23.74308,-1149,-215,0,1,1,1,18,1,0,0,1,1,0,-839,0,-836,1000,0,False,False
23.77645,-1149,-215,0,1,1,1,18,1,0,0,1,1,0,-839,0,-836,1000,0,False,False
23.80978,-1149,-215,0,1,1,1,18,1,0,0,1,1,0,-839,0,-836,1000,0,False,False
23.84313,-1149,-215,0,1,1,1,18,1,0,0,1,1,0,-839,0,-836,1000,0,False,False
23.87731,-1149,-215,0,1,1,1,18,1,0,0,1,1,0,-839,0,-836,1000,0,False,False
23.91064,-1149,-215,0,1,1,1,18,1,0,0,1,1,0,-839,0,-836,1000,0,False,False
23.94398,-1149,-215,0,1,1,1,18,1,0,0,1,1,0,-839,0,-836,1000,0,False,False
23.97731,-1149,-215,0,1,1,1,18,1,0,0,1,1,0,-839,0,-836,1000,0,False,False
24.01065,-1149,-215,0,1,1,1,18,1,0,0,1,1,0,-839,0,-836,1000,0,False,False
24.04419,-1149,-215,0,1,1,1,18,1,0,0,1,1,0,-839,0,-836,1000,0,False,False
24.07796,-1149,-215,0,1,1,1,18,1,0,0,1,1,0,-839,0,-836,1000,0,False,False
24.11129,-1149,-215,0,1,1,1,18,1,0,0,1,1,0,-839,0,-836,1000,0,False,False
24.14466,-1149,-215,0,1,1,1,18,1,0,0,1,1,0,-839,0,-836,1000,0,False,False
24.17802,-1149,-215,0,1,1,1,18,1,0,0,1,1,0,-839,0,-836,1000,0,False,False
24.21209,-1149,-215,0,1,1,1,18,1,0,0,1,1,0,-839,0,-836,1000,0,False,False
24.24562,-1149,-215,0,1,1,1,18,1,0,0,1,1,0,-839,0,-836,1000,0,False,False
24.27895,-1149,-215,0,1,1,1,18,1,0,0,1,1,0,-839,0,-836,1000,0,False,False
24.31229,-1149,-215,0,1,1,1,18,1,0,0,1,1,0,-839,0,-836,1000,0,False,False
24.34562,-1149,-215,0,1,1,1,18,1,0,0,1,1,0,-839,0,-836,1000,0,False,False
24.37895,-1149,-215,0,1,1,1,18,1,0,0,1,1,0,-839,0,-836,1000,0,False,False
24.41241,-1149,-215,0,1,1,1,18,1,0,0,1,1,0,-839,0,-836,1000,0,False,False
24.44606,-1149,-215,0,1,1,1,18,1,0,0,1,1,0,-839,0,-836,1000,0,False,False
24.4801,-1149,-215,0,1,1,1,18,1,0,0,1,1,0,-839,0,-836,1000,0,False,False
24.51343,-1149,-215,0,1,1,1,18,1,0,0,1,1,0,-839,0,-836,1000,0,False,False
24.54747,-1149,-215,0,1,1,1,18,1,0,0,1,1,0,-839,0,-836,1000,0,False,False
24.58081,-1149,-215,0,1,1,1,18,1,0,0,1,1,0,-839,0,-836,1000,0,False,False
24.61421,-1149,-215,0,1,1,1,18,1,0,0,1,1,0,-839,0,-836,1000,0,False,False
24.64789,-1149,-215,0,1,1,1,18,1,0,0,1,1,0,-839,0,-836,1000,0,False,False
24.68122,-1149,-215,0,1,1,1,18,1,0,0,1,1,0,-839,0,-836,1000,0,False,False
24.71455,-1149,-215,0,1,1,1,18,1,0,0,1,1,0,-839,0,-836,1000,0,False,False
24.74788,-1149,-215,0,1,1,1,18,1,0,0,1,1,0,-839,0,-836,1000,0,False,False
24.78122,-1149,-215,0,1,1,1,18,1,0,0,1,1,0,-839,0,-836,1000,0,False,False
24.81455,-1149,-215,0,1,1,1,18,1,0,0,1,1,0,-839,0,-836,1000,0,False,False
24.84788,-1149,-215,0,1,1,1,18,1,0,0,1,1,0,-839,0,-836,1000,0,False,False
24.88174,-1149,-215,0,1,1,1,18,1,0,0,1,1,0,-839,0,-836,1000,0,False,False
24.91534,-1149,-215,0,1,1,1,18,1,0,0,1,1,0,-839,0,-836,1000,0,False,False
24.94868,-1149,-215,0,1,1,1,18,1,0,0,1,1,0,-839,0,-836,1000,0,False,False
24.98201,-1149,-215,0,1,1,1,18,1,0,0,1,1,0,-839,0,-836,1000,0,False,False
25.01554,-1149,-215,0,1,1,1,18,1,0,0,1,1,0,-839,0,-836,1000,0,False,False
25.04887,-1149,-215,0,1,1,1,18,1,0,0,1,1,0,-839,0,-836,1000,0,False,False
25.08221,-1149,-215,0,1,1,1,18,1,0,0,1,1,0,-839,0,-836,1000,0,False,False
25.11575,-1149,-215,0,1,1,1,18,1,0,0,1,1,0,-839,0,-836,1000,0,False,False
25.14925,-1149,-215,0,1,1,1,18,1,0,0,1,1,0,-839,0,-836,1000,0,False,False
25.18303,-1149,-215,0,1,1,1,18,1,0,0,1,1,0,-839,0,-836,1000,0,False,False
25.2166,-1149,-215,0,1,1,1,18,1,0,0,1,1,0,-839,0,-836,1000,0,False,False
25.24994,-1149,-215,0,1,1,1,18,1,0,0,1,1,0,-839,0,-836,1000,0,False,False
25.28327,-1149,-215,0,1,1,1,18,1,0,0,1,1,0,-839,0,-836,1000,0,False,False
25.3166,-1149,-215,0,1,1,1,18,1,0,0,1,1,0,-839,0,-836,1000,0,False,False
25.34993,-1149,-215,0,1,1,1,18,1,0,0,1,1,0,-839,0,-836,1000,0,False,False
25.38327,-1149,-215,0,1,1,1,18,1,0,0,1,1,0,-839,0,-836,1000,0,False,False
25.4166,-1149,-215,0,1,1,1,18,1,0,0,1,1,0,-839,0,-836,1000,0,False,False
25.44996,-1149,-215,0,1,1,1,18,1,0,0,1,1,0,-839,0,-836,1000,0,False,False
25.48339,-1149,-215,0,1,1,1,18,1,0,0,1,1,0,-839,0,-836,1000,0,False,False
25.51747,-1149,-215,0,1,1,1,18,1,0,0,1,1,0,-839,0,-836,1000,0,False,False
25.5508,-1149,-215,0,1,1,1,18,1,0,0,1,1,0,-839,0,-836,1000,0,False,False
25.58414,-1149,-215,0,1,1,1,18,1,0,0,1,1,0,-839,0,-836,1000,0,False,False
25.61747,-1149,-215,0,1,1,1,18,1,0,0,1,1,0,-839,0,-836,1000,0,False,False
25.65087,-1149,-215,0,1,1,1,18,1,100,0,1,1,0,-839,0,-836,1000,0,False,False
25.68494,-1149,-215,0,1,1,1,18,1,100,0,1,1,0,-839,0,-836,1000,0,False,False
25.71827,-1149,-215,0,1,1,1,18,1,100,0,1,1,0,-839,0,-836,1000,0,False,False
25.75197,-1149,-215,0,1,1,1,18,1,100,0,1,1,0,-839,0,-836,1000,0,False,False
25.7853,-1149,-215,0,1,1,1,18,1,100,0,1,1,0,-839,0,-836,1000,0,False,False
25.81874,-1149,-215,0,1,1,1,18,1,100,0,1,1,0,-839,0,-836,1000,0,False,False
25.85207,-1149,-215,0,1,1,1,18,1,100,0,1,1,0,-839,0,-836,1000,0,False,False
25.8854,-1149,-215,0,1,1,1,18,1,100,0,1,1,0,-839,0,-836,1000,0,False,False
25.91874,-1149,-215,0,1,1,1,18,1,100,0,1,1,0,-839,0,-836,1000,0,False,False
25.95228,-1149,-215,0,1,1,1,18,1,100,0,1,1,0,-839,0,-836,1000,0,False,False
25.98561,-1149,-215,0,1,1,1,18,1,100,0,1,1,0,-839,0,-836,1000,0,False,False
26.01895,-1149,-215,0,1,1,1,18,1,100,0,1,1,0,-839,0,-836,1000,0,False,False
26.05228,-1149,-215,0,1,1,1,18,1,100,0,1,1,0,-839,0,-836,1000,0,False,False
26.08561,-1149,-215,0,1,1,1,18,1,100,0,1,1,0,-839,0,-836,1000,0,False,False
26.11895,-1149,-215,0,1,1,1,18,1,100,0,1,1,0,-839,0,-836,1000,0,False,False
26.15228,-1149,-215,0,1,1,1,18,1,100,0,1,1,0,-839,0,-836,1000,0,False,False
26.18561,-1149,-215,0,1,1,1,18,1,100,0,1,1,0,-839,0,-836,1000,0,False,False
26.21895,-1149,-215,0,1,1,1,18,1,100,0,1,1,0,-839,0,-836,1000,0,False,False
26.25307,-1149,-215,0,1,1,1,18,1,100,0,1,1,0,-839,0,-836,1000,0,False,False
26.28657,-1149,-215,0,1,1,1,18,1,100,0,1,1,0,-839,0,-836,1000,0,False,False
26.32048,-1149,-215,0,1,1,1,18,1,100,0,1,1,0,-839,0,-836,1000,0,False,False
26.35382,-1149,-215,0,1,1,1,18,1,100,0,1,1,0,-839,0,-836,1000,0,False,False
26.38756,-1149,-215,0,1,1,1,18,1,100,0,1,1,0,-839,0,-836,1000,0,False,False
26.42112,-1149,-215,0,1,1,1,18,1,100,0,1,1,0,-839,0,-836,1000,0,False,False
26.45491,-1149,-215,0,1,1,1,18,1,100,0,1,1,0,-839,0,-836,1000,0,False,False
26.4885,-1149,-215,0,1,1,1,18,1,100,0,1,1,0,-839,0,-836,1000,0,False,False
26.52183,-1149,-215,0,1,1,1,18,1,100,0,1,1,0,-839,0,-836,1000,0,False,False
26.55516,-1149,-215,0,1,1,1,18,1,100,0,1,1,0,-839,0,-836,1000,0,False,False
26.58862,-1149,-215,0,1,1,1,18,1,100,0,1,1,0,-839,0,-836,1000,0,False,False
26.62196,-1149,-215,0,1,1,1,18,1,100,0,1,1,0,-839,0,-836,1000,0,False,False
26.65584,-1149,-215,0,1,1,1,18,1,100,0,1,1,0,-839,0,-836,1000,0,False,False
26.6892,-1149,-215,0,1,1,1,18,1,100,0,1,1,0,-839,0,-836,1000,0,False,False
26.72253,-1149,-215,0,1,1,1,18,1,100,0,1,1,0,-839,0,-836,1000,0,False,False
26.75629,-1149,-215,0,1,1,1,18,1,100,0,1,1,0,-839,0,-836,1000,0,False,False
26.78963,-1149,-215,0,1,1,1,18,1,100,0,1,1,0,-839,0,-836,1000,0,False,False
26.82296,-1149,-215,0,1,1,1,18,1,100,0,1,1,0,-839,0,-836,1000,0,True,False
26.85629,-1149,-215,0,1,1,1,18,1,100,0,1,1,0,-839,0,-836,1000,0,True,False
26.88963,-1149,-215,0,1,1,1,18,1,100,0,1,1,0,-839,0,-836,1000,0,True,False
26.92296,-1149,-215,0,1,1,1,18,1,100,0,1,1,0,-839,0,-836,1000,0,True,False
26.95629,-1149,-215,0,1,1,1,18,1,100,0,1,1,0,-839,0,-836,1000,0,True,False
26.98963,-1149,-215,0,1,1,1,18,1,100,0,1,1,0,-839,0,-836,1000,0,True,False
27.02296,-1149,-215,0,1,1,1,17,1,100,0,1,1,0,-839,0,-836,1000,0,False,False
27.05629,-1149,-215,0,1,1,1,17,1,100,0,1,1,0,-839,0,-836,1000,0,False,False
27.08962,-1149,-215,0,1,1,1,17,1,100,0,1,1,0,-839,0,-836,1000,0,False,False
27.12296,-1149,-215,0,1,1,1,17,1,100,0,1,1,0,-839,0,-836,1000,0,False,False
27.15644,-1149,-215,0,1,1,1,17,1,100,0,1,1,0,-839,0,-836,1000,0,False,False
27.18977,-1149,-215,0,1,1,1,17,1,100,0,1,1,0,-839,0,-836,1000,0,False,False
27.2231,-1149,-215,0,1,1,1,17,1,100,0,1,1,0,-839,0,-836,1000,0,False,False
27.25644,-1149,-215,0,1,1,1,17,1,100,0,1,1,0,-839,0,-836,1000,0,False,False
27.29029,-1149,-215,0,1,1,1,17,1,100,0,1,1,0,-839,0,-836,1000,0,False,False
27.32419,-1149,-215,0,1,1,1,17,1,100,0,1,1,0,-839,0,-836,1000,0,False,False
27.35752,-1149,-215,0,1,1,1,17,1,100,0,1,1,0,-839,0,-836,1000,0,False,False
27.39085,-1149,-215,0,1,1,1,17,1,100,0,1,1,0,-839,0,-836,1000,0,False,False
27.42434,-1148,-215,0,1,1,1,17,1,100,0,1,1,0,-839,0,-836,1000,0,False,False
27.45767,-1148,-230,0,1,1,1,17,1,100,0,1,1,0,-839,0,-836,1000,0,False,False
27.49103,-1147,-250,0,1,1,1,17,1,100,0,1,1,0,-839,0,-836,1000,0,False,False
27.52474,-1147,-256,0,1,1,1,17,1,100,0,1,1,0,-839,0,-836,1000,0,False,False
27.55808,-1147,-257,0,1,1,1,17,1,100,0,1,1,0,-839,0,-836,1000,0,False,False
27.59161,-1143,-260,0,1,1,1,17,1,100,0,1,1,0,-839,0,-836,1000,0,False,False
27.62516,-1134,-266,0,1,1,1,17,1,100,0,1,1,0,-839,0,-836,1000,0,False,False
27.65849,-1114,-280,0,1,1,1,17,1,100,0,1,1,0,-839,0,-836,1000,0,False,False
27.69192,-1100,-290,0,1,1,1,17,1,100,0,1,1,0,-839,0,-836,1000,0,False,False
27.72524,-1096,-298,0,1,1,1,17,1,100,0,1,1,0,-839,0,-836,1000,0,False,False
27.75857,-1091,-310,0,1,1,1,17,1,100,0,1,1,0,-839,0,-836,1000,0,False,False
27.79191,-1089,-319,0,1,1,1,17,1,100,0,1,1,0,-839,0,-836,1000,0,False,False
27.82584,-1089,-324,0,1,1,1,17,1,100,0,1,1,0,-839,0,-836,1000,0,False,False
27.85917,-1083,-340,0,1,1,1,17,1,100,0,1,1,0,-839,0,-836,1000,0,False,False
27.89322,-1078,-367,0,1,1,1,17,1,100,0,1,1,0,-839,0,-836,1000,0,False,False
27.92668,-1071,-421,0,1,1,1,17,1,100,0,1,1,0,-839,0,-836,1000,0,True,False
27.96013,-1069,-461,0,1,1,1,17,1,100,0,1,1,0,-839,0,-836,1000,0,True,False
27.99346,-1069,-471,0,1,1,1,17,1,100,0,1,1,0,-839,0,-836,1000,0,True,False
28.02703,-1069,-471,0,1,1,1,17,1,100,0,1,1,0,-839,0,-836,1000,0,True,False
28.06037,-1069,-471,0,1,1,1,17,1,100,0,1,1,0,-839,0,-836,1000,0,False,False
28.0937,-1069,-471,0,1,1,1,17,1,100,0,1,1,0,-839,0,-836,1000,0,False,False
28.12722,-1069,-471,0,1,1,1,17,1,100,0,1,1,0,-839,0,-836,1000,0,False,False
28.16055,-1069,-473,0,1,1,1,17,1,100,0,1,1,0,-839,0,-836,1000,0,False,False
28.19389,-1068,-478,0,1,1,1,17,1,100,0,1,1,0,-839,0,-836,1000,0,False,False
28.22722,-1066,-484,0,1,1,1,17,1,100,0,1,1,0,-839,0,-836,1000,0,False,False
28.26074,-1062,-495,0,1,1,1,17,1,100,0,1,1,0,-839,0,-836,1000,0,False,False
28.29407,-1057,-516,0,1,1,1,17,1,100,0,1,1,0,-839,0,-836,1000,0,False,False
28.32758,-1056,-518,0,1,1,1,17,1,100,0,1,1,0,-839,0,-836,1000,0,False,False
28.36091,-1056,-518,0,1,1,1,17,1,100,0,1,1,0,-839,0,-836,1000,0,False,False
28.39425,-1056,-518,0,1,1,1,17,1,100,0,1,1,0,-839,0,-836,1000,0,False,False
28.42798,-1056,-518,0,1,1,1,17,1,100,0,1,1,0,-839,0,-836,1000,0,False,False
28.46132,-1056,-518,0,1,1,1,17,1,100,0,1,1,0,-839,0,-836,1000,0,False,False
28.49509,-1056,-518,0,1,1,1,17,1,100,0,1,1,0,-839,0,-836,1000,0,True,False
28.52842,-1056,-518,0,1,1,1,17,1,100,0,1,1,0,-839,0,-836,1000,0,True,False
28.56175,-1056,-518,0,1,1,1,17,1,100,0,1,1,0,-839,0,-836,1000,0,True,False
28.59509,-1056,-518,0,1,1,1,17,1,100,0,1,1,0,-839,0,-836,1000,0,True,False
28.62849,-1056,-518,0,1,1,1,17,1,100,0,1,1,0,-839,0,-836,1000,1,False,False
28.66183,-1056,-518,0,1,1,1,17,1,100,0,1,1,0,-839,0,-836,1000,1,False,False
28.69517,-1058,-533,0,1,1,1,17,1,100,0,1,1,0,-839,0,-836,1000,1,False,False
28.7285,-1062,-558,0,1,1,1,17,1,100,0,1,1,0,-839,0,-836,1000,1,False,False
28.76213,-1063,-574,0,1,1,1,17,1,100,0,1,1,0,-839,0,-836,1000,1,False,False
28.79546,-1063,-585,0,1,1,1,17,1,100,0,1,1,0,-839,0,-836,1000,1,False,False
28.82883,-1062,-599,0,1,1,1,17,1,100,0,1,1,0,-839,0,-836,1000,1,False,False
28.86217,-1059,-619,0,1,1,1,17,1,100,0,1,1,0,-839,0,-836,1000,1,False,False
28.8955,-1059,-621,0,1,1,1,17,1,100,0,1,1,0,-839,0,-836,1000,1,False,False
28.92887,-1059,-621,0,1,1,1,17,1,100,0,1,1,0,-839,0,-836,1000,1,False,False
28.9622,-1059,-621,0,1,1,1,17,1,100,0,1,1,0,-839,0,-836,1000,1,False,False
28.99553,-1059,-621,0,1,1,1,17,1,100,0,1,1,0,-839,0,-836,1000,1,False,False
29.02886,-1059,-621,0,1,1,1,17,1,100,0,1,1,0,-839,0,-836,1000,1,False,False
29.0622,-1057,-627,0,1,1,1,17,1,100,0,1,1,0,-839,0,-836,1000,1,False,False
29.09553,-1055,-640,0,1,1,1,17,1,100,0,1,1,0,-839,0,-836,1000,1,False,False
29.12887,-1054,-646,0,1,1,1,17,1,100,0,1,1,0,-839,0,-836,1000,1,False,False
29.1622,-1054,-646,0,1,1,1,17,1,100,0,1,1,0,-839,0,-836,1000,1,False,False
29.19553,-1054,-646,0,1,1,1,17,1,100,0,1,1,0,-839,0,-836,1000,1,False,False
29.22886,-1054,-646,0,1,1,1,17,1,100,0,1,1,0,-839,0,-836,1000,1,False,False
29.2622,-1054,-646,0,1,1,1,17,1,100,0,1,1,0,-839,0,-836,1000,1,False,False
29.29553,-1054,-646,0,1,1,1,17,1,100,0,1,1,0,-839,0,-836,1000,1,False,False
29.32948,-1054,-646,0,1,1,1,17,1,100,0,1,1,0,-839,0,-836,1000,1,False,False
29.36293,-1054,-646,0,1,1,1,17,1,100,0,1,1,0,-839,0,-836,1000,1,False,False
29.39627,-1054,-646,0,1,1,1,17,1,100,0,1,1,0,-839,0,-836,1000,1,False,False
29.42973,-1054,-646,0,1,1,1,17,1,100,0,1,1,0,-839,0,-836,1000,1,False,False
29.46352,-1054,-646,0,1,1,1,17,1,100,0,1,1,0,-839,0,-836,1000,1,False,False
29.49685,-1054,-646,0,1,1,1,17,1,100,0,1,1,0,-839,0,-836,1000,1,False,False
29.53018,-1054,-646,0,1,1,1,17,1,100,0,1,1,0,-839,0,-836,1000,1,False,False
29.56409,-1054,-646,0,1,1,1,17,1,100,0,1,1,0,-839,0,-836,1000,1,True,False
29.59757,-1054,-646,0,1,1,1,17,1,100,0,1,1,0,-839,0,-836,1000,1,True,False
29.6309,-1054,-646,0,1,1,1,17,1,100,0,1,1,0,-839,0,-836,1000,1,True,False
29.66424,-1054,-646,0,1,1,1,17,1,100,0,1,1,0,-839,0,-836,1000,1,True,False
29.69757,-1054,-646,0,1,1,1,17,1,100,0,1,2,0,-839,0,-836,1000,0,False,False
29.7318,-1054,-646,0,1,1,1,17,1,100,0,1,2,0,-839,0,-836,1000,0,False,False
29.76513,-1054,-646,0,1,1,1,17,1,100,0,1,2,0,-839,0,-836,1000,0,False,False
29.79847,-1054,-646,0,1,1,1,17,1,100,0,1,2,0,-839,0,-836,1000,0,False,False
29.8318,-1054,-646,0,1,1,1,17,1,100,0,1,2,0,-839,0,-836,1000,0,False,False
29.86514,-1054,-646,0,1,1,1,17,1,100,0,1,2,0,-839,0,-836,1000,0,False,False
29.89862,-1054,-646,0,1,1,1,17,1,100,0,1,2,0,-839,0,-836,1000,0,False,False
29.93216,-1054,-646,0,1,1,1,17,1,100,0,1,2,0,-839,0,-836,1000,0,False,False
29.96549,-1054,-646,0,1,1,1,17,1,100,0,1,2,0,-839,0,-836,1000,0,False,False
29.99883,-1054,-646,0,1,1,1,17,1,100,0,1,2,0,-839,0,-836,1000,0,False,False
30.03306,-1054,-646,0,1,1,1,17,1,100,0,1,2,0,-839,0,-836,1000,0,False,False
30.06639,-1054,-646,0,1,1,1,17,1,100,0,1,2,0,-839,0,-836,1000,0,False,False
30.09972,-1054,-646,0,1,1,1,17,1,100,0,1,2,0,-839,0,-836,1000,0,False,False
30.13306,-1054,-646,0,1,1,1,17,1,100,0,1,2,0,-839,0,-836,1000,0,False,False
30.16643,-1054,-646,0,1,1,1,17,1,100,0,1,2,0,-839,0,-836,1000,0,False,False
30.19977,-1054,-646,0,1,1,1,17,1,100,0,1,2,0,-839,0,-836,1000,0,False,False
30.2331,-1054,-646,0,1,1,1,17,1,100,0,1,2,0,-839,0,-836,1000,0,False,False
30.26667,-1054,-646,0,1,1,1,17,1,100,0,1,2,0,-839,0,-836,1000,0,False,False
30.3,-1054,-646,0,1,1,1,17,1,100,0,1,2,0,-839,0,-836,1000,0,False,False
30.33334,-1054,-646,0,1,1,1,17,1,100,0,1,2,0,-839,0,-836,1000,0,False,False
30.36668,-1054,-646,0,1,1,1,17,1,100,0,1,2,0,-839,0,-836,1000,0,False,False
30.40011,-1054,-646,0,1,1,1,17,1,100,0,1,2,0,-839,0,-836,1000,0,False,False
30.43345,-1054,-646,0,1,1,1,17,1,100,0,1,2,0,-839,0,-836,1000,0,False,False
30.46678,-1054,-646,0,1,1,1,17,1,100,0,1,2,0,-839,0,-836,1000,0,False,False
30.50014,-1054,-646,0,1,1,1,17,1,100,0,1,2,0,-839,0,-836,1000,0,False,False
30.53347,-1054,-646,0,1,1,1,17,1,100,0,1,2,0,-839,0,-836,1000,0,False,False
30.5668,-1054,-646,0,1,1,1,17,1,100,0,1,2,0,-839,0,-836,1000,0,False,False
30.60014,-1054,-646,0,1,1,1,17,1,100,0,1,2,0,-839,0,-836,1000,0,False,False
30.6338,-1054,-646,0,1,1,1,17,1,100,0,1,2,0,-839,0,-836,1000,0,False,False
30.66714,-1054,-646,0,1,1,1,17,1,100,0,1,2,0,-839,0,-836,1000,0,False,False
30.70047,-1054,-646,0,1,1,1,17,1,100,0,1,2,0,-839,0,-836,1000,0,False,False
30.73382,-1054,-646,0,1,1,1,17,1,100,0,1,2,0,-839,0,-836,1000,0,False,False
30.76715,-1054,-646,0,1,1,1,17,1,100,0,1,2,0,-839,0,-836,1000,0,False,False
30.80049,-1054,-646,0,1,1,1,17,1,100,0,1,2,0,-839,0,-836,1000,0,False,False
30.83382,-1054,-646,0,1,1,1,17,1,100,0,1,2,0,-839,0,-836,1000,0,False,False
30.86715,-1054,-646,0,1,1,1,17,1,100,0,1,2,0,-839,0,-836,1000,0,False,False
30.90049,-1054,-646,0,1,1,1,17,1,100,0,1,2,0,-839,0,-836,1000,0,False,False
30.93429,-1054,-646,0,1,1,1,17,1,100,0,1,2,0,-839,0,-836,1000,0,False,False
30.96807,-1054,-646,0,1,1,1,17,1,100,0,1,2,0,-839,0,-836,1000,0,False,False
31.002,-1054,-646,0,1,1,1,17,1,100,0,1,2,0,-839,0,-836,1000,0,False,False
31.03533,-1054,-646,0,1,1,1,17,1,100,0,1,2,0,-839,0,-836,1000,0,False,False
31.06866,-1054,-646,0,1,1,1,17,1,100,0,1,2,0,-839,0,-836,1000,0,False,False
31.102,-1054,-646,0,1,1,1,17,1,100,0,1,2,0,-839,0,-836,1000,0,False,False
31.13555,-1054,-646,0,1,1,1,17,1,100,0,1,2,0,-839,0,-836,1000,0,False,False
31.16895,-1055,-642,0,1,1,1,17,1,100,0,1,2,0,-839,0,-836,1000,0,False,False
31.20229,-1057,-632,0,1,1,1,17,1,100,0,1,2,0,-839,0,-836,1000,0,False,False
31.23577,-1075,-593,0,1,1,1,17,1,100,0,1,2,0,-839,0,-836,1000,0,False,False
31.2691,-1125,-526,0,1,1,1,17,1,100,0,1,2,0,-839,0,-836,1000,0,False,False
31.30243,-1180,-470,0,1,1,1,17,1,100,0,1,2,0,-839,0,-836,1000,0,False,False
31.3364,-1216,-435,0,1,1,1,17,1,100,0,1,2,0,-839,0,-836,1000,0,False,False
31.36989,-1222,-424,0,1,1,1,17,1,100,0,1,2,0,-839,0,-836,1000,0,False,False
31.40322,-1225,-420,0,1,1,1,17,1,100,0,1,2,0,-839,0,-836,1000,0,False,False
31.43655,-1228,-417,0,1,1,1,17,1,100,0,1,2,0,-839,0,-836,1000,0,False,False
31.47062,-1239,-408,0,1,1,1,17,1,100,0,1,2,0,-839,0,-836,1000,0,False,False
31.50395,-1248,-402,0,1,1,1,17,1,100,0,1,2,0,-839,0,-836,1000,0,False,False
31.53728,-1263,-393,0,1,1,1,17,1,100,0,1,2,0,-839,0,-836,1000,0,False,False
31.57114,-1275,-385,0,1,1,1,17,1,100,0,1,2,0,-839,0,-836,1000,0,False,False
31.60448,-1277,-382,0,1,1,1,17,1,100,0,1,2,0,-839,0,-836,1000,0,False,False
31.6378,-1278,-380,0,1,1,1,17,1,100,0,1,2,0,-839,0,-836,1000,0,False,False
31.67174,-1281,-376,0,1,1,1,17,1,100,0,1,2,0,-839,0,-836,1000,0,False,False
31.70561,-1281,-376,0,1,1,1,17,1,100,0,1,2,0,-839,0,-836,1000,0,False,False
31.73895,-1281,-376,0,1,1,1,17,1,100,0,1,2,0,-839,0,-836,1000,0,False,False
31.77283,-1281,-370,0,1,1,1,17,1,100,0,1,2,0,-839,0,-836,1000,0,False,False
31.80661,-1281,-362,0,1,1,1,17,1,100,0,1,2,0,-839,0,-836,1000,0,False,False
31.84008,-1275,-353,0,1,1,1,17,1,100,0,1,2,0,-839,0,-836,1000,0,False,False
31.87341,-1248,-337,0,1,1,1,17,1,100,0,1,2,0,-839,0,-836,1000,0,False,False
31.90675,-1208,-320,0,1,1,1,17,1,100,0,1,2,0,-839,0,-836,1000,0,False,False
31.94008,-1173,-308,0,1,1,1,17,1,100,0,1,2,0,-839,0,-836,1000,0,False,False
31.97428,-1156,-303,0,1,1,1,17,1,100,0,1,2,0,-839,0,-836,1000,0,False,False
32.00761,-1156,-303,0,1,1,1,17,1,100,0,1,2,0,-839,0,-836,1000,0,False,False
32.04095,-1156,-303,0,1,1,1,17,1,100,0,1,2,0,-839,0,-836,1000,0,False,False
32.07468,-1156,-303,0,1,1,1,17,1,100,0,1,2,0,-839,0,-836,1000,0,False,False
32.10802,-1156,-303,0,1,1,1,17,1,100,0,1,2,0,-839,0,-836,1000,0,False,False
32.14135,-1157,-303,0,1,1,1,17,1,100,0,1,2,0,-839,0,-836,1000,0,False,False
32.17468,-1157,-303,0,1,1,1,17,1,100,0,1,2,0,-839,0,-836,1000,0,False,False
32.20802,-1157,-303,0,1,1,1,17,1,100,0,1,2,0,-839,0,-836,1000,0,False,False
32.24159,-1157,-303,0,1,1,1,17,1,100,0,1,2,0,-839,0,-836,1000,0,False,False
32.27496,-1157,-303,0,1,1,1,17,1,100,0,1,2,0,-839,0,-836,1000,0,False,False
32.3083,-1157,-303,0,1,1,1,17,1,100,0,1,2,0,-839,0,-836,1000,0,False,False
32.34163,-1157,-303,0,1,1,1,17,1,100,0,1,2,0,-839,0,-836,1000,0,False,False
32.37496,-1157,-303,0,1,1,1,17,1,100,0,1,2,0,-839,0,-836,1000,0,False,False
32.40882,-1157,-303,0,1,1,1,17,1,100,0,1,2,0,-839,0,-836,1000,0,False,False
32.44306,-1157,-303,0,1,1,1,17,1,100,0,1,2,0,-839,0,-836,1000,0,False,False
32.47646,-1157,-303,0,1,1,1,17,1,100,0,1,2,0,-839,0,-836,1000,0,False,False
32.50983,-1157,-303,0,1,1,1,17,1,100,0,1,2,0,-839,0,-836,1000,0,False,False
32.54318,-1157,-303,0,1,1,1,17,1,100,0,1,2,0,-839,0,-836,1000,0,False,False
32.57684,-1157,-303,0,1,1,1,17,1,100,0,1,2,0,-839,0,-836,1000,0,False,False
32.61017,-1157,-303,0,1,1,1,17,1,100,0,1,2,0,-839,0,-836,1000,0,False,False
32.6435,-1157,-303,0,1,1,1,17,1,100,0,1,2,0,-839,0,-836,1000,0,False,False
32.67694,-1157,-303,0,1,1,1,17,1,100,0,1,2,0,-839,0,-836,1000,0,False,False
32.71027,-1157,-303,0,1,1,1,17,1,100,0,1,2,0,-839,0,-836,1000,0,False,False
32.74377,-1157,-303,0,1,1,1,17,1,100,0,1,2,0,-839,0,-836,1000,0,False,False
32.7771,-1157,-303,0,1,1,1,17,1,100,0,1,2,0,-839,0,-836,1000,0,False,False
32.81044,-1157,-303,0,1,1,1,17,1,100,0,1,2,0,-839,0,-836,1000,0,False,False
32.84377,-1157,-303,0,1,1,1,17,1,100,0,1,2,0,-839,0,-836,1000,0,False,False
32.8771,-1157,-303,0,1,1,1,17,1,100,0,1,2,0,-839,0,-836,1000,0,False,False
32.91048,-1157,-303,0,1,1,1,17,1,100,0,1,2,0,-839,0,-836,1000,0,False,False
32.94381,-1157,-303,0,1,1,1,17,1,100,0,1,2,0,-839,0,-836,1000,0,False,False
32.97715,-1157,-303,0,1,1,1,17,1,100,0,1,2,0,-839,0,-836,1000,0,False,False
33.01075,-1157,-303,0,1,1,1,17,1,100,0,1,2,0,-839,0,-836,1000,0,False,False
33.04408,-1157,-303,0,1,1,1,17,1,100,0,1,2,0,-839,0,-836,1000,0,False,False
33.0779,-1157,-303,0,1,1,1,17,1,100,0,1,2,0,-839,0,-836,1000,0,False,False
33.1115,-1157,-303,0,1,1,1,17,1,100,0,1,2,0,-839,0,-836,1000,0,False,False
33.14483,-1157,-303,0,1,1,1,17,1,100,0,1,2,0,-839,0,-836,1000,0,False,False
33.17825,-1157,-303,0,1,1,1,17,1,100,0,1,2,0,-839,0,-836,1000,0,False,False
33.21158,-1157,-299,0,1,1,1,17,1,100,0,1,2,0,-839,0,-836,1000,0,False,False
33.2454,-1155,-294,0,1,1,1,17,1,100,0,1,2,0,-839,0,-836,1000,0,False,False
33.27895,-1152,-292,0,1,1,1,17,1,100,0,1,2,0,-839,0,-836,1000,0,False,False
33.31236,-1152,-292,0,1,1,1,17,1,100,0,1,2,0,-839,0,-836,1000,0,False,False
33.34607,-1152,-291,0,1,1,1,17,1,100,0,1,2,0,-839,0,-836,1000,0,False,False
33.37959,-1152,-291,0,1,1,1,17,1,100,0,1,2,0,-839,0,-836,1000,0,False,False
33.41328,-1152,-291,0,1,1,1,17,1,100,0,1,2,0,-839,0,-836,1000,0,False,False
33.44661,-1152,-291,0,1,1,1,17,1,100,0,1,2,0,-839,0,-836,1000,0,False,False
33.47994,-1152,-291,0,1,1,1,17,1,100,0,1,2,0,-839,0,-836,1000,0,False,False
33.51328,-1152,-291,0,1,1,1,17,1,100,0,1,2,0,-839,0,-836,1000,0,False,False
33.54661,-1152,-291,0,1,1,1,17,1,100,0,1,2,0,-839,0,-836,1000,0,False,False
33.57994,-1152,-291,0,1,1,1,17,1,100,0,1,2,0,-839,0,-836,1000,0,False,False
33.61342,-1152,-291,0,1,1,1,17,1,100,0,1,2,0,-839,0,-836,1000,0,False,False
33.64698,-1152,-291,0,1,1,1,17,1,100,0,1,2,0,-839,0,-836,1000,0,False,False
33.68061,-1152,-291,0,1,1,1,17,1,100,0,1,2,0,-839,0,-836,1000,0,False,False
33.71394,-1152,-291,0,1,1,1,17,1,100,0,1,2,0,-839,0,-836,1000,0,False,False
33.74728,-1152,-291,0,1,1,1,17,1,100,0,1,2,0,-839,0,-836,1000,0,False,False
33.78061,-1152,-291,0,1,1,1,17,1,100,0,1,2,0,-839,0,-836,1000,0,False,False
33.81394,-1152,-291,0,1,1,1,17,1,100,0,1,2,0,-839,0,-836,1000,0,False,False
33.84727,-1152,-291,0,1,1,1,17,1,100,0,1,2,0,-839,0,-836,1000,0,False,False
33.88061,-1152,-291,0,1,1,1,17,1,100,0,1,2,0,-839,0,-836,1000,0,False,False
33.91394,-1152,-291,0,1,1,1,17,1,100,0,1,2,0,-839,0,-836,1000,0,False,False
33.94773,-1152,-291,0,1,1,1,17,1,100,0,1,2,0,-839,0,-836,1000,0,False,False
33.98106,-1152,-291,0,1,1,1,17,1,100,0,1,2,0,-839,0,-836,1000,0,False,False
34.0144,-1152,-291,0,1,1,1,17,1,100,0,1,2,0,-839,0,-836,1000,0,False,False
34.04773,-1152,-291,0,1,1,1,17,1,100,0,1,2,0,-839,0,-836,1000,0,False,False
34.08106,-1152,-291,0,1,1,1,17,1,100,0,1,2,0,-839,0,-836,1000,0,False,False
34.1144,-1152,-291,0,1,1,1,17,1,100,0,1,2,0,-839,0,-836,1000,0,False,False
34.14773,-1152,-291,0,1,1,1,17,1,100,0,1,2,0,-839,0,-836,1000,0,False,False
34.18106,-1152,-291,0,1,1,1,17,1,100,0,1,2,0,-839,0,-836,1000,0,False,False
34.21439,-1152,-291,0,1,1,1,17,1,100,0,1,2,0,-839,0,-836,1000,0,False,False
34.24783,-1152,-291,0,1,1,1,17,1,100,0,1,2,0,-839,0,-836,1000,0,False,False
34.28185,-1152,-291,0,1,1,1,17,1,100,0,1,2,0,-839,0,-836,1000,0,False,False
34.31556,-1152,-291,0,1,1,1,17,1,100,0,1,2,0,-839,0,-836,1000,0,False,False
34.34889,-1152,-291,0,1,1,1,17,1,100,0,1,2,0,-839,0,-836,1000,0,False,False
34.38291,-1152,-291,0,1,1,1,17,1,100,0,1,2,0,-839,0,-836,1000,0,False,False
34.41631,-1152,-291,0,1,1,1,17,1,100,0,1,2,0,-839,0,-836,1000,0,False,False
34.44964,-1152,-291,0,1,1,1,17,1,100,0,1,2,0,-839,0,-836,1000,0,False,False
34.48298,-1152,-291,0,1,1,1,17,1,100,0,1,2,0,-839,0,-836,1000,0,False,False
34.51631,-1152,-291,0,1,1,1,17,1,100,0,1,2,0,-839,0,-836,1000,0,False,False
34.54964,-1152,-291,0,1,1,1,17,1,100,0,1,2,0,-839,0,-836,1000,0,False,False
34.58297,-1152,-291,0,1,1,1,17,1,100,0,1,2,0,-839,0,-836,1000,0,False,False
34.61631,-1152,-291,0,1,1,1,17,1,100,0,1,2,0,-839,0,-836,1000,0,False,False
34.65034,-1152,-291,0,1,1,1,17,1,100,0,1,2,0,-839,0,-836,1000,0,False,False
34.68368,-1152,-291,0,1,1,1,17,1,100,0,1,2,0,-839,0,-836,1000,0,False,False
34.71711,-1152,-291,0,1,1,1,17,1,100,0,1,2,0,-839,0,-836,1000,0,False,False
34.75089,-1152,-291,0,1,1,1,17,1,100,0,1,2,0,-839,0,-836,1000,0,False,False
34.78422,-1152,-291,0,1,1,1,17,1,100,0,1,2,0,-839,0,-836,1000,0,False,False
34.81755,-1152,-291,0,1,1,1,17,1,100,0,1,2,0,-839,0,-836,1000,0,False,False
34.85088,-1152,-291,0,1,1,1,17,1,100,0,1,2,0,-839,0,-836,1000,0,False,False
34.88493,-1152,-291,0,1,1,1,17,1,100,0,1,2,0,-839,0,-836,1000,0,False,False
34.91879,-1152,-291,0,1,1,1,17,1,100,0,1,2,0,-839,0,-836,1000,0,False,False
34.95212,-1152,-291,0,1,1,1,17,1,100,0,1,2,0,-839,0,-836,1000,0,False,False
34.98545,-1152,-291,0,1,1,1,17,1,100,0,1,2,0,-839,0,-836,1000,0,False,False
35.01883,-1152,-291,0,1,1,1,17,1,100,0,1,2,0,-839,0,-836,1000,0,False,False
35.05215,-1152,-291,0,1,1,1,17,1,100,0,1,2,0,-839,0,-836,1000,0,False,False
35.08572,-1152,-291,0,1,1,1,17,1,100,0,1,2,0,-839,0,-836,1000,0,False,False
35.11912,-1152,-291,0,1,1,1,17,1,100,0,1,2,0,-839,0,-836,1000,0,False,False
35.15254,-1152,-291,0,1,1,1,17,1,100,0,1,2,0,-839,0,-836,1000,0,False,False
35.18601,-1152,-291,0,1,1,1,17,1,100,0,1,2,0,-839,0,-836,1000,0,False,False
35.21937,-1152,-291,0,1,1,1,17,1,100,0,1,2,0,-839,0,-836,1000,0,False,False
35.2527,-1152,-291,0,1,1,1,17,1,100,0,1,2,0,-839,0,-836,1000,0,False,False
35.28603,-1152,-291,0,1,1,1,17,1,100,0,1,2,0,-839,0,-836,1000,0,False,False
35.31937,-1152,-291,0,1,1,1,17,1,100,0,1,2,0,-839,0,-836,1000,0,False,False
35.3527,-1152,-291,0,1,1,1,17,1,100,0,1,2,0,-839,0,-836,1000,0,False,False
35.38604,-1152,-291,0,1,1,1,17,1,100,0,1,2,0,-839,0,-836,1000,0,False,False
35.41937,-1152,-291,0,1,1,1,17,1,100,0,1,2,0,-839,0,-836,1000,0,False,False
35.4527,-1150,-281,0,1,1,1,17,1,100,0,1,2,0,-839,0,-836,1000,0,False,False
35.48603,-1148,-275,0,1,1,1,17,1,100,0,1,2,0,-839,0,-836,1000,0,False,False
35.51937,-1146,-272,0,1,1,1,17,1,100,0,1,2,0,-839,0,-836,1000,0,False,False
35.55275,-1145,-269,0,1,1,1,17,1,100,0,1,2,0,-839,0,-836,1000,0,False,False
35.58608,-1144,-269,0,1,1,1,17,1,100,0,1,2,0,-839,0,-836,1000,0,False,False
35.61942,-1143,-268,0,1,1,1,17,1,100,0,1,2,0,-839,0,-836,1000,0,False,False
35.65275,-1143,-267,0,1,1,1,17,1,100,0,1,2,0,-839,0,-836,1000,0,False,False
35.68609,-1143,-267,0,1,1,1,17,1,100,0,1,2,0,-839,0,-836,1000,0,False,False
35.71943,-1143,-267,0,1,1,1,17,1,100,0,1,2,0,-839,0,-836,1000,0,False,False
35.75276,-1142,-267,0,1,1,1,17,1,100,0,1,2,0,-839,0,-836,1000,0,False,False
35.78609,-1141,-266,0,1,1,1,17,1,100,0,1,2,0,-839,0,-836,1000,0,False,False
35.81942,-1140,-264,0,1,1,1,17,1,100,0,1,2,0,-839,0,-836,1000,0,False,False
35.85276,-1139,-263,0,1,1,1,17,1,100,0,1,2,0,-839,0,-836,1000,0,False,False
35.88609,-1138,-263,0,1,1,1,17,1,100,0,1,2,0,-839,0,-836,1000,0,False,False
35.91942,-1138,-261,0,1,1,1,17,1,100,0,1,2,0,-839,0,-836,1000,0,False,False
35.95286,-1138,-260,0,1,1,1,17,1,100,0,1,2,0,-839,0,-836,1000,0,False,False
35.98619,-1137,-259,0,1,1,1,17,1,100,0,1,2,0,-839,0,-836,1000,0,False,False
36.01976,-1137,-259,0,1,1,1,17,1,100,0,1,2,0,-839,0,-836,1000,0,False,False
36.05318,-1136,-259,0,1,1,1,17,1,100,0,1,2,0,-839,0,-836,1000,0,False,False
36.08663,-1135,-259,0,1,1,1,17,1,100,0,1,2,0,-839,0,-836,1000,0,False,False
36.11996,-1134,-259,0,1,1,1,17,1,100,0,1,2,0,-839,0,-836,1000,0,False,False
36.1533,-1134,-259,0,1,1,1,17,1,100,0,1,2,0,-839,0,-836,1000,0,False,False
36.18663,-1134,-259,0,1,1,1,17,1,100,0,1,2,0,-839,0,-836,1000,0,False,False
36.21996,-1134,-259,0,1,1,1,17,1,100,0,1,2,0,-839,0,-836,1000,0,False,False
36.2533,-1134,-259,0,1,1,1,17,1,100,0,1,2,0,-839,0,-836,1000,0,False,False
36.28663,-1134,-259,0,1,1,1,17,1,100,0,1,2,0,-839,0,-836,1000,0,False,False
36.31996,-1134,-259,0,1,1,1,17,1,100,0,1,2,0,-839,0,-836,1000,0,False,False
36.35329,-1134,-259,0,1,1,1,17,1,100,0,1,2,0,-839,0,-836,1000,0,False,False
36.38669,-1134,-259,0,1,1,1,17,1,100,0,1,2,0,-839,0,-836,1000,0,False,False
36.42002,-1134,-259,0,1,1,1,17,1,100,0,1,2,0,-839,0,-836,1000,0,False,False
36.45349,-1134,-259,0,1,1,1,17,1,100,0,1,2,0,-839,0,-836,1000,0,False,False
36.48682,-1134,-259,0,1,1,1,17,1,100,0,1,2,0,-839,0,-836,1000,0,False,False
36.52053,-1134,-259,0,1,1,1,17,1,100,0,1,2,0,-839,0,-836,1000,0,False,False
36.55386,-1134,-259,0,1,1,1,17,1,100,0,1,2,0,-839,0,-836,1000,0,False,False
36.58719,-1134,-259,0,1,1,1,17,1,100,0,1,2,0,-839,0,-836,1000,0,False,False
36.62053,-1134,-259,0,1,1,1,17,1,100,0,1,2,0,-839,0,-836,1000,0,False,False
36.65386,-1134,-259,0,1,1,1,17,1,100,0,1,2,0,-839,0,-836,1000,0,False,False
36.68719,-1134,-259,0,1,1,1,17,1,100,0,1,2,0,-839,0,-836,1000,0,False,False
36.72094,-1134,-259,0,1,1,1,17,1,100,0,1,2,0,-839,0,-836,1000,0,False,False
36.75428,-1134,-259,0,1,1,1,17,1,100,0,1,2,0,-839,0,-836,1000,0,False,False
36.78761,-1134,-259,0,1,1,1,17,1,100,0,1,2,0,-839,0,-836,1000,0,False,False
36.82098,-1134,-259,0,1,1,1,17,1,100,0,1,2,0,-839,0,-836,1000,0,False,False
36.85431,-1134,-259,0,1,1,1,17,1,100,0,1,2,0,-839,0,-836,1000,0,False,False
36.88765,-1134,-259,0,1,1,1,17,1,100,0,1,2,0,-839,0,-836,1000,0,False,False
36.92098,-1134,-259,0,1,1,1,17,1,100,0,1,2,0,-839,0,-836,1000,0,False,False
36.95431,-1134,-259,0,1,1,1,17,1,100,0,1,2,0,-839,0,-836,1000,0,False,False
36.98765,-1134,-259,0,1,1,1,17,1,100,0,1,2,0,-839,0,-836,1000,0,False,False
37.02121,-1134,-259,0,1,1,1,17,1,100,0,1,2,0,-839,0,-836,1000,0,False,False
37.05454,-1134,-259,0,1,1,1,17,1,100,0,1,2,0,-839,0,-836,1000,0,False,False
37.08788,-1134,-259,0,1,1,1,17,1,100,0,1,2,0,-839,0,-836,1000,0,False,False
37.12195,-1134,-259,0,1,1,1,17,1,100,0,1,2,0,-839,0,-836,1000,0,False,False
37.15602,-1134,-259,0,1,1,1,17,1,100,0,1,2,0,-839,0,-836,1000,0,False,False
37.18935,-1134,-259,0,1,1,1,17,1,100,0,1,2,0,-839,0,-836,1000,0,False,False
37.22269,-1134,-259,0,1,1,1,17,1,100,0,1,2,0,-839,0,-836,1000,0,False,False
37.25602,-1134,-259,0,1,1,1,17,1,100,0,1,2,0,-839,0,-836,1000,0,False,False
37.28935,-1134,-259,0,1,1,1,17,1,100,0,1,2,0,-839,0,-836,1000,0,False,False
37.32269,-1134,-259,0,1,1,1,17,1,100,0,1,2,0,-839,0,-836,1000,0,False,False
37.35602,-1134,-259,0,1,1,1,17,1,100,0,1,2,0,-839,0,-836,1000,0,False,False
37.38935,-1134,-259,0,1,1,1,17,1,100,0,1,2,0,-839,0,-836,1000,0,False,False
37.42306,-1134,-259,0,1,1,1,17,1,100,0,1,2,0,-839,0,-836,1000,0,False,False
37.45639,-1134,-259,0,1,1,1,17,1,100,0,1,2,0,-839,0,-836,1000,0,False,False
37.48973,-1134,-259,0,1,1,1,17,1,100,0,1,2,0,-839,0,-836,1000,0,False,False
37.52306,-1134,-259,0,1,1,1,17,1,100,0,1,2,0,-839,0,-836,1000,0,False,False
37.55639,-1134,-259,0,1,1,1,17,1,100,0,1,2,0,-839,0,-836,1000,0,False,False
37.58973,-1134,-259,0,1,1,1,17,1,100,0,1,2,0,-839,0,-836,1000,0,False,False
37.62315,-1134,-259,0,1,1,1,17,1,100,0,1,2,0,-839,0,-836,1000,0,False,False
37.65657,-1134,-259,0,1,1,1,17,1,100,0,1,2,0,-839,0,-836,1000,0,False,False
37.68991,-1134,-259,0,1,1,1,17,1,100,0,1,2,0,-839,0,-836,1000,0,False,False
37.72324,-1134,-259,0,1,1,1,17,1,100,0,1,2,0,-839,0,-836,1000,0,False,False
37.75658,-1134,-259,0,1,1,1,17,1,100,0,1,2,0,-839,0,-836,1000,0,False,False
37.79051,-1134,-259,0,1,1,1,17,1,100,0,1,2,0,-839,0,-836,1000,0,False,False
37.82393,-1134,-259,0,1,1,1,17,1,100,0,1,2,0,-839,0,-836,1000,0,False,False
37.85726,-1134,-259,0,1,1,1,17,1,100,0,1,2,0,-839,0,-836,1000,0,False,False
37.89059,-1134,-259,0,1,1,1,17,1,100,0,1,2,0,-839,0,-836,1000,0,False,False
37.92392,-1134,-259,0,1,1,1,17,1,100,0,1,2,0,-839,0,-836,1000,0,False,False
37.95726,-1134,-259,0,1,1,1,17,1,100,0,1,2,0,-839,0,-836,1000,0,False,False
37.99059,-1134,-259,0,1,1,1,17,1,100,0,1,2,0,-839,0,-836,1000,0,False,False
38.02476,-1134,-259,0,1,1,1,17,1,100,0,1,2,0,-839,0,-836,1000,0,False,False
38.05809,-1134,-259,0,1,1,1,17,1,100,0,1,2,0,-839,0,-836,1000,0,False,False
38.0918,-1134,-259,0,1,1,1,17,1,100,0,1,2,0,-839,0,-836,1000,0,False,False
38.12574,-1134,-259,0,1,1,1,17,1,100,0,1,2,0,-839,0,-836,1000,0,False,False
38.15934,-1134,-259,0,1,1,1,17,1,100,0,1,2,0,-839,0,-836,1000,0,False,False
38.1931,-1134,-259,0,1,1,1,17,1,100,0,1,2,0,-839,0,-836,1000,0,False,False
38.22642,-1134,-259,0,1,1,1,17,1,100,0,1,2,0,-839,0,-836,1000,0,False,False
38.25975,-1134,-259,0,1,1,1,17,1,100,0,1,2,0,-839,0,-836,1000,0,False,False
38.29309,-1134,-259,0,1,1,1,17,1,100,0,1,2,0,-839,0,-836,1000,0,False,False
38.32642,-1134,-259,0,1,1,1,17,1,100,0,1,2,0,-839,0,-836,1000,0,False,False
38.3599,-1134,-259,0,1,1,1,17,1,100,0,1,2,0,-839,0,-836,1000,0,False,False
38.39323,-1134,-259,0,1,1,1,17,1,100,0,1,2,0,-839,0,-836,1000,0,False,False
38.42657,-1134,-259,0,1,1,1,17,1,100,0,1,2,0,-839,0,-836,1000,0,False,False
38.46029,-1134,-259,0,1,1,1,17,1,100,0,1,2,0,-839,0,-836,1000,0,False,False
38.49365,-1134,-259,0,1,1,1,17,1,100,0,1,2,0,-839,0,-836,1000,0,False,False
38.52705,-1134,-259,0,1,1,1,17,1,100,0,1,2,0,-839,0,-836,1000,0,False,False
38.56056,-1134,-259,0,1,1,1,17,1,100,0,1,2,0,-839,0,-836,1000,0,False,False
38.59389,-1134,-259,0,1,1,1,17,1,100,0,1,2,0,-839,0,-836,1000,0,False,False
38.6273,-1134,-259,0,1,1,1,17,1,100,0,1,2,0,-839,0,-836,1000,0,False,False
38.66063,-1134,-259,0,1,1,1,17,1,100,0,1,2,0,-839,0,-836,1000,0,False,False
38.69397,-1134,-259,0,1,1,1,17,1,100,0,1,2,0,-839,0,-836,1000,0,False,False
38.7273,-1134,-259,0,1,1,1,17,1,100,0,1,2,0,-839,0,-836,1000,0,False,False
38.76063,-1134,-259,0,1,1,1,17,1,100,0,1,2,0,-839,0,-836,1000,0,False,False
38.79396,-1134,-259,0,1,1,1,17,1,100,0,1,2,0,-839,0,-836,1000,0,False,False
38.8273,-1134,-259,0,1,1,1,17,1,100,0,1,2,0,-839,0,-836,1000,0,False,False
38.86063,-1134,-259,0,1,1,1,17,1,100,0,1,2,0,-839,0,-836,1000,0,False,False
38.89417,-1134,-259,0,1,1,1,17,1,100,0,1,2,0,-839,0,-836,1000,0,False,False
38.9275,-1134,-259,0,1,1,1,17,1,100,0,1,2,0,-839,0,-836,1000,0,False,False
38.96123,-1134,-259,0,1,1,1,17,1,100,0,1,2,0,-839,0,-836,1000,0,False,False
38.99456,-1134,-259,0,1,1,1,17,1,100,0,1,2,0,-839,0,-836,1000,0,False,False
39.0279,-1134,-259,0,1,1,1,17,1,100,0,1,2,0,-839,0,-836,1000,0,False,False
39.06123,-1134,-259,0,1,1,1,17,1,100,0,1,2,0,-839,0,-836,1000,0,False,False
