0.02,-754,-536,0,0,0,0,0,0,0,0,0,0,0,False,False
0.04,-754,-548,0,0,0,0,0,0,0,0,0,0,0,False,False
0.0733343,-754,-548,0,0,0,0,0,0,0,0,0,0,0,False,False
0.1067359,-754,-548,0,0,0,0,0,0,0,0,0,0,0,False,False
0.1400667,-754,-548,0,0,0,0,0,0,0,0,0,0,0,False,False
0.1734005,-754,-548,0,0,0,0,0,0,0,0,0,0,0,False,False
0.2067343,-754,-548,0,0,0,0,0,0,0,0,0,0,0,False,False
0.2411665,-754,-548,0,0,0,0,0,0,0,0,0,0,0,False,False
0.2744997,-754,-548,0,0,0,0,0,0,0,0,0,0,0,False,False
0.3084471,-754,-548,0,0,0,0,0,0,0,0,0,0,0,False,False
0.3417798,-754,-548,0,0,0,0,0,0,0,0,0,0,0,False,False
0.3751138,-754,-548,0,0,0,0,0,0,0,0,0,0,0,False,False
0.4086806,-754,-548,0,0,0,0,0,0,0,0,0,0,0,False,False
0.4420146,-754,-548,0,0,0,0,0,0,0,0,0,0,0,False,False
0.4756176,-754,-548,0,0,0,0,0,0,0,0,0,0,0,False,False
0.509,-754,-548,0,0,0,0,0,0,0,0,0,0,0,False,False
0.5423334,-754,-548,0,0,0,0,0,0,0,0,0,0,0,False,False
0.5757568,-754,-548,0,0,0,0,0,0,0,0,0,0,0,False,False
0.6090903,-754,-548,0,0,0,0,0,0,0,0,0,0,0,False,False
0.642424,-754,-548,0,0,0,0,0,0,0,0,0,0,0,False,False
0.6757576,-754,-548,0,0,0,0,0,0,0,0,0,0,0,False,False
0.7090908,-754,-548,0,0,0,0,0,0,0,0,0,0,0,False,False
0.7424245,-754,-548,0,0,0,0,0,0,0,0,0,0,0,False,False
0.7763392,-754,-548,0,0,0,0,0,0,0,0,0,0,0,False,False
0.8096726,-754,-548,0,0,0,0,0,0,0,0,0,0,0,False,False
0.8430064,-754,-548,0,0,0,0,0,0,0,0,0,0,0,False,False
0.8763397,-754,-548,0,0,0,0,0,0,0,0,0,0,0,False,False
0.9099412,-754,-548,0,0,0,0,0,0,0,0,0,0,0,False,False
0.943275,-754,-548,0,0,0,0,0,0,0,0,0,0,0,False,False
0.9766967,-754,-548,0,0,0,0,0,0,0,0,0,0,0,False,False
1.01003,-754,-548,0,0,0,0,0,0,0,0,0,0,0,False,False
1.043364,-754,-548,0,0,0,0,0,0,0,0,0,0,0,False,False
1.076697,-754,-548,0,0,0,0,0,0,0,0,0,0,0,False,False
1.110043,-754,-548,0,0,0,0,0,0,0,0,0,0,0,False,False
1.143376,-754,-548,0,0,0,0,0,0,0,0,0,0,0,False,False
1.176709,-754,-548,0,0,0,0,0,0,0,0,0,0,0,False,False
1.210202,-754,-548,0,0,0,0,0,0,0,0,0,0,0,False,False
1.243536,-754,-548,0,0,0,0,0,0,0,0,0,0,0,False,False
1.277591,-754,-548,0,0,0,0,0,0,0,0,0,0,0,False,False
1.311523,-754,-548,0,0,0,0,0,0,0,0,0,0,0,False,False
1.344856,-754,-548,0,0,0,0,0,0,0,0,0,0,0,False,False
1.378439,-754,-548,0,0,0,0,0,0,0,0,0,0,0,False,False
1.412066,-754,-548,0,0,0,0,0,0,0,0,0,0,0,False,False
1.445399,-754,-548,0,0,0,0,0,0,0,0,0,0,0,False,False
1.478733,-754,-548,0,0,0,0,0,0,0,0,0,0,0,False,False
1.512066,-754,-548,0,0,0,0,0,0,0,0,0,0,0,False,False
1.545573,-754,-548,0,0,0,0,0,0,0,0,0,0,0,False,False
1.578906,-754,-548,0,0,0,0,0,0,0,0,0,0,0,False,False
1.612457,-754,-548,0,0,0,0,0,0,0,0,0,0,0,False,False
1.64579,-754,-548,0,0,0,0,0,0,0,0,0,0,0,False,False
1.679124,-754,-548,0,0,0,0,0,0,0,0,0,0,0,False,False
1.712457,-754,-548,0,0,0,0,0,0,0,0,0,0,0,False,False
1.746108,-754,-548,0,0,0,0,0,0,0,0,0,0,0,False,False
1.779491,-754,-548,0,0,0,0,0,0,0,0,0,0,0,False,False
1.813599,-754,-548,0,0,0,0,0,0,0,0,0,0,0,False,False
1.846933,-754,-548,0,0,0,0,0,0,0,0,0,0,0,False,False
1.880266,-754,-548,0,0,0,0,0,0,0,0,0,0,0,False,False
1.913599,-754,-548,0,0,0,0,0,0,0,0,0,0,0,False,False
1.946933,-754,-548,0,0,0,0,0,0,0,0,0,0,0,False,False
1.980731,-754,-548,0,0,0,0,0,0,0,0,0,0,0,False,False
2.014064,-754,-548,0,0,0,0,0,0,0,0,0,0,0,False,False
2.047588,-754,-548,0,0,0,0,0,0,0,0,0,0,0,False,False
2.081003,-754,-548,0,0,0,0,0,0,0,0,0,0,0,False,False
2.114849,-754,-548,0,0,0,0,0,0,0,0,0,0,0,False,False
2.148182,-754,-548,0,0,0,0,0,0,0,0,0,0,0,False,False
2.181516,-754,-548,0,0,0,0,0,0,0,0,0,0,0,False,False
2.214849,-754,-548,0,0,0,0,0,0,0,0,0,0,0,False,False
2.248183,-754,-548,0,0,0,0,0,0,0,0,0,0,0,False,False
2.281516,-754,-548,0,0,0,0,0,0,0,0,0,0,0,False,False
2.31485,-754,-548,0,0,0,0,0,0,0,0,0,0,0,False,False
2.348184,-754,-548,0,0,0,0,0,0,0,0,0,0,0,False,False
2.381517,-754,-548,0,0,0,0,0,0,0,0,0,0,0,False,False
2.414851,-754,-548,0,0,0,0,0,0,0,0,0,0,0,False,False
2.448588,-754,-548,0,0,0,0,0,0,0,0,0,0,0,False,False
2.481966,-754,-548,0,0,0,0,0,0,0,0,0,0,0,False,False
2.5153,-754,-548,0,0,0,0,0,0,0,0,0,0,0,False,False
2.548634,-754,-548,0,0,0,0,0,0,0,0,0,0,0,False,False
2.582166,-754,-548,0,0,0,0,0,0,0,0,0,0,0,False,False
2.6155,-754,-548,0,0,0,0,0,0,0,0,0,0,0,False,False
2.648834,-754,-548,0,0,0,0,0,0,0,0,0,0,0,False,False
2.682166,-754,-548,0,1,0,0,0,0,0,0,0,0,0,False,False
2.7155,-754,-548,0,1,0,0,0,0,0,0,0,0,0,False,False
2.749617,-754,-548,0,1,0,0,0,0,0,0,0,0,0,False,False
2.78295,-754,-548,0,1,0,0,0,0,0,0,0,0,0,False,False
2.816365,-754,-548,0,1,0,0,0,0,0,0,0,0,0,False,False
2.849696,-754,-548,0,1,0,0,0,0,0,0,0,0,0,False,False
2.883233,-754,-548,0,1,0,0,0,0,0,0,0,0,0,False,False
2.916893,-754,-548,0,1,0,0,0,0,0,0,0,0,0,False,False
2.950226,-754,-548,0,1,0,0,0,0,0,0,0,0,0,False,False
2.98356,-754,-548,0,1,0,0,0,0,0,0,0,0,0,False,False
3.016894,-754,-548,0,1,0,0,0,0,0,0,0,0,0,False,False
3.050352,-754,-548,0,1,0,0,0,0,0,0,0,0,0,False,False
3.083685,-754,-548,0,1,0,0,0,0,0,0,0,0,0,False,False
3.117019,-754,-548,0,1,0,0,0,0,0,0,0,0,0,False,False
3.150488,-754,-548,0,1,0,0,0,0,0,0,0,0,0,False,False
3.183822,-754,-548,0,1,0,0,0,0,0,0,0,0,0,False,False
3.217313,-754,-548,0,1,0,0,0,0,0,0,0,0,0,False,False
3.250646,-754,-548,0,1,0,0,0,0,0,0,0,0,0,False,False
3.28398,-754,-548,0,1,0,0,0,0,0,0,0,0,0,False,False
3.317312,-754,-548,0,1,0,0,0,0,0,0,0,0,0,False,False
3.350646,-754,-548,0,1,0,0,0,0,0,0,0,0,0,False,False
3.383981,-754,-548,0,1,0,0,0,0,0,0,0,0,0,False,False
3.417482,-754,-548,0,1,0,0,0,0,0,0,0,0,0,False,False
3.451197,-754,-548,0,1,0,0,0,0,0,0,0,0,0,False,False
3.484828,-754,-548,0,1,0,0,0,0,0,0,0,0,0,False,False
3.518161,-754,-548,0,1,0,0,0,0,0,0,0,0,0,False,False
3.551494,-754,-548,0,1,0,0,0,0,0,0,0,0,0,False,False
3.584828,-754,-548,0,1,0,0,0,0,0,0,0,0,0,False,False
3.618162,-754,-548,0,1,0,0,0,0,0,0,0,0,0,False,False
3.651495,-754,-548,0,1,0,0,0,0,0,0,0,0,0,False,False
3.684829,-754,-548,0,1,0,0,0,0,0,0,0,0,0,False,False
3.718608,-754,-548,0,1,0,0,0,0,0,0,0,0,0,False,False
3.751942,-754,-548,0,1,0,0,0,0,0,0,0,0,0,False,False
3.785804,-754,-548,0,1,0,0,0,0,0,0,0,0,0,False,False
3.819145,-754,-548,0,1,0,0,0,0,0,0,0,0,0,False,False
3.852652,-754,-548,0,1,0,0,0,0,0,0,0,0,0,False,False
3.885985,-754,-548,0,1,0,0,0,0,0,0,0,0,0,False,False
3.919363,-754,-548,0,1,0,0,0,0,0,0,0,0,0,False,False
3.953413,-754,-548,0,41,0,0,0,0,0,0,1,0,0,False,False
3.987659,-754,-548,0,41,0,0,0,0,0,0,1,0,0,False,False
4.020993,-754,-548,0,41,0,0,0,0,0,0,1,0,0,False,False
4.05526,-754,-548,0,41,0,0,0,0,0,0,1,0,0,False,False
4.088661,-754,-548,0,41,0,0,0,0,0,0,1,0,0,False,False
4.121995,-754,-548,0,41,0,0,0,0,0,0,1,0,0,False,False
4.155429,-754,-548,0,41,0,0,0,0,0,0,1,0,0,False,False
4.188763,-754,-548,0,41,0,0,0,0,0,0,1,0,0,False,False
4.222096,-754,-548,0,41,0,0,0,0,0,0,1,0,0,False,False
4.255468,-754,-548,0,41,0,0,0,0,0,0,1,0,0,False,False
4.288801,-754,-548,0,41,0,0,0,0,0,0,1,0,0,False,False
4.322135,-754,-548,0,41,0,0,0,0,0,0,1,0,0,False,False
4.355534,-754,-548,0,41,0,0,0,0,0,0,1,0,0,False,False
4.388866,-754,-548,0,41,0,0,0,0,0,0,1,0,0,False,False
4.4222,-754,-548,0,41,0,0,0,0,0,0,1,0,0,False,False
4.456236,-754,-548,0,41,0,0,0,0,0,0,1,0,0,False,False
4.489569,-754,-548,0,41,0,0,0,0,0,0,1,0,0,False,False
4.523666,-754,-548,0,41,0,0,0,0,0,0,1,0,0,False,False
4.556999,-754,-548,0,41,0,0,0,0,0,0,1,0,0,False,False
4.590333,-754,-548,0,41,0,0,0,0,0,0,1,0,0,False,False
4.623667,-754,-548,0,41,0,0,0,0,0,0,1,0,0,False,False
4.657,-754,-548,0,41,0,0,0,0,0,0,1,0,0,False,False
4.690334,-754,-548,0,41,0,0,0,0,0,0,1,0,0,False,False
4.723667,-754,-548,0,41,0,0,0,0,0,0,1,0,0,False,False
4.757358,-754,-548,0,41,0,0,0,0,0,0,1,0,0,False,False
4.790691,-754,-548,0,41,0,0,0,0,0,0,1,0,0,False,False
4.824025,-754,-548,0,41,0,0,0,0,0,0,1,0,0,False,False
4.857452,-754,-548,0,41,0,0,0,0,0,0,1,0,0,False,False
4.890786,-754,-548,0,41,0,0,0,0,0,0,1,0,0,False,False
4.924119,-754,-548,0,41,0,0,0,0,0,0,1,0,0,False,False
4.957484,-754,-548,0,41,0,0,0,0,0,0,1,0,0,False,False
4.990817,-754,-548,0,41,0,0,0,0,0,0,1,0,0,False,False
5.02415,-754,-548,0,41,0,0,0,0,0,0,1,0,0,False,False
5.057764,-754,-548,0,41,0,0,0,0,0,0,1,0,0,False,False
5.091098,-754,-548,0,41,0,0,0,0,0,0,1,0,0,False,False
5.124432,-754,-548,0,41,0,0,0,0,0,0,1,0,0,False,False
5.157765,-754,-548,0,41,0,0,0,0,0,0,1,0,0,False,False
5.191125,-754,-548,0,41,0,0,0,0,0,0,1,0,0,False,False
5.224658,-754,-548,0,41,0,0,0,0,0,0,1,0,0,False,False
5.258574,-754,-548,0,41,0,0,0,0,0,0,1,0,0,False,False
5.291907,-754,-548,0,41,0,0,0,0,0,0,1,0,0,False,False
5.325241,-754,-548,0,41,0,0,0,0,0,0,1,0,0,False,False
5.358785,-754,-548,0,41,0,0,0,0,0,0,1,0,0,False,False
5.392116,-754,-548,0,41,0,0,0,0,0,0,1,0,0,False,False
5.425979,-754,-548,0,41,0,0,0,0,0,0,1,0,0,False,False
5.459312,-754,-548,0,41,0,0,0,0,0,0,1,0,0,False,False
5.492646,-754,-548,0,41,0,0,0,0,0,0,1,0,0,False,False
5.525979,-754,-548,0,41,0,0,0,0,0,0,1,0,0,False,False
5.559313,-754,-548,0,41,0,0,0,0,0,0,1,0,0,False,False
5.593197,-754,-548,0,41,0,0,0,0,0,0,1,0,0,False,False
5.626629,-754,-548,0,41,0,0,0,0,0,0,1,0,0,False,False
5.659963,-754,-548,0,41,0,0,0,0,0,0,1,0,0,False,False
5.693483,-754,-548,0,41,0,0,0,0,0,0,1,0,0,False,False
5.726816,-754,-548,0,41,0,0,0,0,0,0,1,0,0,False,False
5.760654,-754,-548,0,41,0,0,0,0,0,0,1,0,0,False,False
5.794387,-754,-548,0,41,0,0,0,0,0,0,1,0,0,False,False
5.827991,-754,-548,0,41,0,0,0,0,0,0,1,0,0,False,False
5.861324,-754,-548,0,41,0,0,0,0,0,0,1,0,0,False,False
5.894728,-754,-548,0,41,0,0,0,0,0,0,1,0,0,False,False
5.928061,-754,-548,0,41,0,0,0,0,0,0,1,0,0,False,False
5.961751,-754,-548,0,41,0,0,0,0,0,0,1,0,0,False,False
5.995791,-754,-548,0,41,0,0,0,0,0,0,1,0,0,False,False
6.029124,-754,-548,0,41,0,0,0,0,0,0,1,0,0,False,False
6.062457,-754,-548,0,41,0,0,0,0,0,0,1,0,0,False,False
6.096228,-754,-548,0,41,0,0,0,0,0,0,1,0,0,False,False
6.129561,-754,-548,0,41,0,0,0,0,0,0,1,0,0,False,False
6.163029,-754,-538,0,41,0,0,0,0,0,0,1,0,0,False,False
6.196362,-755,-518,0,41,0,0,0,0,0,0,1,0,0,False,False
6.229695,-756,-469,0,41,0,0,0,0,0,0,1,0,0,False,False
6.263029,-761,-429,0,41,0,0,0,0,0,0,1,0,0,False,False
6.296364,-769,-406,0,41,0,0,0,0,0,0,1,0,0,False,False
6.329696,-777,-400,0,41,0,0,0,0,0,0,1,0,0,False,False
6.36303,-809,-400,0,41,0,0,0,0,0,0,1,0,0,False,False
6.396363,-837,-405,0,41,0,0,0,0,0,0,1,0,0,False,False
6.429919,-859,-408,0,41,0,0,0,0,0,0,1,0,0,False,False
6.463252,-871,-410,0,41,0,0,0,0,0,0,1,0,0,False,False
6.496665,-871,-410,0,41,0,0,0,0,0,0,1,0,0,False,False
6.529997,-871,-410,0,41,0,0,0,0,0,0,1,0,0,False,False
6.563331,-887,-407,0,41,0,0,0,0,0,0,1,0,0,False,False
6.596681,-968,-377,0,41,0,0,0,0,0,0,1,0,0,False,False
6.630014,-1089,-313,0,41,0,0,0,0,0,0,1,0,0,False,False
6.663511,-1169,-259,0,41,0,0,0,0,0,0,1,0,0,False,False
6.696845,-1207,-221,0,41,0,0,0,0,0,0,1,0,0,False,False
6.730178,-1219,-206,0,41,0,0,0,0,0,0,1,0,0,False,False
6.764181,-1219,-206,0,41,0,0,0,0,0,0,1,0,0,False,False
6.797986,-1219,-207,0,41,0,0,0,0,0,0,1,0,0,False,False
6.831546,-1213,-216,0,41,0,0,0,0,0,0,1,0,0,False,False
6.86488,-1187,-226,0,41,0,0,0,0,0,0,1,0,0,False,False
6.898213,-1164,-231,0,41,0,0,0,0,0,0,1,0,0,False,False
6.932064,-1118,-237,0,41,0,0,0,0,0,0,1,0,0,False,False
6.965396,-1051,-251,0,41,0,0,0,0,0,0,1,0,0,False,False
6.998729,-949,-268,0,41,0,0,0,0,0,0,1,0,0,False,False
7.032136,-867,-274,0,41,0,0,0,0,0,0,1,0,0,False,False
7.065471,-831,-275,0,41,0,0,0,0,0,0,1,0,0,False,False
7.098886,-830,-275,0,41,0,0,0,0,0,0,1,0,0,False,False
7.132525,-832,-275,0,41,0,0,0,0,0,0,1,0,0,False,False
7.165859,-840,-275,0,41,0,0,0,0,0,0,1,0,0,False,False
7.199248,-851,-275,0,41,0,0,0,0,0,0,1,0,0,False,False
7.233149,-857,-275,0,41,0,0,0,0,0,0,1,0,0,False,False
7.266676,-859,-271,0,41,0,0,0,0,0,0,1,0,0,False,False
7.300166,-859,-262,0,41,0,0,0,0,0,0,1,0,0,False,False
7.333499,-859,-255,0,41,0,0,0,0,0,0,1,0,0,False,False
7.36712,-859,-254,0,41,0,0,0,0,0,0,1,0,0,False,False
7.400751,-859,-254,0,41,0,0,0,0,0,0,1,0,0,False,False
7.434219,-859,-254,0,41,0,0,0,0,0,0,1,0,0,False,False
7.46818,-859,-254,0,41,0,0,0,0,0,0,1,0,0,False,False
7.501513,-859,-254,0,41,0,0,0,0,0,0,1,0,0,False,False
7.534846,-861,-254,0,41,0,0,0,0,0,0,1,0,0,False,False
7.56818,-866,-254,0,41,0,0,0,0,0,0,1,0,0,False,False
7.601514,-867,-251,0,41,0,0,0,0,0,0,1,0,0,False,False
7.634847,-867,-251,0,41,0,0,0,0,0,0,1,0,0,False,False
7.668863,-869,-251,0,41,0,0,0,0,0,0,1,0,0,False,False
7.702826,-869,-251,0,41,0,0,0,0,0,0,1,0,0,False,False
7.736722,-869,-251,0,41,0,0,0,0,0,0,1,0,0,False,False
7.770054,-869,-251,0,41,0,0,0,0,0,0,1,0,0,False,False
7.803388,-874,-251,0,41,0,0,0,0,0,0,1,0,0,False,False
7.836748,-875,-251,0,41,0,0,0,0,0,0,1,0,0,False,False
7.870456,-875,-251,0,41,0,0,0,0,0,0,1,0,0,False,False
7.903789,-875,-251,0,41,0,0,0,0,0,0,1,0,0,False,False
7.937123,-875,-251,0,41,0,0,0,0,0,0,1,0,0,False,False
7.970457,-875,-251,0,41,0,0,0,0,0,0,1,0,0,False,False
8.003791,-875,-251,0,41,0,0,0,0,0,0,1,0,0,False,False
8.037124,-875,-251,0,41,0,0,0,0,0,0,1,0,0,True,False
8.070457,-875,-251,0,41,0,0,0,0,0,0,1,0,0,True,False
8.10379,-875,-251,0,41,0,0,0,0,0,0,1,0,0,True,False
8.137675,-875,-251,0,41,0,0,29,0,0,0,1,0,0,False,False
8.18624,-875,-251,0,41,0,0,29,0,0,0,1,0,0,False,False
8.219737,-875,-251,0,41,0,0,29,0,0,0,1,0,0,False,False
8.25319,-875,-251,0,41,0,0,29,0,0,0,1,0,0,False,False
8.28721,-875,-251,0,41,0,0,29,0,0,0,1,0,0,False,False
8.320542,-875,-251,0,41,0,0,29,0,0,0,1,0,0,False,False
8.353891,-875,-251,0,41,0,0,29,0,0,0,1,0,0,False,False
8.387223,-875,-251,0,41,0,0,29,0,0,0,1,0,0,False,False
8.420652,-875,-255,0,41,0,0,29,0,0,0,1,0,0,False,False
8.454039,-880,-285,0,41,0,0,29,0,0,0,1,0,0,False,False
8.487433,-896,-347,0,41,0,0,29,0,0,0,1,0,0,False,False
8.520807,-911,-407,0,41,0,0,29,0,0,0,1,0,0,False,False
8.554985,-918,-453,0,41,0,0,29,0,0,0,1,0,0,False,False
8.588318,-932,-477,0,41,0,0,29,0,0,0,1,0,0,False,False
8.621824,-944,-489,0,41,0,0,29,0,0,0,1,0,0,False,False
8.656195,-976,-506,0,41,0,0,29,0,0,0,1,0,0,False,False
8.689528,-1012,-523,0,41,0,0,29,0,0,0,1,0,0,False,False
8.723252,-1035,-532,0,41,0,0,29,0,0,0,1,0,0,False,False
8.756586,-1040,-535,0,41,0,0,29,0,0,0,1,0,0,False,False
8.789919,-1040,-536,0,41,0,0,29,0,0,0,1,0,0,False,False
8.823253,-1042,-536,0,41,0,0,29,0,0,0,1,0,0,False,False
8.856586,-1044,-539,0,41,0,0,29,0,0,0,1,0,0,False,False
8.889919,-1044,-542,0,41,0,0,29,0,0,0,1,0,0,False,False
8.923748,-1044,-542,0,41,0,0,29,0,0,0,1,0,0,False,False
8.957735,-1044,-542,0,41,0,0,29,0,0,0,1,0,0,True,False
8.991068,-1044,-542,0,41,0,0,29,0,0,0,1,0,0,True,False
9.024402,-1044,-542,0,41,0,0,29,1,0,0,1,0,0,False,False
9.057985,-1044,-542,0,41,0,0,29,1,0,0,1,0,0,False,False
9.091319,-1044,-542,0,41,0,0,29,1,0,0,1,0,0,False,False
9.124652,-1046,-550,0,41,0,0,29,1,0,0,1,0,0,False,False
9.158118,-1048,-562,0,41,0,0,29,1,0,0,1,0,0,False,False
9.192027,-1048,-589,0,41,0,0,29,1,0,0,1,0,0,False,False
9.225361,-1043,-625,0,41,0,0,29,1,0,0,1,0,0,False,False
9.258695,-1041,-641,0,41,0,0,29,1,0,0,1,0,0,False,False
9.292027,-1039,-650,0,41,0,0,29,1,0,0,1,0,0,False,False
9.325361,-1038,-652,0,41,0,0,29,1,0,0,1,0,0,False,False
9.358695,-1038,-652,0,41,0,0,29,1,0,0,1,0,0,False,False
9.392028,-1038,-652,0,41,0,0,29,1,0,0,1,0,0,False,False
9.425502,-1038,-652,0,41,0,0,29,1,0,0,1,0,0,False,False
9.458838,-1036,-654,0,41,0,0,29,1,0,0,1,0,0,False,False
9.492528,-1035,-656,0,41,0,0,29,1,0,0,1,0,0,False,False
9.525862,-1034,-657,0,41,0,0,29,1,0,0,1,0,0,False,False
9.559195,-1034,-657,0,41,0,0,29,1,0,0,1,0,0,False,False
9.592589,-1034,-658,0,41,0,0,29,1,0,0,1,0,0,False,False
9.625923,-1034,-658,0,41,0,0,29,1,0,0,1,0,0,False,False
9.659256,-1034,-658,0,41,0,0,29,1,0,0,1,0,0,False,False
9.692589,-1034,-658,0,41,0,0,29,1,0,0,1,0,0,True,False
9.72627,-1034,-658,0,41,0,0,29,1,0,0,1,0,0,True,False
9.759718,-1034,-658,0,41,0,0,29,1,0,0,1,1,0,False,False
9.793049,-1034,-658,0,41,0,0,29,1,0,0,1,1,0,False,False
9.826383,-1034,-658,0,41,0,0,29,1,0,0,1,1,0,False,False
9.860011,-1036,-656,0,41,0,0,29,1,0,0,1,1,0,False,False
9.893344,-1063,-638,0,41,0,0,29,1,0,0,1,1,0,False,False
9.926678,-1121,-606,0,41,0,0,29,1,0,0,1,1,0,False,False
9.960208,-1204,-561,0,41,0,0,29,1,0,0,1,1,0,False,False
9.994027,-1242,-534,0,41,0,0,29,1,0,0,1,1,0,False,False
10.02736,-1274,-510,0,41,0,0,29,1,0,0,1,1,0,False,False
10.06069,-1307,-485,0,41,0,0,29,1,0,0,1,1,0,False,False
10.09405,-1337,-456,0,41,0,0,29,1,0,0,1,1,0,False,False
10.12739,-1374,-418,0,41,0,0,29,1,0,0,1,1,0,False,False
10.16072,-1402,-392,0,41,0,0,29,1,0,0,1,1,0,False,False
10.19405,-1415,-380,0,41,0,0,29,1,0,0,1,1,0,False,False
10.22806,-1435,-365,0,41,0,0,29,1,0,0,1,1,0,False,False
10.26139,-1494,-342,0,41,0,0,29,1,0,0,1,1,0,False,False
10.29489,-1539,-330,0,41,0,0,29,1,0,0,1,1,0,False,False
10.32823,-1611,-314,0,41,0,0,29,1,0,0,1,1,0,False,False
10.36174,-1675,-301,0,41,0,0,29,1,0,0,1,1,0,False,False
10.39569,-1717,-295,0,41,0,0,29,1,0,0,1,1,0,False,False
10.42903,-1732,-294,0,41,0,0,29,1,0,0,1,1,0,False,False
10.46243,-1743,-288,0,41,0,0,29,1,0,0,1,1,0,False,False
10.496,-1749,-280,0,41,0,0,29,1,0,0,1,1,0,False,False
10.52933,-1776,-260,0,41,0,0,29,1,0,0,1,1,0,False,False
10.56266,-1787,-249,0,41,0,0,29,1,0,0,1,1,0,False,False
10.59629,-1787,-242,0,41,0,0,29,1,0,0,1,1,0,False,False
10.63051,-1787,-239,0,41,0,0,29,1,0,0,1,1,0,False,False
10.66398,-1789,-235,0,41,0,0,29,1,0,0,1,1,0,False,False
10.69732,-1789,-232,0,41,0,0,29,1,0,0,1,1,0,False,False
10.73065,-1789,-232,0,41,0,0,29,1,0,0,1,1,0,False,False
10.76398,-1789,-232,0,41,0,0,29,1,0,0,1,1,0,False,False
10.79805,-1789,-232,0,41,0,0,29,1,0,0,1,1,0,True,False
10.83172,-1789,-232,0,41,0,0,29,1,0,0,1,1,0,True,False
10.86531,-1789,-234,0,41,0,0,29,1,0,0,1,1,0,False,False
10.89864,-1785,-239,0,41,0,0,29,1,0,0,1,1,0,False,False
10.93197,-1782,-242,0,41,0,0,29,1,0,0,1,1,0,False,False
10.96569,-1764,-253,0,41,0,0,29,1,0,0,1,1,0,False,False
10.99903,-1726,-275,0,41,0,0,29,1,0,0,1,1,0,False,False
11.03236,-1688,-306,0,41,0,0,29,1,0,0,1,1,0,False,False
11.0657,-1649,-345,0,41,0,0,29,1,0,0,1,1,0,False,False
11.09903,-1612,-389,0,41,0,0,29,1,0,0,1,1,0,False,False
11.13236,-1601,-403,0,41,0,0,29,1,0,0,1,1,0,False,False
11.1657,-1596,-421,0,41,0,0,29,1,0,0,1,1,0,False,False
11.19903,-1593,-431,0,41,0,0,29,1,0,0,1,1,0,False,False
11.23249,-1593,-432,0,41,0,0,29,1,0,0,1,1,0,False,False
11.26582,-1593,-432,0,41,0,0,29,1,0,0,1,1,0,False,False
11.29915,-1593,-432,0,41,0,0,29,1,0,0,1,1,0,False,False
11.33249,-1593,-432,0,41,0,0,29,1,0,0,1,1,0,False,False
11.36605,-1593,-432,0,41,0,0,29,1,0,0,1,1,0,True,False
11.39939,-1593,-432,0,41,0,0,29,1,0,0,1,1,0,True,False
11.43272,-1593,-432,0,41,0,0,29,1,0,0,1,1,0,True,False
11.46606,-1593,-432,0,41,1,0,29,1,0,0,1,1,0,False,False
11.49939,-1593,-432,0,41,1,0,29,1,0,0,1,1,0,False,False
11.53364,-1593,-432,0,41,1,0,29,1,0,0,1,1,0,False,False
11.56698,-1590,-443,0,41,1,0,29,1,0,0,1,1,0,False,False
11.60031,-1587,-452,0,41,1,0,29,1,0,0,1,1,0,False,False
11.63385,-1585,-465,0,41,1,0,29,1,0,0,1,1,0,False,False
11.66718,-1585,-473,0,41,1,0,29,1,0,0,1,1,0,False,False
11.70051,-1584,-476,0,41,1,0,29,1,0,0,1,1,0,False,False
11.73384,-1584,-478,0,41,1,0,29,1,0,0,1,1,0,False,False
11.76718,-1584,-481,0,41,1,0,29,1,0,0,1,1,0,False,False
11.80065,-1584,-486,0,41,1,0,29,1,0,0,1,1,0,False,False
11.83398,-1584,-487,0,41,1,0,29,1,0,0,1,1,0,False,False
11.86732,-1584,-487,0,41,1,0,29,1,0,0,1,1,0,True,False
11.90065,-1584,-487,0,41,1,0,29,1,0,0,1,1,0,True,False
11.93399,-1584,-487,0,41,1,0,29,1,0,0,1,1,0,False,False
11.96797,-1584,-487,0,41,1,0,29,1,0,0,1,1,0,False,False
12.0013,-1584,-487,0,41,1,0,29,1,0,0,1,1,0,False,False
12.03542,-1584,-487,0,41,1,0,29,1,0,0,1,1,0,False,False
12.06889,-1584,-487,0,41,1,0,29,1,0,0,1,1,0,False,False
12.10245,-1584,-487,0,41,1,0,29,1,0,0,1,1,0,False,False
12.13579,-1584,-487,0,41,1,0,29,1,0,0,1,1,0,False,False
12.16912,-1584,-487,0,41,1,0,29,1,0,0,1,1,0,False,False
12.20245,-1584,-487,0,41,1,0,29,1,0,0,1,1,0,False,False
12.23579,-1584,-487,0,41,1,0,29,1,0,0,1,1,0,False,False
12.26912,-1584,-487,0,41,1,0,29,1,0,0,1,1,0,False,False
12.3026,-1584,-487,0,41,1,0,29,1,0,0,1,1,0,False,False
12.33593,-1584,-487,0,41,1,0,29,1,0,0,1,1,0,False,False
12.36926,-1584,-487,0,41,1,0,29,1,0,0,1,1,0,False,False
12.40271,-1584,-487,0,41,1,0,29,1,0,0,1,1,0,False,False
12.43604,-1584,-487,0,41,1,0,29,1,0,0,1,1,0,False,False
12.46937,-1584,-487,0,41,1,0,29,1,0,0,1,1,0,False,False
12.50271,-1584,-487,0,41,1,0,29,1,0,0,1,1,0,False,False
12.53604,-1584,-487,0,41,1,0,29,1,0,0,1,1,0,False,False
12.56937,-1584,-487,0,41,1,0,29,1,0,0,1,1,0,False,False
12.60271,-1584,-487,0,41,1,0,29,1,0,0,1,1,0,False,False
12.63604,-1584,-487,0,41,1,0,29,1,0,0,1,1,0,False,False
12.66937,-1584,-487,0,41,1,0,29,1,0,0,1,1,0,False,False
12.70271,-1584,-487,0,41,1,0,29,1,0,0,1,1,0,False,False
12.73604,-1584,-487,0,41,1,0,29,1,0,0,1,1,0,False,False
12.76973,-1584,-487,0,41,1,0,29,1,0,0,1,1,0,False,False
12.80332,-1584,-487,0,41,1,0,29,1,0,0,1,1,0,False,False
12.83691,-1584,-487,0,41,1,0,29,1,0,0,1,1,0,False,False
12.87036,-1584,-487,0,41,1,0,29,1,0,0,1,1,0,False,False
12.90369,-1584,-487,0,41,1,0,29,1,0,0,1,1,0,False,False
12.93703,-1584,-487,0,41,1,0,29,1,0,0,1,1,0,False,False
12.97037,-1584,-487,0,41,1,0,29,1,0,0,1,1,0,False,False
13.00397,-1584,-487,0,41,1,0,29,1,0,0,1,1,0,False,False
13.03731,-1584,-487,0,41,1,0,29,1,0,0,1,1,0,False,False
13.07064,-1584,-487,0,41,1,0,29,1,0,0,1,1,0,False,False
13.10397,-1584,-487,0,41,1,0,29,1,0,0,1,1,0,False,False
13.13731,-1584,-487,0,41,1,0,29,1,0,0,1,1,0,False,False
13.17064,-1584,-487,0,41,1,0,29,1,0,0,1,1,0,False,False
13.20418,-1584,-487,0,41,1,0,29,1,0,0,1,1,0,False,False
13.23816,-1584,-487,0,41,1,0,29,1,0,0,1,1,0,False,False
13.27149,-1584,-487,0,41,1,0,29,1,0,0,1,1,0,False,False
13.30482,-1584,-487,0,41,1,0,29,1,0,0,1,1,0,False,False
13.33823,-1584,-487,0,41,1,0,29,1,0,0,1,1,0,False,False
13.37156,-1584,-487,0,41,1,0,29,1,0,0,1,1,0,False,False
13.40489,-1584,-487,0,41,1,0,29,1,0,0,1,1,0,False,False
13.43823,-1584,-487,0,41,1,0,29,1,0,0,1,1,0,False,False
13.47156,-1584,-487,0,41,1,0,29,1,0,0,1,1,0,False,False
13.50532,-1584,-487,0,41,1,0,29,1,0,0,1,1,0,False,False
13.53865,-1584,-487,0,41,1,0,29,1,0,0,1,1,0,False,False
13.57199,-1584,-487,0,41,1,0,29,1,0,0,1,1,0,False,False
13.60532,-1584,-487,0,41,1,0,29,1,0,0,1,1,0,False,False
13.63865,-1584,-487,0,41,1,0,29,1,0,0,1,1,0,False,False
13.67199,-1584,-487,0,41,1,0,29,1,0,0,1,1,0,False,False
13.70533,-1584,-487,0,41,1,0,29,1,0,0,1,1,0,False,False
13.7393,-1584,-487,0,41,1,0,29,1,0,0,1,1,0,False,False
13.77263,-1584,-487,0,41,1,0,29,1,0,0,1,1,0,False,False
13.80657,-1584,-487,0,41,1,0,29,1,0,0,1,1,0,False,False
13.8399,-1584,-487,0,41,1,0,29,1,0,0,1,1,0,False,False
13.87323,-1584,-487,0,41,1,0,29,1,0,0,1,1,0,False,False
13.90657,-1584,-487,0,41,1,0,29,1,0,0,1,1,0,False,False
13.9399,-1584,-487,0,41,1,0,29,1,0,0,1,1,0,False,False
13.97351,-1584,-487,0,41,1,0,29,1,0,0,1,1,0,False,False
14.00705,-1584,-487,0,41,1,0,29,1,0,0,1,1,0,False,False
14.04038,-1584,-487,0,41,1,0,29,1,0,0,1,1,0,False,False
14.07372,-1584,-487,0,41,1,0,29,1,0,0,1,1,0,False,False
14.10709,-1584,-487,0,41,1,0,29,1,0,0,1,1,0,False,False
14.14042,-1584,-487,0,41,1,0,29,1,0,0,1,1,0,False,False
14.17375,-1584,-487,0,41,1,0,29,1,0,0,1,1,0,False,False
14.20709,-1584,-487,0,41,1,0,29,1,0,0,1,1,0,False,False
14.24042,-1584,-487,0,41,1,0,29,1,0,0,1,1,0,False,False
14.2738,-1584,-487,0,41,1,0,29,1,0,0,1,1,0,False,False
14.30714,-1584,-487,0,41,1,0,29,1,0,0,1,1,0,False,False
14.34047,-1584,-487,0,41,1,0,29,1,0,0,1,1,0,False,False
14.3738,-1584,-487,0,41,1,0,29,1,0,0,1,1,0,False,False
14.40733,-1584,-487,0,41,1,0,29,1,0,0,1,1,0,False,False
14.44066,-1584,-487,0,41,1,0,29,1,0,0,1,1,0,False,False
14.47399,-1584,-487,0,41,1,0,29,1,0,0,1,1,0,False,False
14.50733,-1584,-487,0,41,1,0,29,1,0,0,1,1,0,False,False
14.54066,-1584,-487,0,41,1,0,29,1,0,0,1,1,0,False,False
14.57399,-1584,-487,0,41,1,0,29,1,0,0,1,1,0,False,False
14.60733,-1584,-487,0,41,1,0,29,1,0,0,1,1,0,False,False
14.64066,-1584,-487,0,41,1,0,29,1,0,0,1,1,0,False,False
14.67492,-1584,-487,0,41,1,0,29,1,0,0,1,1,0,False,False
14.7087,-1584,-487,0,41,1,0,29,1,0,0,1,1,0,False,False
14.74203,-1584,-487,0,41,1,0,29,1,0,0,1,1,0,False,False
14.77552,-1584,-487,0,41,1,0,29,1,0,0,1,1,0,False,False
14.80915,-1584,-487,0,41,1,0,29,1,0,0,1,1,0,False,False
14.84282,-1584,-487,0,41,1,0,29,1,0,0,1,1,0,False,False
14.87646,-1584,-487,0,41,1,0,29,1,0,0,1,1,0,False,False
14.9098,-1584,-487,0,41,1,0,29,1,0,0,1,1,0,False,False
14.94337,-1584,-487,0,41,1,0,29,1,0,0,1,1,0,False,False
14.97671,-1584,-487,0,41,1,0,29,1,0,0,1,1,0,False,False
15.01062,-1584,-487,0,41,1,0,29,1,0,0,1,1,0,False,False
15.04395,-1584,-487,0,41,1,0,29,1,0,0,1,1,0,False,False
15.07728,-1584,-487,0,41,1,0,29,1,0,0,1,1,0,False,False
15.11062,-1584,-487,0,41,1,0,29,1,0,0,1,1,0,False,False
15.14395,-1584,-487,0,41,1,0,29,1,0,0,1,1,0,False,False
15.17728,-1584,-487,0,41,1,0,29,1,0,0,1,1,0,False,False
15.21062,-1584,-487,0,41,1,0,29,1,0,0,1,1,0,False,False
15.24414,-1584,-487,0,41,1,0,29,1,0,0,1,1,0,False,False
15.27747,-1584,-487,0,41,1,0,29,1,0,0,1,1,0,False,False
15.3108,-1584,-487,0,41,1,0,29,1,0,0,1,1,0,False,False
15.34423,-1584,-487,0,41,1,0,29,1,0,0,1,1,0,False,False
15.37763,-1584,-487,0,41,1,0,29,1,0,0,1,1,0,False,False
15.41096,-1584,-487,0,41,1,0,29,1,0,0,1,1,0,False,False
15.44429,-1584,-487,0,41,1,0,29,1,0,0,1,1,0,False,False
15.47763,-1584,-487,0,41,1,0,29,1,0,0,1,1,0,False,False
15.51131,-1584,-487,0,41,1,0,29,1,0,0,1,1,0,False,False
15.54464,-1584,-487,0,41,1,0,29,1,0,0,1,1,0,False,False
15.57798,-1584,-487,0,41,1,0,29,1,0,0,1,1,0,False,False
15.61131,-1584,-487,0,41,1,0,29,1,0,0,1,1,0,False,False
15.64464,-1584,-487,0,41,1,0,29,1,0,0,1,1,0,False,False
15.67834,-1584,-487,0,41,1,0,29,1,0,0,1,1,0,False,False
15.71168,-1584,-487,0,41,1,0,29,1,0,0,1,1,0,False,False
15.74501,-1584,-487,0,41,1,0,29,1,0,0,1,1,0,False,False
15.77836,-1584,-487,0,41,1,0,29,1,0,0,1,1,0,False,False
15.8117,-1584,-487,0,41,1,0,29,1,0,0,1,1,0,False,False
15.84503,-1584,-487,0,41,1,0,29,1,0,0,1,1,0,False,False
15.87843,-1584,-487,0,41,1,0,29,1,0,0,1,1,0,False,False
15.91176,-1584,-487,0,41,1,0,29,1,0,0,1,1,0,False,False
15.94522,-1584,-487,0,41,1,0,29,1,0,0,1,1,0,False,False
15.97858,-1584,-487,0,41,1,0,29,1,0,0,1,1,0,False,False
16.01191,-1584,-487,0,41,1,0,29,1,0,0,1,1,0,False,False
16.04525,-1584,-487,0,41,1,0,29,1,0,0,1,1,0,False,False
16.07858,-1584,-487,0,41,1,0,29,1,0,0,1,1,0,False,False
16.11191,-1584,-487,0,41,1,0,29,1,0,0,1,1,0,False,False
16.14542,-1584,-487,0,41,1,0,29,1,0,0,1,1,0,False,False
16.17875,-1584,-487,0,41,1,0,29,1,0,0,1,1,0,False,False
16.21208,-1584,-487,0,41,1,0,29,1,0,0,1,1,0,False,False
16.24542,-1584,-487,0,41,1,0,29,1,0,0,1,1,0,False,False
16.27986,-1584,-487,0,41,1,0,29,1,0,0,1,1,0,False,False
16.3132,-1584,-487,0,41,1,0,29,1,0,0,1,1,0,False,False
16.34653,-1584,-487,0,41,1,0,29,1,0,0,1,1,0,False,False
16.37986,-1584,-487,0,41,1,0,29,1,0,0,1,1,0,False,False
16.4132,-1584,-487,0,41,1,0,29,1,0,0,1,1,0,False,False
16.44653,-1584,-487,0,41,1,0,29,1,0,0,1,1,0,False,False
16.47986,-1584,-487,0,41,1,0,29,1,0,0,1,1,0,False,False
16.51323,-1584,-487,0,41,1,0,29,1,0,0,1,1,0,False,False
16.54658,-1584,-487,0,41,1,0,29,1,0,0,1,1,0,False,False
16.57991,-1584,-487,0,41,1,0,29,1,0,0,1,1,0,False,False
16.61325,-1584,-487,0,41,1,0,29,1,0,0,1,1,0,False,False
16.64682,-1584,-487,0,41,1,0,29,1,0,0,1,1,0,False,False
16.68028,-1584,-487,0,41,1,0,29,1,0,0,1,1,0,False,False
16.71361,-1584,-487,0,41,1,0,29,1,0,0,1,1,0,False,False
16.7472,-1584,-487,0,41,1,0,29,1,0,0,1,1,0,False,False
16.78079,-1584,-487,0,41,1,0,29,1,0,0,1,1,0,False,False
16.81412,-1584,-487,0,41,1,0,29,1,0,0,1,1,0,False,False
16.84746,-1584,-487,0,41,1,0,29,1,0,0,1,1,0,False,False
16.88079,-1584,-487,0,41,1,0,29,1,0,0,1,1,0,False,False
16.91413,-1584,-487,0,41,1,0,29,1,0,0,1,1,0,False,False
16.94839,-1584,-487,0,41,1,0,29,1,0,0,1,1,0,False,False
16.98174,-1584,-487,0,41,1,0,29,1,0,0,1,1,0,False,False
17.01507,-1584,-487,0,41,1,0,29,1,0,0,1,1,0,False,False
17.0484,-1584,-487,0,41,1,0,29,1,0,0,1,1,0,False,False
17.08174,-1584,-487,0,41,1,0,29,1,0,0,1,1,0,False,False
17.11538,-1584,-487,0,41,1,0,29,1,0,0,1,1,0,False,False
17.14902,-1584,-487,0,41,1,0,29,1,0,0,1,1,0,False,False
17.18236,-1584,-487,0,41,1,0,29,1,0,0,1,1,0,False,False
17.21571,-1584,-487,0,41,1,0,29,1,0,0,1,1,0,False,False
17.24904,-1584,-487,0,41,1,0,29,1,0,0,1,1,0,False,False
17.28237,-1584,-487,0,41,1,0,29,1,0,0,1,1,0,False,False
17.3157,-1584,-487,0,41,1,0,29,1,0,0,1,1,0,False,False
17.34904,-1584,-487,0,41,1,0,29,1,0,0,1,1,0,False,False
17.38237,-1584,-487,0,41,1,0,29,1,0,0,1,1,0,False,False
17.4157,-1584,-487,0,41,1,0,29,1,0,0,1,1,0,False,False
17.44938,-1584,-487,0,41,1,0,29,1,0,0,1,1,0,False,False
17.48272,-1584,-487,0,41,1,0,29,1,0,0,1,1,0,False,False
17.51605,-1584,-487,0,41,1,0,29,1,0,0,1,1,0,False,False
17.54938,-1584,-487,0,41,1,0,29,1,0,0,1,1,0,False,False
17.58291,-1584,-487,0,41,1,0,29,1,0,0,1,1,0,False,False
17.61624,-1584,-487,0,41,1,0,29,1,0,0,1,1,0,False,False
17.64957,-1584,-487,0,41,1,0,29,1,0,0,1,1,0,False,False
17.68296,-1584,-487,0,41,1,0,29,1,0,0,1,1,0,False,False
17.7163,-1584,-487,0,41,1,0,29,1,0,0,1,1,0,False,False
17.74988,-1584,-487,0,41,1,0,29,1,0,0,1,1,0,False,False
17.78321,-1584,-487,0,41,1,0,29,1,0,0,1,1,0,False,False
17.817,-1584,-487,0,41,1,0,29,1,0,0,1,1,0,False,False
17.85037,-1584,-487,0,41,1,0,29,1,0,0,1,1,0,False,False
17.8837,-1584,-487,0,41,1,0,29,1,0,0,1,1,0,False,False
17.91703,-1584,-487,0,41,1,0,29,1,0,0,1,1,0,False,False
17.95037,-1584,-487,0,41,1,0,29,1,0,0,1,1,0,False,False
17.9837,-1584,-487,0,41,1,0,29,1,0,0,1,1,0,False,False
18.01731,-1584,-487,0,41,1,0,29,1,0,0,1,1,0,False,False
18.05064,-1584,-487,0,41,1,0,29,1,0,0,1,1,0,False,False
18.08397,-1584,-487,0,41,1,0,29,1,0,0,1,1,0,False,False
18.11731,-1584,-487,0,41,1,0,29,1,0,0,1,1,0,False,False
18.15064,-1584,-487,0,41,1,0,29,1,0,0,1,1,0,False,False
18.18415,-1584,-487,0,41,1,0,29,1,0,0,1,1,0,False,False
18.21848,-1584,-487,0,41,1,0,29,1,0,0,1,1,0,False,False
18.25182,-1584,-487,0,41,1,0,29,1,0,0,1,1,0,False,False
18.28515,-1584,-487,0,41,1,0,29,1,0,0,1,1,0,False,False
18.31848,-1584,-487,0,41,1,0,29,1,0,0,1,1,0,False,False
18.35193,-1584,-487,0,41,1,0,29,1,0,0,1,1,0,False,False
18.38526,-1584,-487,0,41,1,0,29,1,0,0,1,1,0,False,False
18.41859,-1584,-487,0,41,1,0,29,1,0,0,1,1,0,False,False
18.45193,-1584,-487,0,41,1,0,29,1,0,0,1,1,0,False,False
18.48526,-1584,-487,0,41,1,0,29,1,0,0,1,1,0,False,False
18.5186,-1584,-487,0,41,1,0,29,1,0,0,1,1,0,False,False
18.55193,-1584,-487,0,41,1,0,29,1,0,0,1,1,0,False,False
18.58526,-1584,-487,0,41,1,0,29,1,0,0,1,1,0,False,False
18.6186,-1584,-487,0,41,1,0,29,1,0,0,1,1,0,False,False
18.65193,-1584,-487,0,41,1,0,29,1,0,0,1,1,0,False,False
18.68526,-1584,-487,0,41,1,0,29,1,0,0,1,1,0,False,False
18.7186,-1584,-487,0,41,1,0,29,1,0,0,1,1,0,False,False
18.75193,-1584,-487,0,41,1,0,29,1,0,0,1,1,0,False,False
18.78526,-1584,-487,0,41,1,0,29,1,0,0,1,1,0,False,False
18.8186,-1584,-487,0,41,1,0,29,1,0,0,1,1,0,False,False
18.85193,-1584,-487,0,41,1,0,29,1,0,0,1,1,0,False,False
18.88617,-1584,-487,0,41,1,0,29,1,0,0,1,1,0,False,False
18.9195,-1584,-487,0,41,1,0,29,1,0,0,1,1,0,False,False
18.95283,-1584,-487,0,41,1,0,29,1,0,0,1,1,0,False,False
18.98647,-1584,-487,0,41,1,0,29,1,0,0,1,1,0,False,False
19.01981,-1584,-487,0,41,1,0,29,1,0,0,1,1,0,False,False
19.05314,-1584,-487,0,41,1,0,29,1,0,0,1,1,0,False,False
19.08647,-1584,-487,0,41,1,0,29,1,0,0,1,1,0,False,False
19.11981,-1584,-487,0,41,1,0,29,1,0,0,1,1,0,False,False
19.15314,-1584,-487,0,41,1,0,29,1,0,0,1,1,0,False,False
19.18718,-1584,-487,0,41,1,0,29,1,0,0,1,1,0,False,False
19.22051,-1584,-487,0,41,1,0,29,1,0,0,1,1,0,False,False
19.2546,-1584,-487,0,41,1,0,29,1,0,0,1,1,0,False,False
19.28826,-1584,-487,0,41,1,0,29,1,0,0,1,1,0,False,False
19.32159,-1584,-487,0,41,1,0,29,1,0,0,1,1,0,False,False
19.35497,-1584,-487,0,41,1,0,29,1,0,0,1,1,0,False,False
19.3887,-1584,-487,0,41,1,0,29,1,0,0,1,1,0,False,False
19.42203,-1584,-487,0,41,1,0,29,1,0,0,1,1,0,False,False
19.45544,-1584,-487,0,41,1,0,29,1,0,0,1,1,0,False,False
19.48878,-1584,-487,0,41,1,0,29,1,0,0,1,1,0,False,False
19.52211,-1584,-487,0,41,1,0,29,1,0,0,1,1,0,False,False
19.55559,-1584,-487,0,41,1,0,29,1,0,0,1,1,0,False,False
19.58892,-1584,-487,0,41,1,0,29,1,0,0,1,1,0,False,False
19.62226,-1584,-487,0,41,1,0,29,1,0,0,1,1,0,False,False
19.65559,-1584,-487,0,41,1,0,29,1,0,0,1,1,0,False,False
19.68892,-1584,-487,0,41,1,0,29,1,0,0,1,1,0,False,False
19.72226,-1584,-487,0,41,1,0,29,1,0,0,1,1,0,False,False
19.75559,-1584,-487,0,41,1,0,29,1,0,0,1,1,0,False,False
19.78892,-1584,-487,0,41,1,0,29,1,0,0,1,1,0,False,False
19.8228,-1584,-487,0,41,1,0,29,1,0,0,1,1,0,False,False
19.85639,-1584,-487,0,41,1,0,29,1,0,0,1,1,0,False,False
19.88972,-1584,-487,0,41,1,0,29,1,0,0,1,1,0,False,False
19.92305,-1584,-487,0,41,1,0,29,1,0,0,1,1,0,False,False
19.95639,-1584,-487,0,41,1,0,29,1,0,0,1,1,0,False,False
19.98972,-1584,-487,0,41,1,0,29,1,0,0,1,1,0,False,False
20.02349,-1584,-487,0,41,1,0,29,1,0,0,1,1,0,False,False
20.0573,-1584,-487,0,41,1,0,29,1,0,0,1,1,0,False,False
20.09064,-1584,-487,0,41,1,0,29,1,0,0,1,1,0,False,False
20.12409,-1584,-487,0,41,1,0,29,1,0,0,1,1,0,False,False
20.15742,-1584,-487,0,41,1,0,29,1,0,0,1,1,0,False,False
20.19076,-1584,-487,0,41,1,0,29,1,0,0,1,1,0,False,False
20.22425,-1584,-487,0,41,1,0,29,1,0,0,1,1,0,False,False
20.25758,-1584,-487,0,41,1,0,29,1,0,0,1,1,0,False,False
20.29122,-1584,-487,0,41,1,0,29,1,0,0,1,1,0,False,False
20.3246,-1584,-487,0,41,1,0,29,1,0,0,1,1,0,False,False
20.35793,-1584,-487,0,41,1,0,29,1,0,0,1,1,0,False,False
20.39126,-1584,-487,0,41,1,0,29,1,0,0,1,1,0,False,False
20.4246,-1584,-487,0,41,1,0,29,1,0,0,1,1,0,False,False
20.45793,-1584,-487,0,41,1,0,29,1,0,0,1,1,0,False,False
20.49127,-1584,-487,0,41,1,0,29,1,0,0,1,1,0,False,False
20.5246,-1584,-487,0,41,1,0,29,1,0,0,1,1,0,False,False
20.55794,-1584,-487,0,41,1,0,29,1,0,0,1,1,0,False,False
20.59127,-1584,-487,0,41,1,0,29,1,0,0,1,1,0,False,False
20.62461,-1584,-487,0,41,1,0,29,1,0,0,1,1,0,False,False
20.65794,-1584,-487,0,41,1,0,29,1,0,0,1,1,0,False,False
20.69128,-1584,-487,0,41,1,0,29,1,0,0,1,1,0,False,False
20.72462,-1584,-487,0,41,1,0,29,1,0,0,1,1,0,False,False
20.75795,-1584,-487,0,41,1,0,29,1,0,0,1,1,0,False,False
20.79128,-1584,-487,0,41,1,0,29,1,0,0,1,1,0,False,False
20.82468,-1584,-487,0,41,1,0,29,1,0,0,1,1,0,False,False
20.85828,-1584,-487,0,41,1,0,29,1,0,0,1,1,0,False,False
20.89161,-1584,-487,0,41,1,0,29,1,0,0,1,1,0,False,False
20.92494,-1584,-487,0,41,1,0,29,1,0,0,1,1,0,False,False
20.95827,-1584,-487,0,41,1,0,29,1,0,0,1,1,0,False,False
20.99259,-1584,-487,0,41,1,0,29,1,0,0,1,1,0,False,False
21.02591,-1584,-487,0,41,1,0,29,1,0,0,1,1,0,False,False
21.05924,-1584,-487,0,41,1,0,29,1,0,0,1,1,0,False,False
21.09257,-1584,-487,0,41,1,0,29,1,0,0,1,1,0,False,False
21.12657,-1584,-487,0,41,1,0,29,1,0,0,1,1,0,False,False
21.1599,-1584,-487,0,41,1,0,29,1,0,0,1,1,0,False,False
21.19324,-1584,-487,0,41,1,0,29,1,0,0,1,1,0,False,False
21.22659,-1584,-487,0,41,1,0,29,1,0,0,1,1,0,False,False
21.25994,-1584,-487,0,41,1,0,29,1,0,0,1,1,0,False,False
21.29327,-1584,-487,0,41,1,0,29,1,0,0,1,1,0,False,False
21.32688,-1584,-487,0,41,1,0,29,1,0,0,1,1,0,False,False
21.36021,-1584,-487,0,41,1,0,29,1,0,0,1,1,0,False,False
21.39355,-1584,-487,0,41,1,0,29,1,0,0,1,1,0,False,False
21.42688,-1584,-487,0,41,1,0,29,1,0,0,1,1,0,False,False
21.46021,-1584,-487,0,41,1,0,29,1,0,0,1,1,0,False,False
21.49355,-1584,-487,0,41,1,0,29,1,0,0,1,1,0,False,False
21.52747,-1584,-487,0,41,1,0,29,1,0,0,1,1,0,False,False
21.5608,-1584,-487,0,41,1,0,29,1,0,0,1,1,0,False,False
21.59414,-1584,-487,0,41,1,0,29,1,0,0,1,1,0,False,False
21.62747,-1584,-487,0,41,1,0,29,1,0,0,1,1,0,False,False
21.66108,-1584,-487,0,41,1,0,29,1,0,0,1,1,0,False,False
21.6946,-1584,-487,0,41,1,0,29,1,0,0,1,1,0,False,False
21.72793,-1584,-487,0,41,1,0,29,1,0,0,1,1,0,False,False
21.76126,-1584,-487,0,41,1,0,29,1,0,0,1,1,0,False,False
21.79479,-1584,-487,0,41,1,0,29,1,0,0,1,1,0,False,False
21.82812,-1584,-487,0,41,1,0,29,1,0,0,1,1,0,False,False
21.86146,-1584,-487,0,41,1,0,29,1,0,0,1,1,0,False,False
21.89479,-1584,-487,0,41,1,0,29,1,0,0,1,1,0,False,False
21.92812,-1584,-487,0,41,1,0,29,1,0,0,1,1,0,False,False
21.96145,-1584,-487,0,41,1,1,29,1,0,0,1,1,0,False,False
21.99587,-1584,-487,0,41,1,1,29,1,0,0,1,1,0,False,False
22.02923,-1584,-487,0,41,1,1,29,1,0,0,1,1,0,False,False
22.06305,-1584,-487,0,41,1,1,29,1,0,0,1,1,0,False,False
22.09638,-1584,-487,0,41,1,1,29,1,0,0,1,1,0,False,False
22.12971,-1584,-487,0,41,1,1,29,1,0,0,1,1,0,False,False
22.16305,-1584,-487,0,41,1,1,29,1,0,0,1,1,0,False,False
22.19638,-1584,-487,0,41,1,1,29,1,0,0,1,1,0,False,False
22.22971,-1584,-487,0,41,1,1,29,1,0,0,1,1,0,False,False
22.26305,-1584,-487,0,41,1,1,29,1,0,0,1,1,0,False,False
22.29638,-1584,-487,0,41,1,1,29,1,0,0,1,1,0,False,False
22.32971,-1584,-487,0,41,1,1,29,1,0,0,1,1,0,False,False
22.36305,-1584,-487,0,41,1,1,29,1,0,0,1,1,0,False,False
22.39688,-1584,-487,0,41,1,1,29,1,0,0,1,1,0,False,False
22.43024,-1584,-487,0,41,1,1,29,1,0,0,1,1,0,False,False
22.46358,-1584,-487,0,41,1,1,29,1,0,0,1,1,0,False,False
22.49702,-1584,-487,0,41,1,1,29,1,0,0,1,1,0,False,False
22.53035,-1584,-487,0,41,1,1,29,1,0,0,1,1,0,False,False
22.56368,-1584,-487,0,41,1,1,29,1,0,0,1,1,0,False,False
22.59719,-1584,-487,0,41,1,1,29,1,0,0,1,1,0,False,False
22.63052,-1584,-487,0,41,1,1,29,1,0,0,1,1,0,False,False
22.66385,-1584,-487,0,41,1,1,29,1,0,0,1,1,0,False,False
22.69762,-1584,-487,0,41,1,1,29,1,0,0,1,1,0,False,False
22.73096,-1584,-487,0,41,1,1,29,1,0,0,1,1,0,False,False
22.76429,-1584,-487,0,41,1,1,29,1,0,0,1,1,0,False,False
22.79763,-1584,-487,0,41,1,1,29,1,0,0,1,1,0,False,False
22.83122,-1584,-487,0,41,1,1,29,1,0,0,1,1,0,False,False
22.86456,-1584,-487,0,41,1,1,29,1,0,0,1,1,0,False,False
22.89789,-1584,-487,0,41,1,1,29,1,0,0,1,1,0,False,False
22.93122,-1584,-487,0,41,1,1,29,1,0,0,1,1,0,False,False
22.965,-1584,-487,0,41,1,1,29,1,0,0,1,1,0,False,False
22.99834,-1584,-487,0,41,1,1,29,1,0,0,1,1,0,False,False
23.03194,-1584,-487,0,41,1,1,29,1,0,0,1,1,0,False,False
23.06527,-1584,-487,0,41,1,1,29,1,0,0,1,1,0,False,False
23.09872,-1584,-487,0,41,1,1,29,1,0,0,1,1,0,False,False
23.13205,-1584,-487,0,41,1,1,29,1,0,0,1,1,0,False,False
23.16562,-1584,-487,0,41,1,1,29,1,0,0,1,1,0,False,False
23.19896,-1584,-487,0,41,1,1,29,1,0,0,1,1,0,False,False
23.23229,-1584,-487,0,41,1,1,29,1,0,0,1,1,0,False,False
23.26567,-1584,-487,0,41,1,1,29,1,0,0,1,1,0,False,False
23.29929,-1584,-487,0,41,1,1,29,1,0,0,1,1,0,False,False
23.33262,-1584,-487,0,41,1,1,29,1,0,0,1,1,0,False,False
23.36595,-1584,-487,0,41,1,1,29,1,0,0,1,1,0,False,False
23.39929,-1584,-487,0,41,1,1,29,1,0,0,1,1,0,False,False
23.4327,-1584,-487,0,41,1,1,29,1,0,0,1,1,0,False,False
23.46603,-1584,-487,0,41,1,1,29,1,0,0,1,1,0,False,False
23.49936,-1584,-487,0,41,1,1,29,1,0,0,1,1,0,False,False
23.5327,-1584,-487,0,41,1,1,29,1,0,0,1,1,0,False,False
23.56641,-1584,-487,0,41,1,1,29,1,0,0,1,1,0,False,False
23.59974,-1584,-487,0,41,1,1,29,1,0,0,1,1,0,False,False
23.63335,-1584,-487,0,41,1,1,29,1,0,0,1,1,0,False,False
23.66674,-1584,-487,0,41,1,1,29,1,0,0,1,1,0,False,False
23.70007,-1584,-487,0,41,1,1,29,1,0,0,1,1,0,False,False
23.7334,-1584,-487,0,41,1,1,29,1,0,0,1,1,0,False,False
23.76674,-1584,-487,0,41,1,1,29,1,0,0,1,1,0,False,False
23.80007,-1584,-487,0,41,1,1,29,1,0,0,1,1,0,False,False
23.8334,-1584,-487,0,41,1,1,29,1,0,0,1,1,0,False,False
23.86699,-1584,-487,0,41,1,1,29,1,0,0,1,1,0,False,False
23.90032,-1584,-487,0,41,1,1,29,1,0,0,1,1,0,False,False
23.93365,-1584,-487,0,41,1,1,29,1,0,0,1,1,0,False,False
23.96699,-1584,-487,0,41,1,1,29,1,0,0,1,1,0,False,False
24.00032,-1584,-487,0,41,1,1,29,1,0,0,1,1,0,False,False
24.03366,-1584,-487,0,41,1,1,29,1,0,0,1,1,0,False,False
24.06699,-1584,-487,0,41,1,1,29,1,0,0,1,1,0,False,False
24.10054,-1584,-487,0,41,1,1,29,1,0,0,1,1,0,False,False
24.13387,-1584,-487,0,41,1,1,29,1,0,0,1,1,0,False,False
24.16758,-1584,-487,0,41,1,1,29,1,0,0,1,1,0,False,False
24.20091,-1584,-487,0,41,1,1,29,1,0,0,1,1,0,False,False
24.23425,-1584,-487,0,41,1,1,29,1,0,0,1,1,0,False,False
24.26758,-1584,-487,0,41,1,1,29,1,0,0,1,1,0,False,False
24.30123,-1584,-487,0,41,1,1,29,1,0,0,1,1,0,False,False
24.33456,-1584,-487,0,41,1,1,29,1,0,0,1,1,0,False,False
24.3679,-1584,-487,0,41,1,1,29,1,100,0,1,2,0,False,False
24.40127,-1584,-487,0,41,1,1,29,1,100,0,1,2,0,False,False
24.43502,-1584,-487,0,41,1,1,29,1,100,0,1,2,0,False,False
24.46836,-1584,-487,0,41,1,1,29,1,100,0,1,2,0,False,False
24.50169,-1584,-487,0,41,1,1,29,1,100,0,1,2,0,False,False
24.53503,-1584,-487,0,41,1,1,29,1,100,0,1,2,0,False,False
24.56836,-1584,-487,0,41,1,1,29,1,100,0,1,2,0,False,False
24.60227,-1584,-487,0,41,1,1,29,1,100,0,1,2,0,False,False
24.636,-1584,-487,0,41,1,1,29,1,100,0,1,2,0,False,False
24.66933,-1584,-487,0,41,1,1,29,1,100,0,1,2,0,False,False
24.70269,-1584,-487,0,41,1,1,29,1,100,0,1,2,0,False,False
24.73602,-1584,-487,0,41,1,1,29,1,100,0,1,2,0,False,False
24.76935,-1584,-487,0,41,1,1,29,1,100,0,1,2,0,False,False
24.80269,-1584,-487,0,41,1,1,29,1,100,0,1,2,0,False,False
24.83602,-1584,-487,0,41,1,1,29,1,100,0,1,2,0,False,False
24.86948,-1584,-487,0,41,1,1,29,1,100,0,1,2,0,False,False
24.90281,-1584,-487,0,41,1,1,29,1,100,0,1,2,0,False,False
24.9363,-1584,-487,0,41,1,1,29,1,100,0,1,2,0,False,False
24.96964,-1584,-487,0,41,1,1,29,1,100,0,1,2,0,False,False
25.00357,-1584,-487,0,41,1,1,29,1,100,0,1,2,0,False,False
25.0373,-1584,-487,0,41,1,1,29,1,100,0,1,2,0,False,False
25.07063,-1584,-487,0,41,1,1,29,1,100,0,1,2,0,False,False
25.10397,-1584,-487,0,41,1,1,29,1,100,0,1,2,0,False,False
25.13766,-1584,-487,0,41,1,1,29,1,100,0,1,2,0,False,False
25.171,-1584,-487,0,41,1,1,29,1,100,0,1,2,0,False,False
25.20445,-1584,-487,0,41,1,1,29,1,100,0,1,2,0,False,False
25.23779,-1584,-487,0,41,1,1,29,1,100,0,1,2,0,False,False
25.27112,-1584,-487,0,41,1,1,29,1,100,0,1,2,0,False,False
25.30492,-1584,-487,0,41,1,1,29,1,100,0,1,2,0,False,False
25.33858,-1584,-487,0,41,1,1,29,1,100,0,1,2,0,False,False
25.37192,-1584,-487,0,41,1,1,29,1,100,0,1,2,0,False,False
25.40525,-1584,-487,0,41,1,1,29,1,100,0,1,2,0,False,False
25.43882,-1584,-487,0,41,1,1,29,1,100,0,1,2,0,False,False
25.47218,-1584,-487,0,41,1,1,29,1,100,0,1,2,0,False,False
25.50551,-1584,-487,0,41,1,1,29,1,100,0,1,2,0,False,False
25.53885,-1584,-487,0,41,1,1,29,1,100,0,1,2,0,False,False
25.57218,-1584,-487,0,41,1,1,29,1,100,0,1,2,0,False,False
25.60551,-1584,-487,0,41,1,1,29,1,100,0,1,2,0,False,False
25.63954,-1584,-487,0,41,1,1,29,1,100,0,1,2,0,False,False
25.67287,-1584,-487,0,41,1,1,29,1,100,0,1,2,0,False,False
25.7062,-1584,-487,0,41,1,1,29,1,100,0,1,2,0,False,False
25.73954,-1584,-487,0,41,1,1,29,1,100,0,1,2,0,False,False
25.77287,-1584,-487,0,41,1,1,29,1,100,0,1,2,0,False,False
25.8062,-1584,-487,0,41,1,1,29,1,100,0,1,2,0,False,False
25.83954,-1584,-487,0,41,1,1,29,1,100,0,1,2,0,False,False
25.87337,-1584,-487,0,41,1,1,29,1,100,0,1,2,0,False,False
25.90671,-1584,-487,0,41,1,1,29,1,100,0,1,2,0,False,False
25.94004,-1584,-487,0,41,1,1,29,1,100,0,1,2,0,False,False
25.9736,-1584,-487,0,41,1,1,29,1,100,0,1,2,0,False,False
26.00693,-1584,-487,0,41,1,1,29,1,100,0,1,2,0,False,False
26.04058,-1584,-487,0,41,1,1,29,1,100,0,1,2,0,False,False
26.0741,-1584,-487,0,41,1,1,29,1,100,0,1,2,0,False,False
26.10744,-1584,-487,0,41,1,1,29,1,100,0,1,2,0,False,False
26.14077,-1584,-487,0,41,1,1,29,1,100,0,1,2,0,False,False
26.17418,-1584,-487,0,41,1,1,29,1,100,0,1,2,0,False,False
26.20771,-1584,-487,0,41,1,1,29,1,100,0,1,2,0,False,False
26.24104,-1521,-498,0,41,1,1,29,1,100,0,1,2,0,False,False
26.27451,-1164,-549,0,41,1,1,29,1,100,0,1,2,0,False,False
26.30785,-887,-590,0,41,1,1,29,1,100,0,1,2,0,False,False
26.34119,-814,-575,0,41,1,1,29,1,100,0,1,2,0,False,False
26.37452,-749,-550,0,41,1,1,29,1,100,0,1,2,0,False,False
26.40852,-724,-545,0,41,1,1,29,1,100,0,1,2,0,False,False
26.44186,-724,-543,0,41,1,1,29,1,100,0,1,2,0,False,False
26.47519,-716,-496,0,41,1,1,29,1,100,0,1,2,0,False,False
26.50925,-715,-469,0,41,1,1,29,1,100,0,1,2,0,False,False
26.54258,-715,-438,0,41,1,1,29,1,100,0,1,2,0,False,False
26.57591,-721,-427,0,41,1,1,29,1,100,0,1,2,0,False,False
26.60991,-719,-425,0,41,1,1,29,1,100,0,1,2,0,False,False
26.64358,-715,-416,0,41,1,1,29,1,100,0,1,2,0,False,False
26.67691,-700,-391,0,41,1,1,29,1,100,0,1,2,0,False,False
26.71025,-681,-376,0,41,1,1,29,1,100,0,1,2,0,False,False
26.74379,-659,-350,0,41,1,1,29,1,100,0,1,2,0,False,False
26.77765,-648,-315,0,41,1,1,29,1,100,0,1,2,0,False,False
26.81136,-647,-300,0,41,1,1,29,1,100,0,1,2,0,False,False
26.84476,-647,-300,0,41,1,1,29,1,100,0,1,2,0,False,False
26.87809,-647,-300,0,41,1,1,29,1,100,0,1,2,0,False,False
26.91142,-647,-300,0,41,1,1,29,1,100,0,1,2,0,False,False
26.94476,-647,-300,0,41,1,1,29,1,100,0,1,2,0,False,False
26.97809,-647,-300,0,41,1,1,29,1,100,0,1,2,0,False,False
27.01143,-658,-290,0,41,1,1,29,1,100,0,1,2,0,False,False
27.04476,-681,-282,0,41,1,1,29,1,100,0,1,2,0,False,False
27.07809,-706,-277,0,41,1,1,29,1,100,0,1,2,0,False,False
27.1119,-716,-277,0,41,1,1,29,1,100,0,1,2,0,False,False
27.14561,-741,-279,0,41,1,1,29,1,100,0,1,2,0,False,False
27.17894,-755,-279,0,41,1,1,29,1,100,0,1,2,0,False,False
27.21227,-776,-278,0,41,1,1,29,1,100,0,1,2,0,False,False
27.24591,-832,-267,0,41,1,1,29,1,100,0,1,2,0,False,False
27.27924,-864,-255,0,41,1,1,29,1,100,0,1,2,0,False,False
27.31257,-880,-252,0,41,1,1,29,1,100,0,1,2,0,False,False
27.34591,-880,-252,0,41,1,1,29,1,100,0,1,2,0,False,False
27.37924,-888,-252,0,41,1,1,29,1,100,0,1,2,0,False,False
27.41257,-891,-252,0,41,1,1,29,1,100,0,1,2,0,False,False
27.44591,-891,-252,0,41,1,1,29,1,100,0,1,2,0,False,False
27.47969,-891,-252,0,41,1,1,29,1,100,0,1,2,0,False,False
27.51339,-891,-252,0,41,1,1,29,1,100,0,1,2,0,False,False
27.54673,-891,-252,0,41,1,1,29,1,100,0,1,2,0,False,False
27.58051,-891,-252,0,41,1,1,29,1,100,0,1,2,0,False,False
27.61384,-891,-252,0,41,1,1,29,1,100,0,1,2,0,False,False
27.64748,-891,-252,0,41,1,1,29,1,100,0,1,2,0,False,False
27.68111,-891,-252,0,41,1,1,29,1,100,0,1,2,0,True,False
27.71465,-891,-252,0,41,1,1,29,1,100,0,1,2,0,True,False
27.74798,-891,-252,0,41,1,1,29,1,100,0,1,2,0,True,False
27.78143,-893,-252,0,41,1,1,28,1,100,0,1,2,0,False,False
27.81489,-894,-252,0,41,1,1,28,1,100,0,1,2,0,False,False
27.84853,-894,-252,0,41,1,1,28,1,100,0,1,2,0,False,False
27.88221,-894,-252,0,41,1,1,28,1,100,0,1,2,0,False,False
27.91554,-894,-252,0,41,1,1,28,1,100,0,1,2,0,False,False
27.94888,-894,-252,0,41,1,1,28,1,100,0,1,2,0,False,False
27.98221,-894,-255,0,41,1,1,28,1,100,0,1,2,0,False,False
28.01555,-886,-273,0,41,1,1,28,1,100,0,1,2,0,False,False
28.04896,-870,-312,0,41,1,1,28,1,100,0,1,2,0,False,False
28.08253,-857,-345,0,41,1,1,28,1,100,0,1,2,0,False,False
28.11609,-857,-376,0,41,1,1,28,1,100,0,1,2,0,False,False
28.14943,-860,-393,0,41,1,1,28,1,100,0,1,2,0,False,False
28.18276,-869,-415,0,41,1,1,28,1,100,0,1,2,0,False,False
28.21609,-884,-434,0,41,1,1,28,1,100,0,1,2,0,False,False
28.24943,-916,-456,0,41,1,1,28,1,100,0,1,2,0,False,False
28.28329,-963,-486,0,41,1,1,28,1,100,0,1,2,0,False,False
28.31681,-1004,-514,0,41,1,1,28,1,100,0,1,2,0,False,False
28.35014,-1026,-533,0,41,1,1,28,1,100,0,1,2,0,False,False
28.38348,-1032,-545,0,41,1,1,28,1,100,0,1,2,0,False,False
28.41696,-1033,-550,0,41,1,1,28,1,100,0,1,2,0,False,False
28.45029,-1033,-553,0,41,1,1,28,1,100,0,1,2,0,False,False
28.48363,-1033,-554,0,41,1,1,28,1,100,0,1,2,0,False,False
28.51696,-1033,-554,0,41,1,1,28,1,100,0,1,2,0,True,False
28.55069,-1033,-554,0,41,1,1,28,1,100,0,1,2,0,True,False
28.58403,-1033,-554,0,41,1,1,28,1,100,0,1,2,0,True,False
28.61785,-1033,-554,0,41,1,1,28,1,100,0,1,2,0,False,False
28.65129,-1033,-554,0,41,1,1,28,1,100,0,1,2,0,False,False
28.68462,-1033,-554,0,41,1,1,28,1,100,0,1,2,0,False,False
28.71867,-1033,-563,0,41,1,1,28,1,100,0,1,2,0,False,False
28.752,-1033,-588,0,41,1,1,28,1,100,0,1,2,0,False,False
28.78534,-1033,-608,0,41,1,1,28,1,100,0,1,2,0,False,False
28.81907,-1035,-637,0,41,1,1,28,1,100,0,1,2,0,False,False
28.85264,-1035,-655,0,41,1,1,28,1,100,0,1,2,0,False,False
28.88601,-1035,-659,0,41,1,1,28,1,100,0,1,2,0,False,False
28.9201,-1035,-659,0,41,1,1,28,1,100,0,1,2,0,False,False
28.95343,-1035,-659,0,41,1,1,28,1,100,0,1,2,0,False,False
28.9868,-1035,-659,0,41,1,1,28,1,100,0,1,2,0,False,False
29.02014,-1035,-659,0,41,1,1,28,1,100,0,1,2,0,True,False
29.05349,-1035,-659,0,41,1,1,28,1,100,0,1,2,0,True,False
29.08718,-1035,-659,0,41,1,1,28,1,100,0,1,2,0,True,False
29.1207,-1035,-659,0,41,1,1,28,1,100,0,1,2,0,True,False
29.15417,-1035,-659,0,41,1,1,28,1,100,0,1,4,0,False,False
29.18765,-1035,-659,0,41,1,1,28,1,100,0,1,4,0,False,False
29.22098,-1035,-659,0,41,1,1,28,1,100,0,1,4,0,False,False
29.25431,-1035,-659,0,41,1,1,28,1,100,0,1,4,0,False,False
29.28765,-1035,-659,0,41,1,1,28,1,100,0,1,4,0,False,False
29.32098,-1035,-659,0,41,1,1,28,1,100,0,1,4,0,False,False
29.35431,-1035,-659,0,41,1,1,28,1,100,0,1,4,0,False,False
29.38765,-1035,-659,0,41,1,1,28,1,100,0,1,4,0,False,False
29.42115,-1035,-659,0,41,1,1,28,1,100,0,1,4,0,False,False
29.45454,-1035,-659,0,41,1,1,28,1,100,0,1,4,0,False,False
29.48788,-1035,-659,0,41,1,1,28,1,100,0,1,4,0,False,False
29.52121,-1035,-659,0,41,1,1,28,1,100,0,1,4,0,False,False
29.55478,-1035,-659,0,41,1,1,28,1,100,0,1,4,0,False,False
29.58812,-1044,-659,0,41,1,1,28,1,100,0,1,4,0,False,False
29.62145,-1053,-654,0,41,1,1,28,1,100,0,1,4,0,False,False
29.65528,-1053,-654,0,41,1,1,28,1,100,0,1,4,0,False,False
29.68909,-1054,-654,0,41,1,1,28,1,100,0,1,4,0,False,False
29.72278,-1054,-654,0,41,1,1,28,1,100,0,1,4,0,False,False
29.75611,-1054,-654,0,41,1,1,28,1,100,0,1,4,0,False,False
29.78944,-1054,-654,0,41,1,1,28,1,100,0,1,4,0,False,False
29.82278,-1054,-654,0,41,1,1,28,1,100,0,1,4,0,False,False
29.85611,-1054,-654,0,41,1,1,28,1,100,0,1,4,0,False,False
29.89002,-1054,-654,0,41,1,1,28,1,100,0,1,4,0,False,False
29.92336,-1054,-654,0,41,1,1,28,1,100,0,1,4,0,False,False
29.95669,-1054,-654,0,41,1,1,28,1,100,0,1,4,0,False,False
29.9901,-1054,-654,0,41,1,1,28,1,100,0,1,4,0,False,False
30.02375,-1054,-654,0,41,1,1,28,1,100,0,1,4,0,False,False
30.05762,-1054,-654,0,41,1,1,28,1,100,0,1,4,0,False,False
30.09096,-1054,-654,0,41,1,1,28,1,100,0,1,4,0,False,False
30.12429,-1054,-654,0,41,1,1,28,1,100,0,1,4,0,False,False
30.15774,-1054,-654,0,41,1,1,28,1,100,0,1,4,0,False,False
30.19175,-1054,-654,0,41,1,1,28,1,100,0,1,4,0,False,False
30.22511,-1054,-654,0,41,1,1,28,1,100,0,1,4,0,False,False
30.25844,-1054,-654,0,41,1,1,28,1,100,0,1,4,0,False,False
30.29177,-1054,-654,0,41,1,1,28,1,100,0,1,4,0,False,False
30.32511,-1054,-654,0,41,1,1,28,1,100,0,1,4,0,False,False
30.35844,-1054,-654,0,41,1,1,28,1,100,0,1,4,0,False,False
30.39177,-1054,-654,0,41,1,1,28,1,100,0,1,4,0,False,False
30.4251,-1054,-654,0,41,1,1,28,1,100,0,1,4,0,False,False
30.45844,-1054,-654,0,41,1,1,28,1,100,0,1,4,0,False,False
30.49213,-1054,-654,0,41,1,1,28,1,100,0,1,4,0,False,False
30.52546,-1054,-654,0,41,1,1,28,1,100,0,1,4,0,False,False
30.55895,-1054,-654,0,41,1,1,28,1,100,0,1,4,0,False,False
30.59302,-1054,-654,0,41,1,1,28,1,100,0,1,4,0,False,False
30.62635,-1054,-654,0,41,1,1,28,1,100,0,1,4,0,False,False
30.65968,-1054,-654,0,41,1,1,28,1,100,0,1,4,0,False,False
30.69302,-1054,-654,0,41,1,1,28,1,100,0,1,4,0,False,False
30.72744,-1054,-654,0,41,1,1,28,1,100,0,1,4,0,False,False
30.76089,-1054,-654,0,41,1,1,28,1,100,0,1,4,0,False,False
30.79494,-1054,-654,0,41,1,1,28,1,100,0,1,4,0,False,False
30.82837,-1054,-654,0,41,1,1,28,1,100,0,1,4,0,False,False
30.86175,-1054,-654,0,41,1,1,28,1,100,0,1,4,0,False,False
30.89514,-1054,-654,0,41,1,1,28,1,100,0,1,4,0,False,False
30.92848,-1054,-654,0,41,1,1,28,1,100,0,1,4,0,False,False
30.96181,-1054,-654,0,41,1,1,28,1,100,0,1,4,0,False,False
30.99514,-1054,-654,0,41,1,1,28,1,100,0,1,4,0,False,False
31.02847,-1054,-654,0,41,1,1,28,1,100,0,1,4,0,False,False
31.06181,-1054,-654,0,41,1,1,28,1,100,0,1,4,0,False,False
31.09592,-1054,-654,0,41,1,1,28,1,100,0,1,4,0,False,False
31.12925,-1054,-654,0,41,1,1,28,1,100,0,1,4,0,False,False
31.16291,-1054,-654,0,41,1,1,28,1,100,0,1,4,0,False,False
31.1963,-1054,-654,0,41,1,1,28,1,100,0,1,4,0,False,False
31.22964,-1054,-654,0,41,1,1,28,1,100,0,1,4,0,False,False
31.26297,-1054,-654,0,41,1,1,28,1,100,0,1,4,0,False,False
31.2964,-1054,-654,0,41,1,1,28,1,100,0,1,4,0,False,False
31.32974,-1054,-654,0,41,1,1,28,1,100,0,1,4,0,False,False
31.36307,-1054,-654,0,41,1,1,28,1,100,0,1,4,0,False,False
31.39665,-1054,-654,0,41,1,1,28,1,100,0,1,4,0,False,False
31.42998,-1054,-654,0,41,1,1,28,1,100,0,1,4,0,False,False
31.46332,-1054,-654,0,41,1,1,28,1,100,0,1,4,0,False,False
31.49665,-1054,-654,0,41,1,1,28,1,100,0,1,4,0,False,False
31.52998,-1054,-654,0,41,1,1,28,1,100,0,1,4,0,False,False
31.56332,-1054,-654,0,41,1,1,28,1,100,0,1,4,0,False,False
31.59665,-1054,-654,0,41,1,1,28,1,100,0,1,4,0,False,False
31.62999,-1054,-654,0,41,1,1,28,1,100,0,1,4,0,False,False
31.66332,-1054,-654,0,41,1,1,28,1,100,0,1,4,0,False,False
31.69665,-1054,-654,0,41,1,1,28,1,100,0,1,4,0,False,False
31.73042,-1054,-654,0,41,1,1,28,1,100,0,1,4,0,False,False
31.76375,-1054,-654,0,41,1,1,28,1,100,0,1,4,0,False,False
31.79744,-1054,-654,0,41,1,1,28,1,100,0,1,4,0,False,False
31.83078,-1054,-654,0,41,1,1,28,1,100,0,1,4,0,False,False
31.86411,-1054,-654,0,41,1,1,28,1,100,0,1,4,0,False,False
31.89744,-1054,-654,0,41,1,1,28,1,100,0,1,4,0,False,False
31.93078,-1054,-654,0,41,1,1,28,1,100,0,1,4,0,False,False
31.96412,-1054,-654,0,41,1,1,28,1,100,0,1,4,0,False,False
31.99745,-1054,-654,0,41,1,1,28,1,100,0,1,4,0,False,False
32.03096,-1054,-654,0,41,1,1,28,1,100,0,1,4,0,False,False
32.06444,-1054,-654,0,41,1,1,28,1,100,0,1,4,0,False,False
32.09799,-1054,-654,0,41,1,1,28,1,100,0,1,4,0,False,False
32.13132,-1054,-654,0,41,1,1,28,1,100,0,1,4,0,False,False
32.16466,-1054,-654,0,41,1,1,28,1,100,0,1,4,0,False,False
32.19802,-1054,-654,0,41,1,1,28,1,100,0,1,4,0,False,False
32.23185,-1054,-654,0,41,1,1,28,1,100,0,1,4,0,False,False
32.26581,-1054,-654,0,41,1,1,28,1,100,0,1,4,0,False,False
32.29914,-1054,-654,0,41,1,1,28,1,100,0,1,4,0,False,False
32.33247,-1054,-654,0,41,1,1,28,1,100,0,1,4,0,False,False
32.36581,-1054,-654,0,41,1,1,28,1,100,0,1,4,0,False,False
32.39914,-1054,-654,0,41,1,1,28,1,100,0,1,4,0,False,False
32.43247,-1054,-654,0,41,1,1,28,1,100,0,1,4,0,False,False
