0.02,-1511,-375,0,0,0,0,0,0,0,0,0,0,0,1000,0,1000,1000,0,False,False
0.04,-1503,-406,0,0,0,0,0,0,0,0,0,0,0,1000,0,1000,1000,0,False,False
0.0733344,-1503,-406,0,0,0,0,0,0,0,0,0,0,0,1000,0,1000,1000,0,False,False
0.1066678,-1503,-406,0,0,0,0,0,0,0,0,0,0,0,1000,0,1000,1000,0,False,False
0.1400017,-1503,-406,0,0,0,0,0,0,0,0,0,0,0,1000,0,1000,1000,0,False,False
0.1733347,-1503,-406,0,0,0,0,0,0,0,0,0,0,0,1000,0,1000,1000,0,False,False
0.207029,-1503,-406,0,0,0,0,0,0,0,0,0,0,0,1000,0,1000,1000,0,False,False
0.2403628,-1503,-406,0,0,0,0,0,0,0,0,0,0,0,1000,0,1000,1000,0,False,False
0.2736961,-1503,-406,0,0,0,0,0,0,0,0,0,0,0,1000,0,1000,1000,0,False,False
0.3070299,-1503,-406,0,0,0,0,0,0,0,0,0,0,0,1000,0,1000,1000,0,False,False
0.3403631,-1503,-406,0,0,0,0,0,0,0,0,0,0,0,1000,0,1000,1000,0,False,False
0.373697,-1503,-406,0,0,0,0,0,0,0,0,0,0,0,1000,0,1000,1000,0,False,False
0.4070302,-1503,-406,0,0,0,0,0,0,0,0,0,0,0,1000,0,1000,1000,0,False,False
0.4403641,-1503,-406,0,0,0,0,0,0,0,0,0,0,0,1000,0,1000,1000,0,False,False
0.4736979,-1503,-406,0,0,0,0,0,0,0,0,0,0,0,1000,0,1000,1000,0,False,False
0.5070313,-1503,-406,0,0,0,0,0,0,0,0,0,0,0,1000,0,1000,1000,0,False,False
0.5403649,-1503,-406,0,0,0,0,0,0,0,0,0,0,0,1000,0,1000,1000,0,False,False
0.5736992,-1503,-406,0,0,0,0,0,0,0,0,0,0,0,1000,0,1000,1000,0,False,False
0.6070386,-1503,-406,0,0,0,0,0,0,0,0,0,0,0,1000,0,1000,1000,0,False,False
0.6403725,-1503,-406,0,0,0,0,0,0,0,0,0,0,0,1000,0,1000,1000,0,False,False
0.6740109,-1503,-406,0,0,0,0,0,0,0,0,0,0,0,1000,0,1000,1000,0,False,False
0.7073441,-1503,-406,0,0,0,0,0,0,0,0,0,0,0,1000,0,1000,1000,0,False,False
0.7406778,-1503,-406,0,0,0,0,0,0,0,0,0,0,0,1000,0,1000,1000,0,False,False
0.7740108,-1503,-406,0,0,0,0,0,0,0,0,0,0,0,1000,0,1000,1000,0,False,False
0.8073445,-1503,-406,0,0,0,0,0,0,0,0,0,0,0,1000,0,1000,1000,0,False,False
0.8406782,-1503,-406,0,0,0,0,0,0,0,0,0,0,0,1000,0,1000,1000,0,False,False
0.8740119,-1503,-406,0,0,0,0,0,0,0,0,0,0,0,1000,0,1000,1000,0,False,False
0.9073448,-1503,-406,0,0,0,0,0,0,0,0,0,0,0,1000,0,1000,1000,0,False,False
0.9406788,-1503,-406,0,0,0,0,0,0,0,0,0,0,0,1000,0,1000,1000,0,False,False
0.974013,-1503,-406,0,0,0,0,0,0,0,0,0,0,0,1000,0,1000,1000,0,False,False
1.007346,-1503,-406,0,0,0,0,0,0,0,0,0,0,0,1000,0,1000,1000,0,False,False
1.041231,-1503,-406,0,0,0,0,0,0,0,0,0,0,0,1000,0,1000,1000,0,False,False
1.074564,-1503,-406,0,0,0,0,0,0,0,0,0,0,0,1000,0,1000,1000,0,False,False
1.108027,-1503,-406,0,0,0,0,0,0,0,0,0,0,0,1000,0,1000,1000,0,False,False
1.141361,-1503,-406,0,0,0,0,0,0,0,0,0,0,0,1000,0,1000,1000,0,False,False
1.174966,-1503,-406,0,0,0,0,0,0,0,0,0,0,0,1000,0,1000,1000,0,False,False
1.2083,-1503,-406,0,0,0,0,0,0,0,0,0,0,0,1000,0,1000,1000,0,False,False
1.241758,-1503,-406,0,0,0,0,0,0,0,0,0,0,0,1000,0,1000,1000,0,False,False
1.275091,-1503,-406,0,0,0,0,0,0,0,0,0,0,0,1000,0,1000,1000,0,False,False
1.308506,-1503,-406,0,0,0,0,0,0,0,0,0,0,0,1000,0,1000,1000,0,False,False
1.341839,-1503,-406,0,0,0,0,0,0,0,0,0,0,0,1000,0,1000,1000,0,False,False
1.375173,-1503,-406,0,0,0,0,0,0,0,0,0,0,0,1000,0,1000,1000,0,False,False
1.408506,-1503,-406,0,0,0,0,0,0,0,0,0,0,0,1000,0,1000,1000,0,False,False
1.44185,-1503,-406,0,0,0,0,0,0,0,0,0,0,0,1000,0,1000,1000,0,False,False
1.475182,-1503,-406,0,0,0,0,0,0,0,0,0,0,0,1000,0,1000,1000,0,False,False
1.508515,-1503,-406,0,0,0,0,0,0,0,0,0,0,0,1000,0,1000,1000,0,False,False
1.541848,-1503,-406,0,0,0,0,0,0,0,0,0,0,0,1000,0,1000,1000,0,False,False
1.575182,-1503,-406,3,0,0,0,0,0,0,0,0,0,0,1000,0,1000,1000,0,False,False
1.608516,-1503,-406,3,0,0,0,0,0,0,0,0,0,0,1000,0,1000,1000,0,False,False
1.642448,-1503,-406,3,0,0,0,0,0,0,0,0,0,0,1000,0,1000,1000,0,False,False
1.675782,-1503,-406,3,0,0,0,0,0,0,0,0,0,0,1000,0,1000,1000,0,False,False
1.709115,-1503,-406,3,0,0,0,0,0,0,0,0,0,0,1000,0,1000,1000,0,False,False
1.742448,-1503,-406,3,0,0,0,0,0,0,0,0,0,0,1000,0,1000,1000,0,False,False
1.775782,-1503,-406,3,0,0,0,0,0,0,0,0,0,0,1000,0,1000,1000,0,False,False
1.809175,-1503,-406,3,0,0,0,0,0,0,0,0,0,0,1000,0,1000,1000,0,False,False
1.842509,-1503,-406,3,0,0,0,0,0,0,0,0,0,0,1000,0,1000,1000,0,False,False
1.876253,-1503,-406,3,0,0,0,0,0,0,0,0,0,0,1000,0,1000,1000,0,False,False
1.909691,-1503,-406,3,0,0,0,0,0,0,0,0,0,0,1000,0,1000,1000,0,False,False
1.943023,-1503,-406,3,0,0,0,0,0,0,0,0,0,0,1000,0,1000,1000,0,False,False
1.976356,-1503,-406,3,0,0,0,0,0,0,0,0,0,0,1000,0,1000,1000,0,False,False
2.010261,-1503,-406,3,0,0,0,0,0,0,0,0,0,0,1000,0,1000,1000,0,False,False
2.043594,-1503,-406,3,0,0,0,0,0,0,0,0,0,0,1000,0,1000,1000,0,False,False
2.076928,-1503,-406,3,0,0,0,0,0,0,0,0,0,0,1000,0,1000,1000,0,False,False
2.110407,-1503,-406,3,0,0,0,0,0,0,0,0,0,0,1000,0,1000,1000,0,False,False
2.143739,-1503,-406,3,0,0,0,0,0,0,0,0,0,0,1000,0,1000,1000,0,False,False
2.177073,-1503,-406,3,0,0,0,0,0,0,0,0,0,0,1000,0,1000,1000,0,False,False
2.210408,-1503,-406,3,0,0,0,0,0,0,0,0,0,0,1000,0,1000,1000,0,False,False
2.243888,-1503,-406,3,0,0,0,0,0,0,0,0,0,0,1000,0,1000,1000,0,False,False
2.277222,-1503,-406,3,0,0,0,0,0,0,0,0,0,0,1000,0,1000,1000,0,False,False
2.310555,-1503,-406,3,0,0,0,0,0,0,0,0,0,0,1000,0,1000,1000,0,False,False
2.343888,-1503,-406,3,0,0,0,0,0,0,0,0,0,0,1000,0,1000,1000,0,False,False
2.377222,-1503,-406,3,0,0,0,0,0,0,0,0,0,0,1000,0,1000,1000,0,False,False
2.410967,-1503,-406,3,0,0,0,0,0,0,0,0,0,0,1000,0,1000,1000,0,False,False
2.444461,-1503,-406,3,0,0,0,0,0,0,0,0,0,0,1000,0,1000,1000,0,False,False
2.477794,-1503,-406,3,0,0,0,0,0,0,0,0,0,0,1000,0,1000,1000,0,False,False
2.511127,-1503,-406,3,0,0,0,0,0,0,0,0,0,0,1000,0,1000,1000,0,False,False
2.544461,-1503,-406,3,0,0,0,0,0,0,0,0,0,0,1000,0,1000,1000,0,False,False
2.577795,-1503,-406,3,0,0,0,0,0,0,0,0,0,0,1000,0,1000,1000,0,False,False
2.611128,-1503,-406,3,0,0,0,0,0,0,0,0,0,0,1000,0,1000,1000,0,False,False
2.644462,-1503,-406,3,0,0,0,0,0,0,0,0,0,0,1000,0,1000,1000,0,False,False
2.677795,-1503,-406,3,0,0,0,0,0,0,0,0,0,0,1000,0,1000,1000,0,False,False
2.711743,-1503,-406,3,0,0,0,0,0,0,0,0,0,0,1000,0,1000,1000,0,False,False
2.745077,-1503,-406,3,0,0,0,0,0,0,0,0,0,0,1000,0,1000,1000,0,False,False
2.77841,-1503,-406,3,0,0,0,0,0,0,0,0,0,0,1000,0,1000,1000,0,False,False
2.811744,-1503,-406,3,0,0,0,0,0,0,0,0,0,0,1000,0,1000,1000,0,False,False
2.84562,-1503,-406,3,0,0,0,0,0,0,0,0,0,0,1000,0,1000,1000,0,False,False
2.879013,-1503,-406,3,0,0,0,0,0,0,0,0,0,0,1000,0,1000,1000,0,False,False
2.912727,-1503,-406,3,0,0,0,0,0,0,0,0,0,0,1000,0,1000,1000,0,False,False
2.946267,-1503,-406,3,0,0,0,0,0,0,0,0,0,0,1000,0,1000,1000,0,False,False
2.979609,-1503,-406,3,0,0,0,0,0,0,0,0,0,0,1000,0,1000,1000,0,False,False
3.012947,-1503,-406,3,0,0,0,0,0,0,0,0,0,0,1000,0,1000,1000,0,False,False
3.046855,-1503,-406,3,1,0,0,0,0,0,0,1,0,0,-384,-434,-388,1000,0,False,False
3.080188,-1503,-406,3,1,0,0,0,0,0,0,1,0,0,-384,-434,-388,1000,0,False,False
3.11402,-1503,-406,3,1,0,0,0,0,0,0,1,0,0,-384,-434,-388,1000,0,False,False
3.147354,-1503,-406,3,1,0,0,0,0,0,0,1,0,0,-384,-434,-388,1000,0,False,False
3.181071,-1503,-406,3,1,0,0,0,0,0,0,1,0,0,-384,-434,-388,1000,0,False,False
3.214405,-1503,-406,3,1,0,0,0,0,0,0,1,0,0,-384,-434,-388,1000,0,False,False
3.247739,-1503,-406,3,1,0,0,0,0,0,0,1,0,0,-384,-434,-388,1000,0,False,False
3.281073,-1503,-406,3,1,0,0,0,0,0,0,1,0,0,-384,-434,-388,1000,0,False,False
3.315277,-1503,-406,3,1,0,0,0,0,0,0,1,0,0,-384,-434,-388,1000,0,False,False
3.349015,-1503,-406,3,1,0,0,0,0,0,0,1,0,0,-384,-434,-388,1000,0,False,False
3.382348,-1503,-406,3,1,0,0,0,0,0,0,1,0,0,-384,-434,-388,1000,0,False,False
3.415682,-1503,-406,3,1,0,0,0,0,0,0,1,0,0,-384,-434,-388,1000,0,False,False
3.449015,-1503,-406,3,1,0,0,0,0,0,0,1,0,0,-384,-434,-388,1000,0,False,False
3.482481,-1503,-406,3,1,0,0,0,0,0,0,1,0,0,-384,-434,-388,1000,0,False,False
3.515814,-1503,-406,3,1,0,0,0,0,0,0,1,0,0,-384,-434,-388,1000,0,False,False
3.549147,-1503,-406,3,1,0,0,0,0,0,0,1,0,0,-384,-434,-388,1000,0,False,False
3.582481,-1503,-406,3,1,0,0,0,0,0,0,1,0,0,-384,-434,-388,1000,0,False,False
3.615833,-1503,-406,3,1,0,0,0,0,0,0,1,0,0,-384,-434,-388,1000,0,False,False
3.649167,-1503,-406,3,1,0,0,0,0,0,0,1,0,0,-384,-434,-388,1000,0,False,False
3.6825,-1503,-406,3,1,0,0,0,0,0,0,1,0,0,-384,-434,-388,1000,0,False,False
3.716723,-1503,-406,3,1,0,0,0,0,0,0,1,0,0,-384,-434,-388,1000,0,False,False
3.750075,-1503,-406,3,1,0,0,0,0,0,0,1,0,0,-384,-434,-388,1000,0,False,False
3.783408,-1503,-406,3,1,0,0,0,0,0,0,1,0,0,-384,-434,-388,1000,0,False,False
3.816742,-1503,-406,3,1,0,0,0,0,0,0,1,0,0,-384,-434,-388,1000,0,False,False
3.850075,-1503,-406,3,1,0,0,0,0,0,0,1,0,0,-384,-434,-388,1000,0,False,False
3.884064,-1503,-406,3,1,0,0,0,0,0,0,1,0,0,-384,-434,-388,1000,0,False,False
3.917565,-1503,-406,3,1,0,0,0,0,0,0,1,0,0,-384,-434,-388,1000,0,False,False
3.950897,-1503,-406,3,1,0,0,0,0,0,0,1,0,0,-384,-434,-388,1000,0,False,False
3.98423,-1503,-406,3,1,0,0,0,0,0,0,1,0,0,-384,-434,-388,1000,0,False,False
4.017563,-1503,-406,3,1,0,0,0,0,0,0,1,0,0,-384,-434,-388,1000,0,False,False
4.051703,-1503,-406,3,1,0,0,0,0,0,0,1,0,0,-384,-434,-388,1000,0,False,False
4.085036,-1503,-406,3,1,0,0,0,0,0,0,1,0,0,-384,-434,-388,1000,0,False,False
4.118491,-1503,-406,3,1,0,0,0,0,0,0,1,0,0,-384,-434,-388,1000,0,False,False
4.152017,-1503,-406,3,1,0,0,0,0,0,0,1,0,0,-384,-434,-388,1000,0,False,False
4.185351,-1503,-406,3,1,0,0,0,0,0,0,1,0,0,-384,-434,-388,1000,0,False,False
4.218748,-1503,-406,3,1,0,0,0,0,0,0,1,0,0,-384,-434,-388,1000,0,False,False
4.252201,-1503,-406,3,1,0,0,0,0,0,0,1,0,0,-384,-434,-388,1000,0,False,False
4.285535,-1503,-406,3,1,0,0,0,0,0,0,1,0,0,-384,-434,-388,1000,0,False,False
4.318868,-1503,-406,3,1,0,0,0,0,0,0,1,0,0,-384,-434,-388,1000,0,False,False
4.352659,-1503,-406,3,1,0,0,0,0,0,0,1,0,0,-384,-434,-388,1000,0,False,False
4.385993,-1503,-406,3,1,0,0,0,0,0,0,1,0,0,-384,-434,-388,1000,0,False,False
4.419327,-1503,-406,3,1,0,0,0,0,0,0,1,0,0,-384,-434,-388,1000,0,False,False
4.45306,-1503,-406,3,1,0,0,0,0,0,0,1,0,0,-384,-434,-388,1000,0,False,False
4.48697,-1503,-406,3,1,0,0,0,0,0,0,1,0,0,-384,-434,-388,1000,0,False,False
4.520301,-1503,-406,3,1,0,0,0,0,0,0,1,0,0,-384,-434,-388,1000,0,False,False
4.553784,-1503,-406,3,1,0,0,0,0,0,0,1,0,0,-384,-434,-388,1000,0,False,False
4.587272,-1503,-406,3,1,0,0,0,0,0,0,1,0,0,-384,-434,-388,1000,0,False,False
4.620605,-1503,-406,3,1,0,0,0,0,0,0,1,0,0,-384,-434,-388,1000,0,False,False
4.653938,-1503,-406,3,1,0,0,0,0,0,0,1,0,0,-384,-434,-388,1000,0,False,False
4.687458,-1503,-406,3,1,0,0,0,0,0,0,1,0,0,-384,-434,-388,1000,0,False,False
4.720791,-1503,-406,3,1,0,0,0,0,0,0,1,0,0,-384,-434,-388,1000,0,False,False
4.754124,-1503,-406,3,1,0,0,0,0,0,0,1,0,0,-384,-434,-388,1000,0,False,False
4.787458,-1503,-406,3,1,0,0,0,0,0,0,1,0,0,-384,-434,-388,1000,0,False,False
4.821406,-1503,-406,3,1,0,0,0,0,0,0,1,0,0,-384,-434,-388,1000,0,False,False
4.855068,-1503,-406,3,1,0,0,0,0,0,0,1,0,0,-384,-434,-388,1000,0,False,False
4.888401,-1503,-406,3,1,0,0,0,0,0,0,1,0,0,-384,-434,-388,1000,0,False,False
4.921735,-1503,-406,3,1,0,0,0,0,0,0,1,0,0,-384,-434,-388,1000,0,False,False
4.95551,-1503,-406,3,1,0,0,0,0,0,0,1,0,0,-384,-434,-388,1000,0,False,False
4.988844,-1503,-406,3,1,0,0,0,0,0,0,1,0,0,-384,-434,-388,1000,0,False,False
5.022253,-1503,-406,3,1,0,0,0,0,0,0,1,0,0,-384,-434,-388,1000,0,False,False
5.055587,-1503,-406,3,1,0,0,0,0,0,0,1,0,0,-384,-434,-388,1000,0,False,False
5.089988,-1503,-406,3,1,0,0,0,0,0,0,1,0,0,-384,-434,-388,1000,0,False,False
5.12344,-1503,-406,3,1,0,0,0,0,0,0,1,0,0,-384,-434,-388,1000,0,False,False
5.156774,-1503,-406,3,1,0,0,0,0,0,0,1,0,0,-384,-434,-388,1000,0,False,False
5.190107,-1503,-406,3,1,0,0,0,0,0,0,1,0,0,-384,-434,-388,1000,0,False,False
5.223541,-1503,-406,3,1,0,0,0,0,0,0,1,0,0,-384,-434,-388,1000,0,False,False
5.256945,-1503,-406,3,1,0,0,0,0,0,0,1,0,0,-384,-434,-388,1000,0,False,False
5.290563,-1503,-406,3,1,0,0,0,0,0,0,1,0,0,-384,-434,-388,1000,0,False,False
5.324338,-1503,-406,3,1,0,0,0,0,0,0,1,0,0,-384,-434,-388,1000,0,False,False
5.357672,-1503,-406,3,1,0,0,0,0,0,0,1,0,0,-384,-434,-388,1000,0,False,False
5.391006,-1503,-406,3,1,0,0,0,0,0,0,1,0,0,-384,-434,-388,1000,0,False,False
5.424392,-1503,-406,3,1,0,0,0,0,0,0,1,0,0,-384,-434,-388,1000,0,False,False
5.458053,-1503,-406,3,1,0,0,0,0,0,0,1,0,0,-384,-434,-388,1000,0,False,False
5.491386,-1503,-406,3,1,0,0,0,0,0,0,1,0,0,-384,-434,-388,1000,0,False,False
5.524781,-1503,-406,3,1,0,0,0,0,0,0,1,0,0,-384,-434,-388,1000,0,False,False
5.558227,-1503,-406,3,1,0,0,0,0,0,0,1,0,0,-384,-434,-388,1000,0,False,False
5.591961,-1503,-406,3,1,0,0,0,0,0,0,1,0,0,-384,-434,-388,1000,0,False,False
5.625295,-1503,-406,3,1,0,0,0,0,0,0,1,0,0,-384,-434,-388,1000,0,False,False
5.658628,-1503,-406,3,1,0,0,0,0,0,0,1,0,0,-384,-434,-388,1000,0,False,False
5.691962,-1503,-406,3,1,0,0,0,0,0,0,1,0,0,-384,-434,-388,1000,0,False,False
5.725295,-1503,-406,3,1,0,0,0,0,0,0,1,0,0,-384,-434,-388,1000,0,False,False
5.758769,-1503,-406,3,1,0,0,0,0,0,0,1,0,0,-384,-434,-388,1000,0,False,False
5.792456,-1503,-406,3,1,0,0,0,0,0,0,1,0,0,-384,-434,-388,1000,0,False,False
5.825788,-1503,-406,3,1,0,0,0,0,0,0,1,0,0,-384,-434,-388,1000,0,False,False
5.859122,-1503,-406,3,1,0,0,0,0,0,0,1,0,0,-384,-434,-388,1000,0,False,False
5.892455,-1503,-406,3,1,0,0,0,0,0,0,1,0,0,-384,-434,-388,1000,0,False,False
5.925789,-1503,-406,3,1,0,0,0,0,0,0,1,0,0,-384,-434,-388,1000,0,False,False
5.959123,-1503,-406,3,1,0,0,0,0,0,0,1,0,0,-384,-434,-388,1000,0,False,False
5.992456,-1503,-406,3,1,0,0,0,0,0,0,1,0,0,-384,-434,-388,1000,0,False,False
6.02579,-1503,-406,3,1,0,0,0,0,0,0,1,0,0,-384,-434,-388,1000,0,False,False
6.059249,-1503,-406,3,1,0,0,0,0,0,0,1,0,0,-384,-434,-388,1000,0,False,False
6.092583,-1503,-406,3,1,0,0,0,0,0,0,1,0,0,-384,-434,-388,1000,0,False,False
6.125916,-1503,-406,3,1,0,0,0,0,0,0,1,0,0,-384,-434,-388,1000,0,False,False
6.15925,-1503,-406,3,1,0,0,0,0,0,0,1,0,0,-384,-434,-388,1000,0,False,False
6.192583,-1503,-406,3,1,0,0,0,0,0,0,1,0,0,-384,-434,-388,1000,0,False,False
6.225917,-1503,-406,3,1,0,0,0,0,0,0,1,0,0,-384,-434,-388,1000,0,False,False
6.259253,-1503,-406,3,1,0,0,0,0,0,0,1,0,0,-384,-434,-388,1000,0,False,False
6.292584,-1503,-406,3,1,0,0,0,0,0,0,1,0,0,-384,-434,-388,1000,0,False,False
6.325918,-1503,-406,3,1,0,0,0,0,0,0,1,0,0,-384,-434,-388,1000,0,False,False
6.359912,-1503,-406,3,1,0,0,0,0,0,0,1,0,0,-384,-434,-388,1000,0,False,False
6.393531,-1503,-406,3,1,0,0,0,0,0,0,1,0,0,-384,-434,-388,1000,0,False,False
6.426864,-1503,-406,3,1,0,0,0,0,0,0,1,0,0,-384,-434,-388,1000,0,False,False
6.460198,-1503,-406,3,1,0,0,0,0,0,0,1,0,0,-384,-434,-388,1000,0,False,False
6.493551,-1503,-406,3,1,0,0,0,0,0,0,1,0,0,-384,-434,-388,1000,0,False,False
6.526894,-1503,-406,3,1,0,0,0,0,0,0,1,0,0,-384,-434,-388,1000,0,False,False
6.56096,-1503,-406,3,1,0,0,0,0,0,0,1,0,0,-384,-434,-388,1000,0,False,False
6.594294,-1503,-406,3,1,0,0,0,0,0,0,1,0,0,-384,-434,-388,1000,0,False,False
6.627631,-1503,-406,3,1,0,0,0,0,0,0,1,0,0,-384,-434,-388,1000,0,False,False
6.660964,-1503,-406,3,1,0,0,0,0,0,0,1,0,0,-384,-434,-388,1000,0,False,False
6.694491,-1514,-406,3,1,0,0,0,0,0,0,1,0,0,-384,-434,-388,1000,0,False,False
6.727825,-1572,-406,3,1,0,0,0,0,0,0,1,0,0,-384,-434,-388,1000,0,False,False
6.7613,-1611,-408,3,1,0,0,0,0,0,0,1,0,0,-384,-434,-388,1000,0,False,False
6.794633,-1611,-408,3,1,0,0,0,0,0,0,1,0,0,-384,-434,-388,1000,0,False,False
6.827967,-1620,-408,3,1,0,0,0,0,0,0,1,0,0,-384,-434,-388,1000,0,False,False
6.8613,-1620,-408,3,1,0,0,0,0,0,0,1,0,0,-384,-434,-388,1000,0,False,False
6.894634,-1630,-372,3,1,0,0,0,0,0,0,1,0,0,-384,-434,-388,1000,0,False,False
6.928754,-1632,-307,3,1,0,0,0,0,0,0,1,0,0,-384,-434,-388,1000,0,False,False
6.962087,-1632,-307,3,1,0,0,0,0,0,0,1,0,0,-384,-434,-388,1000,0,False,False
6.995582,-1632,-307,3,1,0,0,0,0,0,0,1,0,0,-384,-434,-388,1000,0,False,False
7.028915,-1632,-307,3,1,0,0,0,0,0,0,1,0,0,-384,-434,-388,1000,0,False,False
7.062808,-1632,-307,3,1,0,0,0,0,0,0,1,0,0,-384,-434,-388,1000,0,False,False
7.096142,-1632,-307,3,1,0,0,0,0,0,0,1,0,0,-384,-434,-388,1000,0,False,False
7.129475,-1632,-307,3,1,0,0,0,0,0,0,1,0,0,-384,-434,-388,1000,0,False,False
7.162808,-1632,-307,3,1,0,0,0,0,0,0,1,0,0,-384,-434,-388,1000,0,False,False
7.196145,-1632,-307,3,1,0,0,0,0,0,0,1,0,0,-384,-434,-388,1000,0,False,False
7.229475,-1632,-307,3,1,0,0,0,0,0,0,1,0,0,-384,-434,-388,1000,0,False,False
7.263023,-1632,-307,3,1,0,0,0,0,0,0,1,0,0,-384,-434,-388,1000,0,False,False
7.296357,-1632,-285,3,1,0,0,0,0,0,0,1,0,0,-384,-434,-388,1000,0,False,False
7.329807,-1531,-232,3,1,0,0,0,0,0,0,1,0,0,-384,-434,-388,1000,0,False,False
7.363141,-1292,-108,3,1,0,0,0,0,0,0,1,0,0,-384,-434,-388,1000,0,False,False
7.396475,-1249,-90,3,1,0,0,0,0,0,0,1,0,0,-384,-434,-388,1000,0,False,False
7.43021,-1224,-85,3,1,0,0,0,0,0,0,1,0,0,-384,-434,-388,1000,0,False,False
7.463543,-1213,-85,3,1,0,0,0,0,0,0,1,0,0,-384,-434,-388,1000,0,False,False
7.497852,-1194,-79,3,1,0,0,0,0,0,0,1,0,0,-384,-434,-388,1000,0,False,False
7.531185,-1153,-68,3,1,0,0,0,0,0,0,1,0,0,-384,-434,-388,1000,0,False,False
7.564519,-1114,-59,3,1,0,0,0,0,0,0,1,0,0,-384,-434,-388,1000,0,False,False
7.597852,-1096,-62,3,1,0,0,0,0,0,0,1,0,0,-384,-434,-388,1000,0,False,False
7.631275,-1064,-71,3,1,0,0,0,0,0,0,1,0,0,-384,-434,-388,1000,0,False,False
7.664608,-1023,-73,3,1,0,0,0,0,0,0,1,0,0,-384,-434,-388,1000,0,False,False
7.697941,-1003,-73,3,1,0,0,0,0,0,0,1,0,0,-384,-434,-388,1000,0,False,False
7.731733,-1003,-73,3,1,0,0,0,0,0,0,1,0,0,-384,-434,-388,1000,0,False,False
7.765066,-1003,-73,3,1,0,0,0,0,0,0,1,0,0,-384,-434,-388,1000,0,False,False
7.7984,-1003,-73,3,1,0,0,0,0,0,0,1,0,0,-384,-434,-388,1000,0,False,False
7.831734,-1003,-73,3,1,0,0,0,0,0,0,1,0,0,-384,-434,-388,1000,0,False,False
7.865067,-1003,-73,3,1,0,0,0,0,0,0,1,0,0,-384,-434,-388,1000,0,False,False
7.898401,-1003,-73,3,1,0,0,0,0,0,0,1,0,0,-384,-434,-388,1000,0,False,False
7.932204,-1003,-73,3,1,0,0,0,0,0,0,1,0,0,-384,-434,-388,1000,0,False,False
7.965538,-1003,-73,3,1,0,0,0,0,0,0,1,0,0,-384,-434,-388,1000,0,False,False
7.998955,-1003,-73,3,1,0,0,0,0,0,0,1,0,0,-384,-434,-388,1000,0,False,False
8.032839,-1003,-73,3,1,0,0,0,0,0,0,1,0,0,-384,-434,-388,1000,0,False,False
8.066491,-1003,-73,3,1,0,0,0,0,0,0,1,0,0,-384,-434,-388,1000,0,False,False
8.099822,-1003,-73,3,1,0,0,0,0,0,0,1,0,0,-384,-434,-388,1000,0,False,False
8.133526,-982,-73,3,1,0,0,0,0,0,0,1,0,0,-384,-434,-388,1000,0,False,False
8.166859,-951,-73,3,1,0,0,0,0,0,0,1,0,0,-384,-434,-388,1000,0,False,False
8.200192,-932,-73,3,1,0,0,0,0,0,0,1,0,0,-384,-434,-388,1000,0,False,False
8.234087,-930,-73,3,1,0,0,0,0,0,0,1,0,0,-384,-434,-388,1000,0,False,False
8.267421,-930,-73,3,1,0,0,0,0,0,0,1,0,0,-384,-434,-388,1000,0,False,False
8.301093,-930,-73,3,1,0,0,0,0,0,0,1,0,0,-384,-434,-388,1000,0,False,False
8.334427,-928,-73,3,1,0,0,0,0,0,0,1,0,0,-384,-434,-388,1000,0,False,False
8.367761,-927,-79,3,1,0,0,0,0,0,0,1,0,0,-384,-434,-388,1000,0,False,False
8.401093,-919,-96,3,1,0,0,0,0,0,0,1,0,0,-384,-434,-388,1000,0,False,False
8.434427,-905,-115,3,1,0,0,0,0,0,0,1,0,0,-384,-434,-388,1000,0,False,False
8.467761,-893,-124,3,1,0,0,0,0,0,0,1,0,0,-384,-434,-388,1000,0,False,False
8.501095,-881,-126,3,1,0,0,0,0,0,0,1,0,0,-384,-434,-388,1000,0,False,False
8.534429,-872,-126,3,1,0,0,0,0,0,0,1,0,0,-384,-434,-388,1000,0,False,False
8.568744,-845,-119,3,1,0,0,0,0,0,0,1,0,0,-384,-434,-388,1000,0,False,False
8.602077,-829,-117,3,1,0,0,0,0,0,0,1,0,0,-384,-434,-388,1000,0,False,False
8.635607,-823,-117,3,1,0,0,0,0,0,0,1,0,0,-384,-434,-388,1000,0,False,False
8.668941,-820,-117,3,1,0,0,0,0,0,0,1,0,0,-384,-434,-388,1000,0,False,False
8.702274,-818,-117,3,1,0,0,0,0,0,0,1,0,0,-384,-434,-388,1000,0,False,False
8.735748,-813,-119,3,1,0,0,0,0,0,0,1,0,0,-384,-434,-388,1000,0,False,False
8.769187,-812,-119,3,1,0,0,0,0,0,0,1,0,0,-384,-434,-388,1000,0,False,False
8.802521,-811,-120,3,1,0,0,0,0,0,0,1,0,0,-384,-434,-388,1000,0,False,False
8.835855,-807,-125,3,1,0,0,0,0,0,0,1,0,0,-384,-434,-388,1000,0,False,False
8.869188,-803,-128,3,1,0,0,0,0,0,0,1,0,0,-384,-434,-388,1000,0,False,False
8.902521,-802,-128,3,1,0,0,0,0,0,0,1,0,0,-384,-434,-388,1000,0,False,False
8.935893,-802,-128,3,1,0,0,0,0,0,0,1,0,0,-384,-434,-388,1000,0,False,False
8.969446,-802,-128,3,1,0,0,0,0,0,0,1,0,0,-384,-434,-388,1000,0,False,False
9.003082,-802,-128,3,1,0,0,0,0,0,0,1,0,0,-384,-434,-388,1000,0,False,False
9.036468,-802,-128,3,1,0,0,0,0,0,0,1,0,0,-384,-434,-388,1000,0,False,False
9.070006,-802,-128,3,1,0,0,0,0,0,0,1,0,0,-384,-434,-388,1000,0,False,False
9.10334,-802,-128,3,1,0,0,0,0,0,0,1,0,0,-384,-434,-388,1000,0,False,False
9.137189,-802,-128,3,1,0,0,0,0,0,0,1,0,0,-384,-434,-388,1000,0,False,False
9.170523,-802,-128,3,1,0,0,0,0,0,0,1,0,0,-384,-434,-388,1000,0,False,False
9.203897,-802,-128,3,1,0,0,0,0,0,0,1,0,0,-384,-434,-388,1000,0,False,False
9.237229,-802,-128,3,1,0,0,0,0,0,0,1,0,0,-384,-434,-388,1000,0,False,False
9.270564,-802,-128,3,1,0,0,0,0,0,0,1,0,0,-384,-434,-388,1000,0,False,False
9.303898,-802,-128,3,1,0,0,0,0,0,0,1,0,0,-384,-434,-388,1000,0,False,False
9.337232,-802,-128,3,1,0,0,0,0,0,0,1,0,0,-384,-434,-388,1000,0,False,False
9.370654,-802,-128,3,1,0,0,0,0,0,0,1,0,0,-384,-434,-388,1000,0,False,False
9.404031,-802,-128,3,1,0,0,0,0,0,0,1,0,0,-384,-434,-388,1000,0,False,False
9.437419,-802,-128,3,1,0,0,0,0,0,0,1,0,0,-384,-434,-388,1000,0,False,False
9.470921,-802,-128,3,1,0,0,0,0,0,0,1,0,0,-384,-434,-388,1000,0,False,False
9.504253,-802,-128,3,1,0,0,0,0,0,0,1,0,0,-384,-434,-388,1000,0,False,False
9.537587,-802,-128,3,1,0,0,0,0,0,0,1,0,0,-384,-434,-388,1000,0,False,False
9.571746,-802,-128,3,1,0,0,0,0,0,0,1,0,0,-384,-434,-388,1000,0,False,False
9.605079,-802,-128,3,1,0,0,0,0,0,0,1,0,0,-384,-434,-388,1000,0,False,False
9.638412,-802,-128,3,1,0,0,0,0,0,0,1,0,0,-384,-434,-388,1000,0,False,False
9.671746,-802,-128,3,1,0,0,0,0,0,0,1,0,0,-384,-434,-388,1000,0,False,False
9.705093,-802,-128,3,1,0,0,0,0,0,0,1,0,0,-384,-434,-388,1000,0,False,False
9.738426,-802,-128,3,1,0,0,0,0,0,0,1,0,0,-384,-434,-388,1000,0,False,False
9.771991,-802,-128,3,1,0,0,0,0,0,0,1,0,0,-384,-434,-388,1000,0,False,False
9.805363,-802,-128,3,1,0,0,0,0,0,0,1,0,0,-384,-434,-388,1000,0,False,False
9.838696,-802,-128,3,1,0,0,0,0,0,0,1,0,0,-384,-434,-388,1000,0,False,False
9.872066,-802,-128,3,1,0,0,0,0,0,0,1,0,0,-384,-434,-388,1000,0,False,False
9.905398,-802,-128,3,1,0,0,0,0,0,0,1,0,0,-384,-434,-388,1000,0,False,False
9.938732,-802,-128,3,1,0,0,0,0,0,0,1,0,0,-384,-434,-388,1000,0,False,False
9.972065,-802,-128,3,1,0,0,0,0,0,0,1,0,0,-384,-434,-388,1000,0,False,False
10.0054,-802,-128,3,1,0,0,0,0,0,0,1,0,0,-384,-434,-388,1000,0,False,False
10.03873,-802,-128,3,1,0,0,0,0,0,0,1,0,0,-384,-434,-388,1000,0,False,False
10.07207,-802,-128,3,1,0,0,0,0,0,0,1,0,0,-384,-434,-388,1000,0,False,False
10.10542,-802,-128,3,1,0,0,0,0,0,0,1,0,0,-384,-434,-388,1000,0,False,False
10.13889,-802,-128,3,1,0,0,0,0,0,0,1,0,0,-384,-434,-388,1000,0,False,False
10.17223,-802,-128,3,1,0,0,0,0,0,0,1,0,0,-384,-434,-388,1000,0,False,False
10.20556,-802,-128,3,1,0,0,0,0,0,0,1,0,0,-384,-434,-388,1000,0,False,False
10.23889,-802,-128,3,1,0,0,0,0,0,0,1,0,0,-384,-434,-388,1000,0,False,False
10.27223,-802,-128,3,1,0,0,0,0,0,0,1,0,0,-384,-434,-388,1000,0,False,False
10.30579,-802,-128,3,1,0,0,0,0,0,0,1,0,0,-384,-434,-388,1000,0,False,False
10.33987,-802,-128,3,1,0,0,0,0,0,0,1,0,0,-384,-434,-388,1000,0,False,False
10.37343,-802,-128,3,1,0,0,0,0,0,0,1,0,0,-384,-434,-388,1000,0,False,False
10.4068,-802,-128,3,1,0,0,0,0,0,0,1,0,0,-384,-434,-388,1000,0,False,False
10.44068,-802,-128,3,1,0,0,0,0,0,0,1,0,0,-384,-434,-388,1000,0,False,False
10.47402,-802,-128,3,1,0,0,0,0,0,0,1,0,0,-384,-434,-388,1000,0,False,False
10.50735,-802,-128,3,1,0,0,0,0,0,0,1,0,0,-384,-434,-388,1000,0,False,False
10.54068,-802,-128,3,1,0,0,0,0,0,0,1,0,0,-384,-434,-388,1000,0,False,False
10.57402,-802,-128,3,1,0,0,0,0,0,0,1,0,0,-384,-434,-388,1000,0,False,False
10.60755,-802,-128,3,1,0,0,0,0,0,0,1,0,0,-384,-434,-388,1000,0,True,False
10.64088,-802,-128,3,1,0,0,0,0,0,0,1,0,0,-384,-434,-388,1000,0,True,False
10.67421,-802,-128,3,1,0,0,0,0,0,0,1,0,0,-384,-434,-388,1000,0,True,False
10.70755,-802,-128,3,1,0,0,0,0,0,0,1,0,0,-384,-434,-388,1000,0,True,False
10.74088,-802,-128,3,1,0,0,0,0,0,0,1,0,0,-384,-434,-388,1000,0,True,False
10.77436,-802,-128,3,1,0,0,0,0,0,0,2,0,0,-384,-434,-388,1000,0,False,False
10.80773,-802,-128,3,1,1,0,8,1,0,0,2,0,1,-384,-434,-388,1000,0,False,False
10.84106,-802,-128,3,1,1,0,8,1,0,0,2,0,1,-384,-434,-388,1000,0,False,False
10.8744,-802,-128,3,1,1,0,8,1,0,0,2,0,1,-384,-434,-388,1000,0,False,False
10.90773,-802,-128,3,1,1,0,8,1,0,0,2,0,1,-384,-434,-388,1000,0,False,False
10.9414,-802,-128,3,1,1,0,8,1,0,0,2,0,1,-384,-434,-388,1000,0,False,False
10.97474,-802,-128,3,1,1,0,8,1,0,0,2,0,1,-384,-434,-388,1000,0,False,False
11.00829,-802,-128,3,1,1,0,8,1,0,0,2,0,1,-384,-434,-388,1000,0,False,False
11.04216,-802,-128,3,1,1,0,8,1,0,0,2,0,1,-384,-434,-388,1000,0,False,False
11.0755,-802,-128,3,1,1,0,8,1,0,0,2,0,1,-384,-434,-388,1000,0,False,False
11.10883,-802,-128,3,1,1,0,8,1,0,0,2,0,1,-384,-434,-388,1000,0,False,False
11.14217,-802,-128,3,1,1,0,8,1,0,0,2,0,1,-384,-434,-388,1000,0,False,False
11.17634,-802,-128,3,1,1,0,8,1,0,0,2,0,1,-384,-434,-388,1000,0,False,False
11.21013,-802,-128,3,1,1,0,8,1,0,0,2,0,1,-384,-434,-388,1000,0,False,False
11.2435,-802,-128,3,1,1,0,8,1,0,0,2,0,1,-384,-434,-388,1000,0,False,False
11.27684,-802,-128,3,1,1,0,8,1,0,0,2,0,1,-384,-434,-388,1000,0,False,False
11.31054,-802,-128,3,1,1,0,8,1,0,0,2,0,1,-384,-434,-388,1000,0,False,False
11.34394,-802,-128,3,1,1,0,8,1,0,0,2,0,1,-384,-434,-388,1000,0,False,False
11.37727,-802,-128,3,1,1,0,8,1,0,0,2,0,1,-384,-434,-388,1000,0,False,False
11.4107,-802,-128,3,1,1,0,8,1,0,0,2,0,1,-384,-434,-388,1000,0,False,False
11.44476,-802,-128,3,1,1,0,8,1,0,0,2,0,1,-384,-434,-388,1000,0,False,False
11.47809,-802,-128,3,1,1,0,8,1,0,0,2,0,1,-384,-434,-388,1000,0,False,False
11.51159,-802,-128,3,1,1,0,8,1,0,0,2,0,1,-384,-434,-388,1000,0,False,False
11.54579,-809,-134,3,1,1,0,8,1,0,0,2,0,1,-384,-434,-388,1000,0,False,False
11.57928,-971,-236,3,1,1,0,8,1,0,0,2,0,1,-384,-434,-388,1000,0,False,False
11.61261,-1095,-302,3,1,1,0,8,1,0,0,2,0,1,-384,-434,-388,1000,0,False,False
11.64595,-1112,-310,3,1,1,0,8,1,0,0,2,0,1,-384,-434,-388,1000,0,False,False
11.67928,-1112,-310,3,1,1,0,8,1,0,0,2,0,1,-384,-434,-388,1000,0,False,False
11.71305,-1112,-310,3,1,1,0,8,1,0,0,2,0,1,-384,-434,-388,1000,0,False,False
11.74638,-1112,-310,3,1,1,0,8,1,0,0,2,0,1,-384,-434,-388,1000,0,False,False
11.77971,-1112,-310,3,1,1,0,8,1,0,0,2,0,1,-384,-434,-388,1000,0,False,False
11.81305,-1112,-310,3,1,1,0,9,1,0,0,2,0,1,-384,-434,-388,1000,0,False,False
11.84638,-1112,-310,3,1,1,0,9,1,0,0,2,0,1,-384,-434,-388,1000,0,False,False
11.88041,-1112,-310,3,1,1,0,9,1,0,0,2,0,1,-384,-434,-388,1000,0,False,False
11.91375,-1112,-310,3,1,1,0,9,1,0,0,2,0,1,-384,-434,-388,1000,0,False,False
11.94712,-1112,-310,3,1,1,0,9,1,0,0,2,0,1,-384,-434,-388,1000,0,False,False
11.9807,-1112,-310,3,1,1,0,9,1,0,0,2,0,1,-384,-434,-388,1000,0,False,False
12.01403,-1112,-310,3,1,1,0,9,1,0,0,2,0,1,-384,-434,-388,1000,0,False,False
12.04751,-1112,-310,3,1,1,0,9,1,0,0,2,0,1,-384,-434,-388,1000,0,False,False
12.08096,-1112,-310,3,1,1,0,9,1,0,0,2,0,1,-384,-434,-388,1000,0,False,False
12.11435,-1112,-310,3,1,1,0,9,1,0,0,2,0,1,-384,-434,-388,1000,0,False,False
12.14797,-1112,-310,3,1,1,0,9,1,0,0,2,0,1,-384,-434,-388,1000,0,False,False
12.1813,-1112,-310,3,1,1,0,9,1,0,0,2,0,1,-384,-434,-388,1000,0,False,False
12.21464,-1112,-310,3,1,1,0,9,1,0,0,2,0,1,-384,-434,-388,1000,0,False,False
12.24797,-1112,-310,3,1,1,0,9,1,0,0,2,0,1,-384,-434,-388,1000,0,False,False
12.28131,-1112,-310,3,1,1,0,9,1,0,0,2,0,1,-384,-434,-388,1000,0,False,False
12.31464,-1112,-310,3,1,1,0,9,1,0,0,2,0,1,-384,-434,-388,1000,0,False,False
12.34797,-1112,-310,3,1,1,0,9,1,0,0,2,0,1,-384,-434,-388,1000,0,False,False
12.38131,-1112,-310,3,1,1,0,9,1,0,0,2,0,1,-384,-434,-388,1000,0,False,False
12.41471,-1112,-310,3,1,1,0,9,1,0,0,2,0,1,-384,-434,-388,1000,0,False,False
12.44805,-1112,-310,3,1,1,0,9,1,0,0,2,0,1,-384,-434,-388,1000,0,False,False
12.48146,-1112,-310,3,1,1,0,9,1,0,0,2,0,1,-384,-434,-388,1000,0,False,False
12.51502,-1112,-310,3,1,1,0,9,1,0,0,2,0,1,-384,-434,-388,1000,0,False,False
12.54836,-1112,-310,3,1,1,0,9,1,0,0,2,0,1,-384,-434,-388,1000,0,False,False
12.58229,-1112,-310,3,1,1,0,9,1,0,0,2,0,1,-384,-434,-388,1000,0,False,False
12.61565,-1112,-310,3,1,1,0,9,1,0,0,2,0,1,-384,-434,-388,1000,0,False,False
12.64899,-1112,-310,3,1,1,0,9,1,0,0,2,0,1,-384,-434,-388,1000,0,False,False
12.68269,-1112,-310,3,1,1,0,9,1,0,0,2,0,1,-384,-434,-388,1000,0,False,False
12.71638,-1112,-310,3,1,1,0,9,1,0,0,2,0,1,-384,-434,-388,1000,0,False,False
12.74971,-1112,-310,3,1,1,0,9,1,0,0,2,0,1,-384,-434,-388,1000,0,False,False
12.78319,-1112,-310,3,1,1,0,9,1,0,0,2,0,1,-384,-434,-388,1000,0,False,False
12.81713,-1112,-310,3,1,1,0,9,1,0,0,2,0,1,-384,-434,-388,1000,0,False,False
12.85093,-1112,-310,3,1,1,0,9,1,0,0,2,0,1,-384,-434,-388,1000,0,False,False
12.88491,-1112,-310,3,1,1,0,9,1,0,0,2,0,1,-384,-434,-388,1000,0,False,False
12.91906,-1112,-310,3,1,1,0,9,1,0,0,2,0,1,-384,-434,-388,1000,0,False,False
12.9524,-1112,-310,3,1,1,0,9,1,0,0,2,0,1,-384,-434,-388,1000,0,False,False
12.98573,-1112,-310,3,1,1,0,9,1,0,0,2,0,1,-384,-434,-388,1000,0,False,False
13.01907,-1112,-310,3,1,1,0,9,1,0,0,2,0,1,-384,-434,-388,1000,0,False,False
13.05241,-1112,-310,3,1,1,0,9,1,0,0,2,0,1,-384,-434,-388,1000,0,False,False
13.08601,-1112,-310,3,1,1,0,9,1,0,0,2,0,1,-384,-434,-388,1000,0,False,False
13.1196,-1112,-310,3,1,1,0,9,1,0,0,2,0,1,-384,-434,-388,1000,0,False,False
13.1531,-1112,-310,3,1,1,0,9,1,0,0,2,0,1,-384,-434,-388,1000,0,False,False
13.18644,-1112,-310,3,1,1,0,9,1,0,0,2,0,1,-384,-434,-388,1000,0,False,False
13.21987,-1112,-310,3,1,1,0,9,1,0,0,2,0,1,-384,-434,-388,1000,0,False,False
13.25331,-1112,-310,3,1,1,0,9,1,0,0,2,0,1,-384,-434,-388,1000,0,False,False
13.28669,-1112,-310,3,1,1,0,9,1,0,0,2,0,1,-384,-434,-388,1000,0,False,False
13.32002,-1112,-310,3,1,1,0,9,1,0,0,2,0,1,-384,-434,-388,1000,0,False,False
13.35335,-1112,-310,3,1,1,0,9,1,0,0,2,0,1,-384,-434,-388,1000,0,False,False
13.38743,-1112,-310,3,1,1,0,9,1,0,0,2,0,1,-384,-434,-388,1000,0,False,False
13.42076,-1112,-310,3,1,1,0,9,1,0,0,2,0,1,-384,-434,-388,1000,0,False,False
13.45409,-1112,-310,3,1,1,0,9,1,0,0,2,0,1,-384,-434,-388,1000,0,False,False
13.48802,-1112,-310,3,1,1,0,9,1,0,0,2,0,1,-384,-434,-388,1000,0,False,False
13.52135,-1112,-310,3,1,1,0,9,1,0,0,2,0,1,-384,-434,-388,1000,0,False,False
13.55468,-1112,-310,3,1,1,0,9,1,0,0,2,0,1,-384,-434,-388,1000,0,False,False
13.58802,-1112,-310,3,1,1,0,9,1,0,0,2,0,1,-384,-434,-388,1000,0,False,False
13.6217,-1112,-310,3,1,1,0,9,1,0,0,2,0,1,-384,-434,-388,1000,0,False,False
13.65503,-1112,-310,3,1,1,0,9,1,0,0,2,0,1,-384,-434,-388,1000,0,False,False
13.68836,-1112,-310,3,1,1,0,9,1,0,0,2,0,1,-384,-434,-388,1000,0,False,False
13.72202,-1112,-310,3,1,1,0,9,1,0,0,2,0,1,-384,-434,-388,1000,0,False,False
13.75535,-1112,-310,3,1,1,0,9,1,0,0,2,0,1,-384,-434,-388,1000,0,False,False
13.7889,-1112,-310,3,1,1,0,9,1,0,0,2,0,1,-384,-434,-388,1000,0,False,False
13.82228,-1112,-310,3,1,1,0,9,1,0,0,2,0,1,-384,-434,-388,1000,0,False,False
13.85571,-1112,-310,3,1,1,0,9,1,0,0,2,0,1,-384,-434,-388,1000,0,False,False
13.88904,-1112,-310,3,1,1,0,9,1,0,0,2,0,1,-384,-434,-388,1000,0,False,False
13.92243,-1112,-310,3,1,1,0,9,1,0,0,2,0,1,-384,-434,-388,1000,0,False,False
13.95634,-1112,-310,3,1,1,0,9,1,0,0,2,0,1,-384,-434,-388,1000,0,False,False
13.9901,-1112,-310,3,1,1,0,9,1,0,0,2,0,1,-384,-434,-388,1000,0,False,False
14.02385,-1112,-310,3,1,1,0,9,1,0,0,2,0,1,-384,-434,-388,1000,0,False,False
14.05718,-1112,-310,3,1,1,0,9,1,0,0,2,0,1,-384,-434,-388,1000,0,False,False
14.0911,-1112,-310,3,1,1,0,9,1,0,0,2,0,1,-384,-434,-388,1000,0,False,False
14.125,-1112,-310,3,1,1,0,9,1,0,0,2,0,1,-384,-434,-388,1000,0,False,False
14.15843,-1112,-310,3,1,1,0,9,1,0,0,2,0,1,-384,-434,-388,1000,0,False,False
14.19176,-1112,-310,3,1,1,0,9,1,0,0,2,0,1,-384,-434,-388,1000,0,False,False
14.22509,-1112,-310,3,1,1,0,9,1,0,0,2,0,1,-384,-434,-388,1000,0,False,False
14.25891,-1112,-310,3,1,1,0,9,1,0,0,2,0,1,-384,-434,-388,1000,0,False,False
14.29242,-1112,-310,3,1,1,0,9,1,0,0,2,0,1,-384,-434,-388,1000,0,False,False
14.326,-1112,-310,3,1,1,0,9,1,0,0,2,0,1,-384,-434,-388,1000,0,False,False
14.35955,-1112,-310,3,1,1,0,9,1,0,0,2,0,1,-384,-434,-388,1000,0,False,False
14.39288,-1112,-310,3,1,1,0,9,1,0,0,2,0,1,-384,-434,-388,1000,0,False,False
14.42622,-1112,-310,3,1,1,0,9,1,0,0,2,0,1,-384,-434,-388,1000,0,False,False
14.45955,-1112,-310,3,1,1,0,9,1,0,0,2,0,1,-384,-434,-388,1000,0,False,False
14.49288,-1112,-310,3,1,1,0,9,1,0,0,2,0,1,-384,-434,-388,1000,0,False,False
14.52632,-1112,-310,3,1,1,0,9,1,0,0,2,0,1,-384,-434,-388,1000,0,False,False
14.55966,-1112,-310,3,1,1,0,9,1,0,0,2,0,1,-384,-434,-388,1000,0,False,False
14.59315,-1112,-310,3,1,1,0,9,1,0,0,2,0,1,-384,-434,-388,1000,0,False,False
14.62649,-1112,-310,3,1,1,0,9,1,0,0,2,0,1,-384,-434,-388,1000,0,False,False
14.65983,-1112,-310,3,1,1,0,9,1,0,0,2,0,1,-384,-434,-388,1000,0,False,False
14.69346,-1112,-310,3,1,1,0,9,1,0,0,2,0,1,-384,-434,-388,1000,0,False,False
14.7268,-1112,-310,3,1,1,0,9,1,0,0,2,0,1,-384,-434,-388,1000,0,False,False
14.76013,-1112,-310,3,1,1,0,9,1,0,0,2,0,1,-384,-434,-388,1000,0,False,False
14.79399,-1112,-310,3,1,1,0,9,1,0,0,2,0,1,-384,-434,-388,1000,0,False,False
14.82732,-1112,-310,3,1,1,0,9,1,0,0,2,0,1,-384,-434,-388,1000,0,False,False
14.86105,-1112,-310,3,1,1,0,9,1,0,0,2,0,1,-384,-434,-388,1000,0,False,False
14.89443,-1112,-310,3,1,1,0,9,1,0,0,2,0,1,-384,-434,-388,1000,0,False,False
14.92818,-1112,-310,3,1,1,0,9,1,0,0,2,0,1,-384,-434,-388,1000,0,False,False
14.96151,-1112,-310,3,1,1,0,9,1,0,0,2,0,1,-384,-434,-388,1000,0,False,False
14.99488,-1112,-310,3,1,1,0,9,1,0,0,2,0,1,-384,-434,-388,1000,0,False,False
15.0282,-1112,-310,3,1,1,0,9,1,0,0,2,0,1,-384,-434,-388,1000,0,False,False
15.06162,-1112,-310,3,1,1,0,9,1,0,0,2,0,1,-384,-434,-388,1000,0,False,False
15.09567,-1112,-310,3,1,1,0,9,1,0,0,2,0,1,-384,-434,-388,1000,0,False,False
15.12901,-1112,-310,3,1,1,0,9,1,0,0,2,0,1,-384,-434,-388,1000,0,False,False
15.16234,-1112,-310,3,1,1,0,9,1,0,0,2,0,1,-384,-434,-388,1000,0,False,False
15.19626,-1112,-310,3,1,1,0,9,1,0,0,2,0,1,-384,-434,-388,1000,0,False,False
15.23029,-1112,-310,3,1,1,0,9,1,0,0,2,0,1,-384,-434,-388,1000,0,False,False
15.26425,-1112,-310,3,1,1,0,9,1,0,0,2,0,1,-384,-434,-388,1000,0,False,False
15.29758,-1112,-310,3,1,1,0,9,1,0,0,2,0,1,-384,-434,-388,1000,0,False,False
15.33113,-1112,-310,3,1,1,0,9,1,0,0,2,0,1,-384,-434,-388,1000,0,False,False
15.36447,-1112,-310,3,1,1,0,9,1,0,0,2,0,1,-384,-434,-388,1000,0,False,False
15.39813,-1112,-310,3,1,1,0,9,1,0,0,2,0,1,-384,-434,-388,1000,0,False,False
15.43146,-1112,-310,3,1,1,0,9,1,0,0,2,0,1,-384,-434,-388,1000,0,False,False
15.4648,-1112,-310,3,1,1,0,9,1,0,0,2,0,1,-384,-434,-388,1000,0,False,False
15.49813,-1112,-310,3,1,1,0,9,1,0,0,2,0,1,-384,-434,-388,1000,0,False,False
15.53147,-1112,-310,3,1,1,0,9,1,0,0,2,0,1,-384,-434,-388,1000,0,False,False
15.5648,-1112,-310,3,1,1,0,9,1,0,0,2,0,1,-384,-434,-388,1000,0,False,False
15.59858,-1112,-310,3,1,1,0,9,1,0,0,2,0,1,-384,-434,-388,1000,0,False,False
15.63213,-1112,-310,3,1,1,0,9,1,0,0,2,0,1,-384,-434,-388,1000,0,False,False
15.66547,-1112,-310,3,1,1,0,9,1,0,0,2,0,1,-384,-434,-388,1000,0,False,False
15.6988,-1112,-310,3,1,1,0,9,1,0,0,2,0,1,-384,-434,-388,1000,0,False,False
15.73283,-1112,-310,3,1,1,0,9,1,0,0,2,0,1,-384,-434,-388,1000,0,False,False
15.76624,-1112,-310,3,1,1,0,9,1,0,0,2,0,1,-384,-434,-388,1000,0,False,False
15.79957,-1112,-310,3,1,1,0,9,1,0,0,2,0,1,-384,-434,-388,1000,0,False,False
15.83291,-1112,-310,3,1,1,0,9,1,0,0,2,0,1,-384,-434,-388,1000,0,False,False
15.86624,-1112,-310,3,1,1,0,9,1,0,0,2,0,1,-384,-434,-388,1000,0,False,False
15.90002,-1112,-310,3,1,1,0,9,1,0,0,2,0,1,-384,-434,-388,1000,0,False,False
15.93335,-1112,-310,3,1,1,0,9,1,0,0,2,0,1,-384,-434,-388,1000,0,False,False
15.96669,-1112,-310,3,1,1,0,9,1,0,0,2,0,1,-384,-434,-388,1000,0,False,False
16.00017,-1112,-310,3,1,1,0,9,1,0,0,2,0,1,-384,-434,-388,1000,0,False,False
16.0335,-1112,-310,3,1,1,0,9,1,0,0,2,0,1,-384,-434,-388,1000,0,False,False
16.06683,-1112,-310,3,1,1,0,9,1,0,0,2,0,1,-384,-434,-388,1000,0,False,False
16.10055,-1112,-310,3,1,1,0,9,1,0,0,2,0,1,-384,-434,-388,1000,0,False,False
16.13388,-1112,-310,3,1,1,0,9,1,0,0,2,0,1,-384,-434,-388,1000,0,False,False
16.16721,-1112,-310,3,1,1,0,9,1,0,0,2,0,1,-384,-434,-388,1000,0,False,False
16.20118,-1112,-310,3,1,1,0,9,1,0,0,2,0,1,-384,-434,-388,1000,0,False,False
16.23452,-1112,-310,3,1,1,0,9,1,0,0,2,0,1,-384,-434,-388,1000,0,False,False
16.26785,-1112,-310,3,1,1,0,9,1,0,0,2,0,1,-384,-434,-388,1000,0,False,False
16.30118,-1112,-310,3,1,1,0,9,1,0,0,2,0,1,-384,-434,-388,1000,0,False,False
16.33483,-1112,-310,3,1,1,0,9,1,0,0,2,0,1,-384,-434,-388,1000,0,False,False
16.36864,-1112,-310,3,1,1,0,9,1,0,0,2,0,1,-384,-434,-388,1000,0,False,False
16.40197,-1112,-310,3,1,1,0,9,1,0,0,2,0,1,-384,-434,-388,1000,0,False,False
16.4353,-1112,-310,3,1,1,0,9,1,0,0,2,0,1,-384,-434,-388,1000,0,False,False
16.46863,-1112,-310,3,1,1,0,9,1,0,0,2,0,1,-384,-434,-388,1000,0,False,False
16.5022,-1112,-310,3,1,1,0,9,1,0,0,2,0,1,-384,-434,-388,1000,0,False,False
16.53562,-1112,-310,3,1,1,0,9,1,0,0,2,0,1,-384,-434,-388,1000,0,False,False
16.56895,-1112,-310,3,1,1,0,9,1,0,0,2,0,1,-384,-434,-388,1000,0,False,False
16.60235,-1112,-310,3,1,1,0,9,1,0,0,2,0,1,-384,-434,-388,1000,0,False,False
16.63568,-1112,-310,3,1,1,0,9,1,0,0,2,0,1,-384,-434,-388,1000,0,False,False
16.66911,-1112,-310,3,1,1,0,9,1,0,0,2,0,1,-384,-434,-388,1000,0,False,False
16.70245,-1112,-310,3,1,1,0,9,1,0,0,2,0,1,-384,-434,-388,1000,0,False,False
16.73578,-1112,-310,3,1,1,0,9,1,0,0,2,0,1,-384,-434,-388,1000,0,False,False
16.76911,-1112,-310,3,1,1,0,9,1,0,0,2,0,1,-384,-434,-388,1000,0,False,False
16.80245,-1112,-310,3,1,1,0,9,1,0,0,2,0,1,-384,-434,-388,1000,0,False,False
16.83591,-1112,-310,3,1,1,0,9,1,0,0,2,0,1,-384,-434,-388,1000,0,False,False
16.86945,-1112,-310,3,1,1,0,9,1,0,0,2,0,1,-384,-434,-388,1000,0,False,False
16.90278,-1112,-310,3,1,1,0,9,1,0,0,2,0,1,-384,-434,-388,1000,0,False,False
16.93612,-1112,-310,3,1,1,0,9,1,0,0,2,0,1,-384,-434,-388,1000,0,False,False
16.96982,-1112,-310,3,1,1,0,9,1,0,0,2,0,1,-384,-434,-388,1000,0,False,False
17.00343,-1112,-310,3,1,1,0,9,1,0,0,2,0,1,-384,-434,-388,1000,0,False,False
17.03676,-1112,-310,3,1,1,0,9,1,0,0,2,0,1,-384,-434,-388,1000,0,False,False
17.07084,-1112,-310,3,1,1,0,9,1,0,0,2,0,1,-384,-434,-388,1000,0,False,False
17.10417,-1112,-310,3,1,1,0,9,1,0,0,2,0,1,-384,-434,-388,1000,0,False,False
17.1375,-1112,-310,3,1,1,0,9,1,0,0,2,0,1,-384,-434,-388,1000,0,False,False
17.17084,-1112,-310,3,1,1,0,9,1,0,0,2,0,1,-384,-434,-388,1000,0,False,False
17.20456,-1112,-310,3,1,1,0,9,1,0,0,2,0,1,-384,-434,-388,1000,0,False,False
17.23868,-1112,-310,3,1,1,0,9,1,0,0,2,0,1,-384,-434,-388,1000,0,False,False
17.27222,-1112,-310,3,1,1,0,9,1,0,0,2,0,1,-384,-434,-388,1000,0,False,False
17.30555,-1112,-310,3,1,1,0,9,1,0,0,2,0,1,-384,-434,-388,1000,0,False,False
17.33888,-1112,-310,3,1,1,0,9,1,0,0,2,0,1,-384,-434,-388,1000,0,False,False
17.37222,-1112,-310,3,1,1,0,9,1,0,0,2,0,1,-384,-434,-388,1000,0,False,False
17.40555,-1112,-310,3,1,1,0,9,1,0,0,2,0,1,-384,-434,-388,1000,0,False,False
17.43888,-1112,-310,3,1,1,0,9,1,0,0,2,0,1,-384,-434,-388,1000,0,False,False
17.47222,-1112,-310,3,1,1,0,9,1,0,0,2,0,1,-384,-434,-388,1000,0,False,False
17.50555,-1112,-310,3,1,1,0,9,1,0,0,2,0,1,-384,-434,-388,1000,0,False,False
17.53889,-1112,-310,3,1,1,0,9,1,0,0,2,0,1,-384,-434,-388,1000,0,False,False
17.57231,-1112,-310,3,1,1,0,9,1,0,0,2,0,1,-384,-434,-388,1000,0,False,False
17.60564,-1112,-310,3,1,1,0,9,1,0,0,2,0,1,-384,-434,-388,1000,0,False,False
17.63897,-1112,-310,3,1,1,0,9,1,0,0,2,0,1,-384,-434,-388,1000,0,False,False
17.67241,-1112,-310,3,1,1,0,9,1,0,0,2,0,1,-384,-434,-388,1000,0,False,False
17.70574,-1112,-310,3,1,1,0,9,1,0,0,2,0,1,-384,-434,-388,1000,0,False,False
17.73907,-1112,-310,3,1,1,0,9,1,0,0,2,0,1,-384,-434,-388,1000,0,False,False
17.77254,-1112,-310,3,1,1,0,9,1,0,0,2,0,1,-384,-434,-388,1000,0,False,False
17.80587,-1112,-310,3,1,1,0,9,1,0,0,2,0,1,-384,-434,-388,1000,0,False,False
17.83921,-1112,-310,3,1,1,0,9,1,0,0,2,0,1,-384,-434,-388,1000,0,False,False
17.87254,-1112,-310,3,1,1,0,9,1,0,0,2,0,1,-384,-434,-388,1000,0,False,False
17.90587,-1112,-310,3,1,1,0,9,1,0,0,2,0,1,-384,-434,-388,1000,0,False,False
17.93921,-1112,-310,3,1,1,0,9,1,0,0,2,0,1,-384,-434,-388,1000,0,False,False
17.97254,-1112,-310,3,1,1,0,9,1,0,0,2,0,1,-384,-434,-388,1000,0,False,False
18.00611,-1112,-310,3,1,1,0,9,1,0,0,2,0,1,-384,-434,-388,1000,0,False,False
18.04003,-1112,-310,3,1,1,0,9,1,0,0,2,0,1,-384,-434,-388,1000,0,False,False
18.07336,-1112,-310,3,1,1,0,9,1,0,0,2,0,1,-384,-434,-388,1000,0,False,False
18.1074,-1112,-310,3,1,1,0,9,1,0,0,2,0,1,-384,-434,-388,1000,0,False,False
18.14095,-1112,-310,3,1,1,0,9,1,0,0,2,0,1,-384,-434,-388,1000,0,False,False
18.17428,-1112,-310,3,1,1,0,9,1,0,0,2,0,1,-384,-434,-388,1000,0,False,False
18.20761,-1112,-310,3,1,1,0,9,1,0,0,2,0,1,-384,-434,-388,1000,0,False,False
18.24095,-1112,-310,3,1,1,0,9,1,0,0,2,0,1,-384,-434,-388,1000,0,False,False
18.27428,-1112,-310,3,1,1,0,9,1,0,0,2,0,1,-384,-434,-388,1000,0,False,False
18.30761,-1112,-310,3,1,1,0,9,1,0,0,2,0,1,-384,-434,-388,1000,0,False,False
18.34126,-1112,-310,3,1,1,0,9,1,0,0,2,0,1,-384,-434,-388,1000,0,False,False
18.37469,-1112,-310,3,1,1,0,9,1,0,0,2,0,1,-384,-434,-388,1000,0,False,False
18.40802,-1112,-310,3,1,1,0,9,1,0,0,2,0,1,-384,-434,-388,1000,0,False,False
18.44136,-1112,-310,3,1,1,0,9,1,0,0,2,0,1,-384,-434,-388,1000,0,False,False
18.47469,-1112,-310,3,1,1,0,9,1,0,0,2,0,1,-384,-434,-388,1000,0,False,False
18.50803,-1112,-310,3,1,1,0,9,1,0,0,2,0,1,-384,-434,-388,1000,0,False,False
18.54136,-1112,-310,3,1,1,0,9,1,0,0,2,0,1,-384,-434,-388,1000,0,False,False
18.57469,-1112,-310,3,1,1,0,9,1,0,0,2,0,1,-384,-434,-388,1000,0,False,False
18.60803,-1112,-310,3,1,1,0,9,1,0,0,2,0,1,-384,-434,-388,1000,0,False,False
18.64136,-1112,-310,3,1,1,0,9,1,0,0,2,0,1,-384,-434,-388,1000,0,False,False
18.67469,-1112,-310,3,1,1,0,9,1,0,0,2,0,1,-384,-434,-388,1000,0,False,False
18.70803,-1112,-310,3,1,1,0,9,1,0,0,2,0,1,-384,-434,-388,1000,0,False,False
18.74136,-1112,-310,3,1,1,0,9,1,0,0,2,0,1,-384,-434,-388,1000,0,False,False
18.77546,-1112,-310,3,1,1,0,9,1,0,0,2,0,1,-384,-434,-388,1000,0,False,False
18.80879,-1112,-310,3,1,1,0,9,1,0,0,2,0,1,-384,-434,-388,1000,0,False,False
18.84239,-1112,-310,3,1,1,0,9,1,0,0,2,0,1,-384,-434,-388,1000,0,False,False
18.87663,-1112,-310,3,1,1,0,9,1,0,0,2,0,1,-384,-434,-388,1000,0,False,False
18.90996,-1112,-310,3,1,1,0,9,1,0,0,2,0,1,-384,-434,-388,1000,0,False,False
18.94343,-1112,-310,3,1,1,0,9,1,0,0,2,0,1,-384,-434,-388,1000,0,False,False
18.97677,-1112,-310,3,1,1,0,9,1,0,0,2,0,1,-384,-434,-388,1000,0,False,False
19.0101,-1112,-310,3,1,1,0,9,1,0,0,2,0,1,-384,-434,-388,1000,0,False,False
19.04379,-1112,-310,3,1,1,0,9,1,0,0,2,0,1,-384,-434,-388,1000,0,False,False
19.07763,-1112,-310,3,1,1,0,9,1,0,0,2,0,1,-384,-434,-388,1000,0,False,False
19.11128,-1112,-310,3,1,1,0,9,1,0,0,2,0,1,-384,-434,-388,1000,0,False,False
19.14462,-1112,-310,3,1,1,0,9,1,0,0,2,0,1,-384,-434,-388,1000,0,False,False
19.17795,-1112,-310,3,1,1,0,9,1,0,0,2,0,1,-384,-434,-388,1000,0,False,False
19.21128,-1112,-310,3,1,1,0,9,1,0,0,2,0,1,-384,-434,-388,1000,0,False,False
19.24462,-1112,-310,3,1,1,0,9,1,0,0,2,0,1,-384,-434,-388,1000,0,False,False
19.27795,-1112,-310,3,1,1,0,9,1,0,0,2,0,1,-384,-434,-388,1000,0,False,False
19.31128,-1112,-310,3,1,1,0,9,1,0,0,2,0,1,-384,-434,-388,1000,0,False,False
19.34477,-1112,-310,3,1,1,0,9,1,0,0,2,0,1,-384,-434,-388,1000,0,False,False
19.37819,-1112,-310,3,1,1,0,9,1,0,0,2,0,1,-384,-434,-388,1000,0,False,False
19.4116,-1112,-310,3,1,1,0,9,1,0,0,2,0,1,-384,-434,-388,1000,0,False,False
19.44493,-1112,-310,3,1,1,0,9,1,0,0,2,0,1,-384,-434,-388,1000,0,False,False
19.47852,-1112,-310,3,1,1,0,9,1,0,0,2,0,1,-384,-434,-388,1000,0,False,False
19.51185,-1112,-310,3,1,1,0,9,1,0,0,2,0,1,-384,-434,-388,1000,0,False,False
19.54519,-1112,-310,3,1,1,0,9,1,0,0,2,0,1,-384,-434,-388,1000,0,False,False
19.57879,-1112,-310,3,1,1,0,9,1,0,0,2,0,1,-384,-434,-388,1000,0,False,False
19.61212,-1112,-310,3,1,1,0,9,1,0,0,2,0,1,-384,-434,-388,1000,0,False,False
19.64546,-1112,-310,3,1,1,0,9,1,0,0,2,0,1,-384,-434,-388,1000,0,False,False
19.67879,-1112,-310,3,1,1,0,9,1,0,0,2,0,1,-384,-434,-388,1000,0,False,False
19.71212,-1112,-310,3,1,1,0,9,1,0,0,2,0,1,-384,-434,-388,1000,0,False,False
19.74575,-1112,-310,3,1,1,0,9,1,0,0,2,0,1,-384,-434,-388,1000,0,False,False
19.77909,-1112,-310,3,1,1,0,9,1,0,0,2,0,1,-384,-434,-388,1000,0,False,False
19.81242,-1112,-310,3,1,1,0,9,1,0,0,2,0,1,-384,-434,-388,1000,0,False,False
19.84575,-1112,-310,3,1,1,0,9,1,0,0,2,0,1,-384,-434,-388,1000,0,False,False
19.87909,-1112,-310,3,1,1,0,9,1,0,0,2,0,1,-384,-434,-388,1000,0,False,False
19.91242,-1112,-310,3,1,1,0,9,1,0,0,2,0,1,-384,-434,-388,1000,0,False,False
19.94575,-1112,-310,3,1,1,0,9,1,0,0,2,0,1,-384,-434,-388,1000,0,False,False
19.97909,-1112,-310,3,1,1,0,9,1,0,0,2,0,1,-384,-434,-388,1000,0,False,False
20.01242,-1112,-310,3,1,1,0,9,1,0,0,2,0,1,-384,-434,-388,1000,0,False,False
20.04581,-1112,-310,3,1,1,0,9,1,0,0,2,0,1,-384,-434,-388,1000,0,False,False
20.07914,-1112,-310,3,1,1,0,9,1,0,0,2,0,1,-384,-434,-388,1000,0,False,False
20.11247,-1112,-310,3,1,1,0,9,1,0,0,2,0,1,-384,-434,-388,1000,0,False,False
20.14604,-1112,-310,3,1,1,0,9,1,0,0,2,0,1,-384,-434,-388,1000,0,False,False
20.17937,-1112,-310,3,1,1,0,9,1,0,0,2,0,1,-384,-434,-388,1000,0,False,False
20.2127,-1112,-310,3,1,1,0,9,1,0,0,2,0,1,-384,-434,-388,1000,0,False,False
20.24604,-1112,-310,3,1,1,0,9,1,0,0,2,0,1,-384,-434,-388,1000,0,False,False
20.27949,-1112,-310,3,1,1,0,9,1,0,0,2,0,1,-384,-434,-388,1000,0,False,False
20.31283,-1112,-310,3,1,1,0,9,1,0,0,2,0,1,-384,-434,-388,1000,0,False,False
20.34632,-1112,-310,3,1,1,0,9,1,0,0,2,0,1,-384,-434,-388,1000,0,False,False
20.37966,-1112,-310,3,1,1,0,9,1,0,0,2,0,1,-384,-434,-388,1000,0,False,False
20.41309,-1112,-310,3,1,1,0,9,1,0,0,2,0,1,-384,-434,-388,1000,0,False,False
20.44669,-1112,-310,3,1,1,0,9,1,0,0,2,0,1,-384,-434,-388,1000,0,False,False
20.48096,-1112,-310,3,1,1,0,9,1,0,0,2,0,1,-384,-434,-388,1000,0,False,False
20.51429,-1112,-310,3,1,1,0,9,1,0,0,2,0,1,-384,-434,-388,1000,0,False,False
20.54763,-1112,-310,3,1,1,0,9,1,0,0,2,0,1,-384,-434,-388,1000,0,False,False
20.58141,-1112,-310,3,1,1,0,9,1,0,0,2,0,1,-384,-434,-388,1000,0,False,False
20.61497,-1112,-310,3,1,1,0,9,1,0,0,2,0,1,-384,-434,-388,1000,0,False,False
20.64831,-1112,-310,3,1,1,0,9,1,0,0,2,0,1,-384,-434,-388,1000,0,False,False
20.6817,-1112,-310,3,1,1,0,9,1,0,0,2,0,1,-384,-434,-388,1000,0,False,False
20.71504,-1112,-310,3,1,1,0,9,1,0,0,2,0,1,-384,-434,-388,1000,0,False,False
20.74837,-1112,-310,3,1,1,0,9,1,0,0,2,0,1,-384,-434,-388,1000,0,False,False
20.78171,-1112,-310,3,1,1,0,9,1,0,0,2,0,1,-384,-434,-388,1000,0,False,False
20.81504,-1112,-310,3,1,1,1,9,1,0,0,2,0,1,-384,-434,-388,1000,0,False,False
20.84837,-1112,-310,3,1,1,1,9,1,0,0,2,0,1,-384,-434,-388,1000,0,False,False
20.88171,-1112,-310,3,1,1,1,9,1,0,0,2,0,1,-384,-434,-388,1000,0,False,False
20.91582,-1112,-310,3,1,1,1,9,1,0,0,2,0,1,-384,-434,-388,1000,0,False,False
20.94916,-1112,-310,3,1,1,1,9,1,0,0,2,0,1,-384,-434,-388,1000,0,False,False
20.98249,-1112,-310,3,1,1,1,9,1,0,0,2,0,1,-384,-434,-388,1000,0,False,False
21.01582,-1112,-310,3,1,1,1,9,1,0,0,2,0,1,-384,-434,-388,1000,0,False,False
21.04916,-1112,-310,3,1,1,1,9,1,0,0,2,0,1,-384,-434,-388,1000,0,False,False
21.08258,-1112,-310,3,1,1,1,9,1,0,0,2,0,1,-384,-434,-388,1000,0,False,False
21.11591,-1112,-310,3,1,1,1,9,1,0,0,2,0,1,-384,-434,-388,1000,0,False,False
21.14954,-1112,-310,3,1,1,1,9,1,0,0,2,0,1,-384,-434,-388,1000,0,False,False
21.1829,-1112,-310,3,1,1,1,9,1,0,0,2,0,1,-384,-434,-388,1000,0,False,False
21.21623,-1112,-310,3,1,1,1,9,1,0,0,2,0,1,-384,-434,-388,1000,0,False,False
21.25003,-1112,-310,3,1,1,1,9,1,0,0,2,0,1,-384,-434,-388,1000,0,False,False
21.28341,-1112,-310,3,1,1,1,9,1,0,0,2,0,1,-384,-434,-388,1000,0,False,False
21.3175,-1112,-310,3,1,1,1,9,1,0,0,2,0,1,-384,-434,-388,1000,0,False,False
21.35083,-1112,-310,3,1,1,1,9,1,0,0,2,0,1,-384,-434,-388,1000,0,False,False
21.38417,-1112,-310,3,1,1,1,9,1,0,0,2,0,1,-384,-434,-388,1000,0,False,False
21.41763,-1112,-310,3,1,1,1,9,1,0,0,2,0,1,-384,-434,-388,1000,0,False,False
21.45096,-1112,-310,3,1,1,1,9,1,0,0,2,0,1,-384,-434,-388,1000,0,False,False
21.4843,-1112,-310,3,1,1,1,9,1,0,0,2,0,1,-384,-434,-388,1000,0,False,False
21.51763,-1112,-310,3,1,1,1,9,1,0,0,2,0,1,-384,-434,-388,1000,0,False,False
21.55135,-1112,-310,3,1,1,1,9,1,0,0,2,0,1,-384,-434,-388,1000,0,False,False
21.58469,-1112,-310,3,1,1,1,9,1,0,0,2,0,1,-384,-434,-388,1000,0,False,False
21.61802,-1112,-310,3,1,1,1,9,1,0,0,2,0,1,-384,-434,-388,1000,0,False,False
21.65135,-1112,-310,3,1,1,1,9,1,0,0,2,0,1,-384,-434,-388,1000,0,False,False
21.68493,-1112,-310,3,1,1,1,9,1,0,0,2,0,1,-384,-434,-388,1000,0,False,False
21.71837,-1112,-310,3,1,1,1,9,1,0,0,2,0,1,-384,-434,-388,1000,0,False,False
21.7517,-1112,-310,3,1,1,1,9,1,0,0,2,0,1,-384,-434,-388,1000,0,False,False
21.78503,-1112,-310,3,1,1,1,9,1,0,0,2,0,1,-384,-434,-388,1000,0,False,False
21.81837,-1112,-310,3,1,1,1,9,1,0,0,2,0,1,-384,-434,-388,1000,0,False,False
21.8517,-1112,-310,3,1,1,1,9,1,0,0,2,0,1,-384,-434,-388,1000,0,False,False
21.8856,-1112,-310,3,1,1,1,9,1,0,0,2,0,1,-384,-434,-388,1000,0,False,False
21.91893,-1112,-310,3,1,1,1,9,1,0,0,2,0,1,-384,-434,-388,1000,0,False,False
21.95261,-1112,-310,3,1,1,1,9,1,0,0,2,0,1,-384,-434,-388,1000,0,False,False
21.986,-1112,-310,3,1,1,1,9,1,0,0,2,0,1,-384,-434,-388,1000,0,False,False
22.01933,-1112,-310,3,1,1,1,9,1,0,0,2,0,1,-384,-434,-388,1000,0,False,False
22.05289,-1112,-310,3,1,1,1,9,1,0,0,2,0,1,-384,-434,-388,1000,0,False,False
22.08622,-1112,-310,3,1,1,1,9,1,0,0,2,0,1,-384,-434,-388,1000,0,False,False
22.11955,-1112,-310,3,1,1,1,9,1,0,0,2,0,1,-384,-434,-388,1000,0,False,False
22.15302,-1112,-310,3,1,1,1,9,1,0,0,2,0,1,-384,-434,-388,1000,0,False,False
22.18636,-1112,-310,3,1,1,1,9,1,0,0,2,0,1,-384,-434,-388,1000,0,False,False
22.21969,-1112,-310,3,1,1,1,9,1,0,0,2,0,1,-384,-434,-388,1000,0,False,False
22.25302,-1112,-310,3,1,1,1,9,1,0,0,2,0,1,-384,-434,-388,1000,0,False,False
22.28635,-1112,-310,3,1,1,1,9,1,0,0,2,0,1,-384,-434,-388,1000,0,False,False
22.31969,-1112,-310,3,1,1,1,9,1,0,0,2,0,1,-384,-434,-388,1000,0,False,False
22.35302,-1112,-310,3,1,1,1,9,1,0,0,2,0,1,-384,-434,-388,1000,0,False,False
22.38636,-1112,-310,3,1,1,1,9,1,0,0,2,0,1,-384,-434,-388,1000,0,False,False
22.41986,-1112,-310,3,1,1,1,9,1,0,0,2,0,1,-384,-434,-388,1000,0,False,False
22.45319,-1112,-310,3,1,1,1,9,1,0,0,2,0,1,-384,-434,-388,1000,0,False,False
22.48664,-1112,-310,3,1,1,1,9,1,0,0,2,0,1,-384,-434,-388,1000,0,False,False
22.51997,-1112,-310,3,1,1,1,9,1,0,0,2,0,1,-384,-434,-388,1000,0,False,False
22.55331,-1112,-310,3,1,1,1,9,1,0,0,2,0,1,-384,-434,-388,1000,0,False,False
22.58664,-1112,-310,3,1,1,1,9,1,0,0,2,0,1,-384,-434,-388,1000,0,False,False
22.62041,-1112,-310,3,1,1,1,9,1,0,0,2,0,1,-384,-434,-388,1000,0,False,False
22.65374,-1112,-310,3,1,1,1,9,1,0,0,2,0,1,-384,-434,-388,1000,0,False,False
22.68715,-1112,-310,3,1,1,1,9,1,0,0,2,0,1,-384,-434,-388,1000,0,False,False
22.7205,-1112,-310,3,1,1,1,9,1,0,0,2,0,1,-384,-434,-388,1000,0,False,False
22.75443,-1112,-310,3,1,1,1,9,1,0,0,2,0,1,-384,-434,-388,1000,0,False,False
22.78777,-1112,-310,3,1,1,1,9,1,0,0,2,0,1,-384,-434,-388,1000,0,False,False
22.82145,-1112,-310,3,1,1,1,9,1,0,0,2,0,1,-384,-434,-388,1000,0,False,False
22.85479,-1112,-310,3,1,1,1,9,1,0,0,2,0,1,-384,-434,-388,1000,0,False,False
22.88812,-1112,-310,3,1,1,1,9,1,0,0,2,0,1,-384,-434,-388,1000,0,False,False
22.92167,-1112,-310,3,1,1,1,9,1,0,0,2,0,1,-384,-434,-388,1000,0,False,False
22.95501,-1112,-310,3,1,1,1,9,1,0,0,2,0,1,-384,-434,-388,1000,0,False,False
22.98901,-1112,-310,3,1,1,1,9,1,0,0,2,0,1,-384,-434,-388,1000,0,False,False
23.0228,-1112,-310,3,1,1,1,9,1,0,0,2,0,1,-384,-434,-388,1000,0,False,False
23.05614,-1112,-310,3,1,1,1,9,1,0,0,2,0,1,-384,-434,-388,1000,0,False,False
23.08947,-1112,-310,3,1,1,1,9,1,0,0,2,0,1,-384,-434,-388,1000,0,False,False
23.1228,-1112,-310,3,1,1,1,9,1,0,0,2,0,1,-384,-434,-388,1000,0,False,False
23.15614,-1112,-310,3,1,1,1,9,1,0,0,2,0,1,-384,-434,-388,1000,0,False,False
23.18947,-1112,-310,3,1,1,1,9,1,0,0,2,0,1,-384,-434,-388,1000,0,False,False
23.2228,-1112,-310,3,1,1,1,8,1,100,0,2,0,1,-384,-434,-388,1000,0,False,False
23.25614,-1112,-310,3,1,1,1,8,1,100,0,2,0,1,-384,-434,-388,1000,0,False,False
23.28947,-1112,-310,3,1,1,1,8,1,100,0,2,0,1,-384,-434,-388,1000,0,False,False
23.32281,-1112,-310,3,1,1,1,8,1,100,0,2,0,1,-384,-434,-388,1000,0,False,False
23.35614,-1112,-310,3,1,1,1,8,1,100,0,2,0,1,-384,-434,-388,1000,0,False,False
23.38947,-1112,-310,3,1,1,1,8,1,100,0,2,0,1,-384,-434,-388,1000,0,False,False
23.4228,-1112,-310,3,1,1,1,8,1,100,0,2,0,1,-384,-434,-388,1000,0,False,False
23.45617,-1112,-310,3,1,1,1,8,1,100,0,2,0,1,-384,-434,-388,1000,0,False,False
23.4895,-1112,-310,3,1,1,1,8,1,100,0,2,0,1,-384,-434,-388,1000,0,False,False
23.52284,-1112,-310,3,1,1,1,8,1,100,0,2,0,1,-384,-434,-388,1000,0,False,False
23.55617,-1112,-310,3,1,1,1,8,1,100,0,2,0,1,-384,-434,-388,1000,0,False,False
23.5895,-1112,-310,3,1,1,1,8,1,100,0,2,0,1,-384,-434,-388,1000,0,False,False
23.62284,-1112,-310,3,1,1,1,8,1,100,0,2,0,1,-384,-434,-388,1000,0,False,False
23.65617,-1112,-310,3,1,1,1,8,1,100,0,2,0,1,-384,-434,-388,1000,0,False,False
23.68951,-1112,-310,3,1,1,1,8,1,100,0,2,0,1,-384,-434,-388,1000,0,False,False
23.72285,-1112,-310,3,1,1,1,8,1,100,0,2,0,1,-384,-434,-388,1000,0,False,False
23.75636,-1112,-310,3,1,1,1,8,1,100,0,2,0,1,-384,-434,-388,1000,0,False,False
23.78969,-1112,-310,3,1,1,1,8,1,100,0,2,0,1,-384,-434,-388,1000,0,False,False
23.82302,-1112,-310,3,1,1,1,8,1,100,0,2,0,1,-384,-434,-388,1000,0,False,False
23.85636,-1112,-310,3,1,1,1,8,1,100,0,2,0,1,-384,-434,-388,1000,0,False,False
23.88969,-1112,-310,3,1,1,1,8,1,100,0,2,0,1,-384,-434,-388,1000,0,False,False
23.92381,-1112,-310,3,1,1,1,8,1,100,0,2,0,1,-384,-434,-388,1000,0,False,False
23.95714,-1112,-310,3,1,1,1,8,1,100,0,2,0,1,-384,-434,-388,1000,0,False,False
23.99047,-1112,-310,3,1,1,1,8,1,100,0,2,0,1,-384,-434,-388,1000,0,False,False
24.0238,-1112,-310,3,1,1,1,8,1,100,0,2,0,1,-384,-434,-388,1000,0,False,False
24.05761,-1112,-310,3,1,1,1,8,1,100,0,2,0,1,-384,-434,-388,1000,0,False,False
24.09094,-1112,-310,3,1,1,1,8,1,100,0,2,0,1,-384,-434,-388,1000,0,False,False
24.12428,-1112,-310,3,1,1,1,8,1,100,0,2,0,1,-384,-434,-388,1000,0,False,False
24.15761,-1112,-310,3,1,1,1,8,1,100,0,2,0,1,-384,-434,-388,1000,0,False,False
24.19094,-1112,-310,3,1,1,1,8,1,100,0,2,0,1,-384,-434,-388,1000,0,False,False
24.22434,-1112,-310,3,1,1,1,8,1,100,0,2,0,1,-384,-434,-388,1000,0,False,False
24.25768,-1112,-310,3,1,1,1,8,1,100,0,2,0,1,-384,-434,-388,1000,0,False,False
24.29101,-1112,-310,3,1,1,1,8,1,100,0,2,0,1,-384,-434,-388,1000,0,False,False
24.32473,-1112,-310,3,1,1,1,8,1,100,0,2,0,1,-384,-434,-388,1000,0,False,False
24.35844,-1112,-310,3,1,1,1,8,1,100,0,2,0,1,-384,-434,-388,1000,0,False,False
24.39206,-1112,-310,3,1,1,1,8,1,100,0,2,0,1,-384,-434,-388,1000,0,False,False
24.42539,-1112,-310,3,1,1,1,8,1,100,0,2,0,1,-384,-434,-388,1000,0,False,False
24.45877,-1112,-310,3,1,1,1,8,1,100,0,2,0,1,-384,-434,-388,1000,0,False,False
24.49288,-1112,-310,3,1,1,1,8,1,100,0,2,0,1,-384,-434,-388,1000,0,False,False
24.52622,-1112,-310,3,1,1,1,8,1,100,0,2,0,1,-384,-434,-388,1000,0,False,False
24.56017,-1112,-310,3,1,1,1,8,1,100,0,2,0,1,-384,-434,-388,1000,0,False,False
24.59354,-1112,-310,3,1,1,1,8,1,100,0,2,0,1,-384,-434,-388,1000,0,False,False
24.62687,-1112,-310,3,1,1,1,8,1,100,0,2,0,1,-384,-434,-388,1000,0,False,False
24.66021,-1112,-310,3,1,1,1,8,1,100,0,2,0,1,-384,-434,-388,1000,0,False,False
24.69354,-1112,-310,3,1,1,1,8,1,100,0,2,0,1,-384,-434,-388,1000,0,False,False
24.72699,-1112,-310,3,1,1,1,8,1,100,0,2,0,1,-384,-434,-388,1000,0,False,False
24.76104,-1112,-310,3,1,1,1,8,1,100,0,2,0,1,-384,-434,-388,1000,0,False,False
24.79437,-1112,-310,3,1,1,1,8,1,100,0,2,0,1,-384,-434,-388,1000,0,False,False
24.82771,-1112,-310,3,1,1,1,8,1,100,0,2,0,1,-384,-434,-388,1000,0,False,False
24.86165,-1112,-310,3,1,1,1,8,1,100,0,2,0,1,-384,-434,-388,1000,0,False,False
24.89499,-1112,-310,3,1,1,1,8,1,100,0,2,0,1,-384,-434,-388,1000,0,False,False
24.92891,-1112,-310,3,1,1,1,8,1,100,0,2,0,1,-384,-434,-388,1000,0,False,False
24.96238,-1112,-310,3,1,1,1,8,1,100,0,2,0,1,-384,-434,-388,1000,0,False,False
24.99585,-1112,-310,3,1,1,1,8,1,100,0,2,0,1,-384,-434,-388,1000,0,False,False
25.02918,-1112,-310,3,1,1,1,8,1,100,0,2,0,1,-384,-434,-388,1000,0,False,False
25.06283,-1112,-310,3,1,1,1,8,1,100,0,2,0,1,-384,-434,-388,1000,0,False,False
25.09616,-1112,-310,3,1,1,1,8,1,100,0,2,0,1,-384,-434,-388,1000,0,False,False
25.12969,-1112,-310,3,1,1,1,8,1,100,0,2,0,1,-384,-434,-388,1000,0,False,False
25.16302,-1112,-310,3,1,1,1,8,1,100,0,2,0,1,-384,-434,-388,1000,0,False,False
25.19636,-1112,-310,3,1,1,1,8,1,100,0,2,0,1,-384,-434,-388,1000,0,False,False
25.23012,-1112,-310,3,1,1,1,8,1,100,0,2,0,1,-384,-434,-388,1000,0,False,False
25.26379,-1112,-310,3,1,1,1,8,1,100,0,2,0,1,-384,-434,-388,1000,0,False,False
25.29712,-1112,-310,3,1,1,1,8,1,100,0,2,0,1,-384,-434,-388,1000,0,False,False
25.33046,-1112,-310,3,1,1,1,8,1,100,0,2,0,1,-384,-434,-388,1000,0,False,False
25.36379,-1112,-310,3,1,1,1,8,1,100,0,2,0,1,-384,-434,-388,1000,0,False,False
25.39781,-1112,-310,3,1,1,1,8,1,100,0,2,0,1,-384,-434,-388,1000,0,False,False
25.43167,-1112,-310,3,1,1,1,8,1,100,0,2,0,1,-384,-434,-388,1000,0,False,False
25.46611,-1112,-310,3,1,1,1,8,1,100,0,2,0,1,-384,-434,-388,1000,0,False,False
25.49944,-1112,-310,3,1,1,1,8,1,100,0,2,0,1,-384,-434,-388,1000,0,False,False
25.53278,-1112,-310,3,1,1,1,8,1,100,0,2,0,1,-384,-434,-388,1000,0,False,False
25.56636,-1112,-310,3,1,1,1,8,1,100,0,2,0,1,-384,-434,-388,1000,0,False,False
25.59969,-1112,-310,3,1,1,1,8,1,100,0,2,0,1,-384,-434,-388,1000,0,False,False
25.63302,-1112,-310,3,1,1,1,8,1,100,0,2,0,1,-384,-434,-388,1000,0,False,False
25.66699,-1112,-310,3,1,1,1,8,1,100,0,2,0,1,-384,-434,-388,1000,0,False,False
25.70032,-1112,-310,3,1,1,1,8,1,100,0,2,0,1,-384,-434,-388,1000,0,False,False
25.73382,-1112,-310,3,1,1,1,8,1,100,0,2,0,1,-384,-434,-388,1000,0,False,False
25.76778,-1112,-310,3,1,1,1,8,1,100,0,2,0,1,-384,-434,-388,1000,0,False,False
25.80171,-1112,-310,3,1,1,1,8,1,100,0,2,0,1,-384,-434,-388,1000,0,False,False
25.83516,-1112,-310,3,1,1,1,8,1,100,0,2,0,1,-384,-434,-388,1000,0,False,False
25.86849,-1112,-310,3,1,1,1,8,1,100,0,2,0,1,-384,-434,-388,1000,0,False,False
25.90182,-1112,-310,3,1,1,1,8,1,100,0,2,0,1,-384,-434,-388,1000,0,False,False
25.93516,-1112,-310,3,1,1,1,8,1,100,0,2,0,1,-384,-434,-388,1000,0,False,False
25.96935,-1112,-310,3,1,1,1,8,1,100,0,2,0,1,-384,-434,-388,1000,0,False,False
26.00272,-1112,-310,3,1,1,1,8,1,100,0,2,0,1,-384,-434,-388,1000,0,False,False
26.03605,-1112,-310,3,1,1,1,8,1,100,0,2,0,1,-384,-434,-388,1000,0,False,False
26.07021,-1112,-310,3,1,1,1,8,1,100,0,2,0,1,-384,-434,-388,1000,0,False,False
26.10354,-1112,-310,3,1,1,1,8,1,100,0,2,0,1,-384,-434,-388,1000,0,False,False
26.13687,-1112,-310,3,1,1,1,8,1,100,0,2,0,1,-384,-434,-388,1000,0,False,False
26.1702,-1112,-310,3,1,1,1,8,1,100,0,2,0,1,-384,-434,-388,1000,0,False,False
26.20354,-1112,-310,3,1,1,1,8,1,100,0,2,0,1,-384,-434,-388,1000,0,False,False
26.2374,-1112,-310,3,1,1,1,8,1,100,0,2,0,1,-384,-434,-388,1000,0,False,False
26.27146,-1112,-310,3,1,1,1,8,1,100,0,2,0,1,-384,-434,-388,1000,0,False,False
26.3049,-1112,-310,3,1,1,1,8,1,100,0,2,0,1,-384,-434,-388,1000,0,False,False
26.33823,-1112,-310,3,1,1,1,8,1,100,0,2,0,1,-384,-434,-388,1000,0,False,False
26.37177,-1112,-310,3,1,1,1,8,1,100,0,2,0,1,-384,-434,-388,1000,0,False,False
26.40511,-1112,-310,3,1,1,1,8,1,100,0,2,0,1,-384,-434,-388,1000,0,False,False
26.43844,-1112,-310,3,1,1,1,8,1,100,0,2,0,1,-384,-434,-388,1000,0,False,False
26.47177,-1112,-310,3,1,1,1,8,1,100,0,2,0,1,-384,-434,-388,1000,0,False,False
26.50511,-1112,-310,3,1,1,1,8,1,100,0,2,0,1,-384,-434,-388,1000,0,False,False
26.53898,-1112,-310,3,1,1,1,8,1,100,0,2,0,1,-384,-434,-388,1000,0,False,False
26.57231,-1112,-310,3,1,1,1,8,1,100,0,2,0,1,-384,-434,-388,1000,0,False,False
26.60564,-1112,-310,3,1,1,1,9,1,100,0,2,0,1,-384,-434,-388,1000,0,False,False
26.63898,-1112,-310,3,1,1,1,9,1,100,0,2,0,1,-384,-434,-388,1000,0,False,False
26.67286,-1112,-310,3,1,1,1,9,1,100,0,2,0,1,-384,-434,-388,1000,0,False,False
26.7062,-1112,-310,3,1,1,1,9,1,100,0,2,0,1,-384,-434,-388,1000,0,False,False
26.73953,-1112,-310,3,1,1,1,9,1,100,0,2,0,1,-384,-434,-388,1000,0,False,False
26.77325,-1112,-310,3,1,1,1,9,1,100,0,2,0,1,-384,-434,-388,1000,0,False,False
26.80707,-1112,-310,3,1,1,1,9,1,100,0,2,0,1,-384,-434,-388,1000,0,False,False
26.8404,-1112,-310,3,1,1,1,9,1,100,0,2,0,1,-384,-434,-388,1000,0,False,False
26.87391,-1112,-310,3,1,1,1,9,1,100,0,2,0,1,-384,-434,-388,1000,0,False,False
26.90807,-1112,-310,3,1,1,1,9,1,100,0,2,0,1,-384,-434,-388,1000,0,False,False
26.94141,-1112,-310,3,1,1,1,9,1,100,0,2,0,1,-384,-434,-388,1000,0,False,False
26.97485,-1112,-310,3,1,1,1,9,1,100,0,2,0,1,-384,-434,-388,1000,0,False,False
27.00853,-1112,-310,3,1,1,1,9,1,100,0,2,0,1,-384,-434,-388,1000,0,False,False
27.04198,-1112,-310,3,1,1,1,9,1,100,0,2,0,1,-384,-434,-388,1000,0,False,False
27.0754,-1112,-310,3,1,1,1,9,1,100,0,2,0,1,-384,-434,-388,1000,0,False,False
27.10873,-1112,-310,3,1,1,1,9,1,100,0,2,0,1,-384,-434,-388,1000,0,False,False
27.1424,-1112,-310,3,1,1,1,9,1,100,0,2,0,1,-384,-434,-388,1000,0,False,False
27.1763,-1112,-310,3,1,1,1,9,1,100,0,2,0,1,-384,-434,-388,1000,0,False,False
27.20963,-1112,-310,3,1,1,1,9,1,100,0,2,0,1,-384,-434,-388,1000,0,False,False
27.24296,-1112,-310,3,1,1,1,9,1,100,0,2,0,1,-384,-434,-388,1000,0,False,False
27.2763,-1112,-310,3,1,1,1,9,1,100,0,2,0,1,-384,-434,-388,1000,0,False,False
27.31017,-1112,-310,3,1,1,1,9,1,100,0,2,0,1,-384,-434,-388,1000,0,False,False
27.3435,-1112,-310,3,1,1,1,9,1,100,0,2,0,1,-384,-434,-388,1000,0,False,False
27.37683,-1112,-310,3,1,1,1,9,1,100,0,2,0,1,-384,-434,-388,1000,0,False,False
27.4103,-1112,-310,3,1,1,1,9,1,100,0,2,0,1,-384,-434,-388,1000,0,False,False
27.44367,-1112,-310,3,1,1,1,9,1,100,0,2,0,1,-384,-434,-388,1000,0,False,False
27.47701,-1112,-310,3,1,1,1,9,1,100,0,2,0,1,-384,-434,-388,1000,0,False,False
27.51034,-1112,-310,3,1,1,1,9,1,100,0,2,0,1,-384,-434,-388,1000,0,False,False
27.54393,-1112,-310,3,1,1,1,9,1,100,0,2,0,1,-384,-434,-388,1000,0,False,False
