0.02,-744,-546,0,0,0,0,0,0,0,0,0,0,0,False,False
0.04,-744,-558,0,0,0,0,0,0,0,0,0,0,0,False,False
0.0739714,-744,-558,0,0,0,0,0,0,0,0,0,0,0,False,False
0.1073059,-744,-558,0,0,0,0,0,0,0,0,0,0,0,False,False
0.1406398,-744,-558,0,0,0,0,0,0,0,0,0,0,0,False,False
0.1739732,-744,-558,0,0,0,0,0,0,0,0,0,0,0,False,False
0.2073062,-744,-558,0,0,0,0,0,0,0,0,0,0,0,False,False
0.2406402,-744,-558,0,0,0,0,0,0,0,0,0,0,0,False,False
0.2739739,-744,-558,0,0,0,0,0,0,0,0,0,0,0,False,False
0.3073075,-744,-558,0,0,0,0,0,0,0,0,0,0,0,False,False
0.3408176,-744,-558,0,0,0,0,0,0,0,0,0,0,0,False,False
0.3742224,-744,-558,0,0,0,0,0,0,0,0,0,0,0,False,False
0.408177,-744,-558,0,0,0,0,0,0,0,0,0,0,0,False,False
0.4415104,-744,-558,0,0,0,0,0,0,0,0,0,0,0,False,False
0.4752941,-744,-558,0,0,0,0,0,0,0,0,0,0,0,False,False
0.5095899,-744,-558,0,0,0,0,0,0,0,0,0,0,0,False,False
0.5431112,-744,-558,0,0,0,0,0,0,0,0,0,0,0,False,False
0.5764447,-744,-558,0,0,0,0,0,0,0,0,0,0,0,False,False
0.6097783,-744,-558,0,0,0,0,0,0,0,0,0,0,0,False,False
0.6432224,-744,-558,0,0,0,0,0,0,0,0,0,0,0,False,False
0.6765432,-744,-558,0,0,0,0,0,0,0,0,0,0,0,False,False
0.7098775,-744,-558,0,0,0,0,0,0,0,0,0,0,0,False,False
0.743211,-744,-558,0,0,0,0,0,0,0,0,0,0,0,False,False
0.7765564,-744,-558,0,0,0,0,0,0,0,0,0,0,0,False,False
0.8104569,-744,-558,0,0,0,0,0,0,0,0,0,0,0,False,False
0.8444474,-744,-558,0,0,0,0,0,0,0,0,0,0,0,False,False
0.8777808,-744,-558,0,0,0,0,0,0,0,0,0,0,0,False,False
0.9112766,-744,-558,0,0,0,0,0,0,0,0,0,0,0,False,False
0.944707,-744,-558,0,0,0,0,0,0,0,0,0,0,0,False,False
0.9780397,-744,-558,0,0,0,0,0,0,0,0,0,0,0,False,False
1.011373,-744,-558,0,0,0,0,0,0,0,0,0,0,0,False,False
1.044707,-744,-558,0,0,0,0,0,0,0,0,0,0,0,False,False
1.078043,-744,-558,0,0,0,0,0,0,0,0,0,0,0,False,False
1.111377,-744,-558,0,0,0,0,0,0,0,0,0,0,0,False,False
1.14471,-744,-558,0,0,0,0,0,0,0,0,0,0,0,False,False
1.178044,-744,-558,0,0,0,0,0,0,0,0,0,0,0,False,False
1.211817,-744,-558,0,0,0,0,0,0,0,0,0,0,0,False,False
1.245624,-744,-558,0,0,0,0,0,0,0,0,0,0,0,False,False
1.278957,-744,-558,0,0,0,0,0,0,0,0,0,0,0,False,False
1.312291,-744,-558,0,0,0,0,0,0,0,0,0,0,0,False,False
1.345625,-744,-558,0,0,0,0,0,0,0,0,0,0,0,False,False
1.378958,-744,-558,0,0,0,0,0,0,0,0,0,0,0,False,False
1.412302,-744,-558,0,0,0,0,0,0,0,0,0,0,0,False,False
1.445635,-744,-558,0,0,0,0,0,0,0,0,0,0,0,False,False
1.478969,-744,-558,0,0,0,0,0,0,0,0,0,0,0,False,False
1.512302,-744,-558,0,0,0,0,0,0,0,0,0,0,0,False,False
1.545636,-744,-558,0,0,0,0,0,0,0,0,0,0,0,False,False
1.579093,-744,-558,0,0,0,0,0,0,0,0,0,0,0,False,False
1.612427,-744,-558,0,0,0,0,0,0,0,0,0,0,0,False,False
1.64576,-744,-558,0,0,0,0,0,0,0,0,0,0,0,False,False
1.679094,-744,-558,0,0,0,0,0,0,0,0,0,0,0,False,False
1.712427,-744,-558,0,0,0,0,0,0,0,0,0,0,0,False,False
1.745761,-744,-558,0,0,0,0,0,0,0,0,0,0,0,False,False
1.779377,-744,-558,0,0,0,0,0,0,0,0,0,0,0,False,False
1.812759,-744,-558,0,0,0,0,0,0,0,0,0,0,0,False,False
1.846093,-744,-558,0,0,0,0,0,0,0,0,0,0,0,False,False
1.879426,-744,-558,0,0,0,0,0,0,0,0,0,0,0,False,False
1.913223,-744,-558,0,0,0,0,0,0,0,0,0,0,0,False,False
1.946993,-744,-558,0,0,0,0,0,0,0,0,0,0,0,False,False
1.980395,-744,-558,0,0,0,0,0,0,0,0,0,0,0,False,False
2.013728,-744,-558,0,0,0,0,0,0,0,0,0,0,0,False,False
2.047061,-744,-558,0,0,0,0,0,0,0,0,0,0,0,False,False
2.080395,-744,-558,0,0,0,0,0,0,0,0,0,0,0,False,False
2.113729,-744,-558,0,0,0,0,0,0,0,0,0,0,0,False,False
2.147171,-744,-558,0,0,0,0,0,0,0,0,0,0,0,False,False
2.180505,-744,-558,0,0,0,0,0,0,0,0,0,0,0,False,False
2.213838,-744,-558,0,0,0,0,0,0,0,0,0,0,0,False,False
2.247174,-744,-558,0,0,0,0,0,0,0,0,0,0,0,False,False
2.280646,-744,-558,0,0,0,0,0,0,0,0,0,0,0,False,False
2.313979,-744,-558,0,0,0,0,0,0,0,0,0,0,0,False,False
2.347312,-744,-558,0,0,0,0,0,0,0,0,0,0,0,False,False
2.381231,-744,-558,0,0,0,0,0,0,0,0,0,0,0,False,False
2.415289,-744,-558,0,0,0,0,0,0,0,0,0,0,0,False,False
2.448622,-744,-558,0,1,0,0,0,0,0,0,0,0,0,False,False
2.481956,-744,-558,0,1,0,0,0,0,0,0,0,0,0,False,False
2.51529,-744,-558,0,1,0,0,0,0,0,0,0,0,0,False,False
2.548623,-744,-558,0,1,0,0,0,0,0,0,0,0,0,False,False
2.581956,-744,-558,0,1,0,0,0,0,0,0,0,0,0,False,False
2.61529,-744,-558,0,1,0,0,0,0,0,0,0,0,0,False,False
2.648623,-744,-558,0,1,0,0,0,0,0,0,0,0,0,False,False
2.681957,-744,-558,0,1,0,0,0,0,0,0,0,0,0,False,False
2.715291,-744,-558,0,1,0,0,0,0,0,0,0,0,0,False,False
2.748624,-744,-558,0,1,0,0,0,0,0,0,0,0,0,False,False
2.781957,-744,-558,0,1,0,0,0,0,0,0,0,0,0,False,False
2.815291,-744,-558,0,1,0,0,0,0,0,0,0,0,0,False,False
2.848624,-744,-558,0,1,0,0,0,0,0,0,0,0,0,False,False
2.882038,-744,-558,0,1,0,0,0,0,0,0,0,0,0,False,False
2.915371,-744,-558,0,1,0,0,0,0,0,0,0,0,0,False,False
2.949389,-744,-558,2,1,0,0,0,0,0,0,0,0,0,False,False
2.982723,-744,-558,2,1,0,0,0,0,0,0,0,0,0,False,False
3.016056,-744,-558,2,1,0,0,0,0,0,0,0,0,0,False,False
3.04939,-744,-558,2,1,0,0,0,0,0,0,0,0,0,False,False
3.083066,-744,-558,2,1,0,0,0,0,0,0,0,0,0,False,False
3.1164,-744,-558,2,1,0,0,0,0,0,0,0,0,0,False,False
3.149869,-744,-558,2,1,0,0,0,0,0,0,0,0,0,False,False
3.183611,-744,-558,2,1,0,0,0,0,0,0,0,0,0,False,False
3.21695,-744,-558,2,1,0,0,0,0,0,0,0,0,0,False,False
3.250587,-744,-558,2,1,0,0,0,0,0,0,0,0,0,False,False
3.28392,-744,-558,2,1,0,0,0,0,0,0,0,0,0,False,False
3.317254,-744,-558,2,1,0,0,0,0,0,0,0,0,0,False,False
3.350703,-744,-558,2,1,0,0,0,0,0,0,0,0,0,False,False
3.384036,-744,-558,2,1,0,0,0,0,0,0,0,0,0,False,False
3.41737,-744,-558,2,1,0,0,0,0,0,0,0,0,0,False,False
3.450703,-744,-558,2,1,0,0,0,0,0,0,0,0,0,False,False
3.484037,-744,-558,2,1,0,0,0,0,0,0,0,0,0,False,False
3.517371,-744,-558,2,1,0,0,0,0,0,0,0,0,0,False,False
3.550789,-744,-558,2,1,0,0,0,0,0,0,0,0,0,False,False
3.600044,-744,-558,2,26,0,0,0,0,0,0,1,0,0,False,False
3.633379,-744,-558,2,26,0,0,0,0,0,0,1,0,0,False,False
3.666712,-744,-558,2,26,0,0,0,0,0,0,1,0,0,False,False
3.700396,-744,-558,2,26,0,0,0,0,0,0,1,0,0,False,False
3.734003,-744,-558,2,26,0,0,0,0,0,0,1,0,0,False,False
3.767336,-744,-558,2,26,0,0,0,0,0,0,1,0,0,False,False
3.800669,-744,-558,2,26,0,0,0,0,0,0,1,0,0,False,False
3.834519,-744,-558,2,26,0,0,0,0,0,0,1,0,0,False,False
3.867852,-744,-558,2,26,0,0,0,0,0,0,1,0,0,False,False
3.901386,-744,-558,2,26,0,0,0,0,0,0,1,0,0,False,False
3.935016,-744,-558,2,26,0,0,0,0,0,0,1,0,0,False,False
3.968349,-744,-558,2,26,0,0,0,0,0,0,1,0,0,False,False
4.001683,-744,-558,2,26,0,0,0,0,0,0,1,0,0,False,False
4.035017,-744,-558,2,26,0,0,0,0,0,0,1,0,0,False,False
4.068369,-744,-558,2,26,0,0,0,0,0,0,1,0,0,False,False
4.101832,-744,-558,2,26,0,0,0,0,0,0,1,0,0,False,False
4.135165,-744,-558,2,26,0,0,0,0,0,0,1,0,0,False,False
4.168499,-744,-558,2,26,0,0,0,0,0,0,1,0,0,False,False
4.201832,-744,-558,2,26,0,0,0,0,0,0,1,0,0,False,False
4.235328,-744,-558,2,26,0,0,0,0,0,0,1,0,0,False,False
4.268661,-744,-558,2,26,0,0,0,0,0,0,1,0,0,False,False
4.302284,-744,-558,2,26,0,0,0,0,0,0,1,0,0,False,False
4.335614,-744,-558,2,26,0,0,0,0,0,0,1,0,0,False,False
4.36938,-744,-558,2,26,0,0,0,0,0,0,1,0,0,False,False
4.402714,-744,-558,2,26,0,0,0,0,0,0,1,0,0,False,False
4.436047,-744,-558,2,26,0,0,0,0,0,0,1,0,0,False,False
4.469887,-744,-558,2,26,0,0,0,0,0,0,1,0,0,False,False
4.50322,-744,-558,2,26,0,0,0,0,0,0,1,0,0,False,False
4.536947,-744,-558,2,26,0,0,0,0,0,0,1,0,0,False,False
4.570281,-744,-558,2,26,0,0,0,0,0,0,1,0,0,False,False
4.603614,-744,-558,2,26,0,0,0,0,0,0,1,0,0,False,False
4.636948,-744,-558,2,26,0,0,0,0,0,0,1,0,0,False,False
4.670462,-744,-558,2,26,0,0,0,0,0,0,1,0,0,False,False
4.703929,-744,-558,2,26,0,0,0,0,0,0,1,0,0,False,False
4.737263,-744,-558,2,26,0,0,0,0,0,0,1,0,0,False,False
4.771057,-744,-558,2,26,0,0,0,0,0,0,1,0,0,False,False
4.804689,-744,-558,2,26,0,0,0,0,0,0,1,0,0,False,False
4.838023,-744,-558,2,26,0,0,0,0,0,0,1,0,0,False,False
4.871356,-744,-558,2,26,0,0,0,0,0,0,1,0,0,False,False
4.905004,-744,-558,2,26,0,0,0,0,0,0,1,0,0,False,False
4.938714,-744,-558,2,26,0,0,0,0,0,0,1,0,0,False,False
4.972047,-744,-558,2,26,0,0,0,0,0,0,1,0,0,False,False
5.00551,-744,-558,2,26,0,0,0,0,0,0,1,0,0,False,False
5.038843,-744,-558,2,26,0,0,0,0,0,0,1,0,0,False,False
5.072176,-744,-558,2,26,0,0,0,0,0,0,1,0,0,False,False
5.105511,-744,-558,2,26,0,0,0,0,0,0,1,0,0,False,False
5.138938,-744,-558,2,26,0,0,0,0,0,0,1,0,0,False,False
5.172272,-744,-558,2,26,0,0,0,0,0,0,1,0,0,False,False
5.205606,-744,-558,2,26,0,0,0,0,0,0,1,0,0,False,False
5.238939,-744,-558,2,26,0,0,0,0,0,0,1,0,0,False,False
5.272273,-744,-558,2,26,0,0,0,0,0,0,1,0,0,False,False
5.305606,-744,-558,2,26,0,0,0,0,0,0,1,0,0,False,False
5.339376,-744,-558,2,26,0,0,0,0,0,0,1,0,0,False,False
5.372763,-744,-558,2,26,0,0,0,0,0,0,1,0,0,False,False
5.406097,-744,-558,2,26,0,0,0,0,0,0,1,0,0,False,False
5.43943,-744,-558,2,26,0,0,0,0,0,0,1,0,0,False,False
5.472764,-744,-558,2,26,0,0,0,0,0,0,1,0,0,False,False
5.506098,-744,-558,2,26,0,0,0,0,0,0,1,0,0,False,False
5.539431,-744,-558,2,26,0,0,0,0,0,0,1,0,0,False,False
5.572894,-744,-558,2,26,0,0,0,0,0,0,1,0,0,False,False
5.606668,-744,-558,2,26,0,0,0,0,0,0,1,0,0,False,False
5.640187,-744,-558,2,26,0,0,0,0,0,0,1,0,0,False,False
5.673517,-744,-558,2,26,0,0,0,0,0,0,1,0,0,False,False
5.707331,-744,-558,2,26,0,0,0,0,0,0,1,0,0,False,False
5.740664,-744,-558,2,26,0,0,0,0,0,0,1,0,0,False,False
5.774428,-744,-558,2,26,0,0,0,0,0,0,1,0,0,False,False
5.807762,-744,-558,2,26,0,0,0,0,0,0,1,0,0,False,False
5.841208,-744,-558,2,26,0,0,0,0,0,0,1,0,0,False,False
5.874542,-744,-558,2,26,0,0,0,0,0,0,1,0,0,False,False
5.907876,-744,-558,2,26,0,0,0,0,0,0,1,0,0,False,False
5.941209,-744,-558,2,26,0,0,0,0,0,0,1,0,0,False,False
5.974543,-744,-558,2,26,0,0,0,0,0,0,1,0,0,False,False
6.008141,-744,-558,2,26,0,0,0,0,0,0,1,0,0,False,False
6.041474,-744,-558,2,26,0,0,0,0,0,0,1,0,0,False,False
6.074808,-744,-558,2,26,0,0,0,0,0,0,1,0,0,False,False
6.10814,-744,-558,2,26,0,0,0,0,0,0,1,0,0,False,False
6.141476,-744,-558,2,26,0,0,0,0,0,0,1,0,0,False,False
6.175304,-744,-558,2,26,0,0,0,0,0,0,1,0,0,False,False
6.209446,-744,-558,2,26,0,0,0,0,0,0,1,0,0,False,False
6.24278,-744,-558,2,26,0,0,0,0,0,0,1,0,0,False,False
6.276114,-744,-558,2,26,0,0,0,0,0,0,1,0,0,False,False
6.309447,-744,-558,2,26,0,0,0,0,0,0,1,0,0,False,False
6.343421,-823,-543,2,26,0,0,0,0,0,0,1,0,0,False,False
6.377059,-894,-525,2,26,0,0,0,0,0,0,1,0,0,False,False
6.410388,-901,-524,2,26,0,0,0,0,0,0,1,0,0,False,False
6.443792,-901,-524,2,26,0,0,0,0,0,0,1,0,0,False,False
6.47742,-901,-524,2,26,0,0,0,0,0,0,1,0,0,False,False
6.510871,-901,-524,2,26,0,0,0,0,0,0,1,0,0,False,False
6.544205,-901,-524,2,26,0,0,0,0,0,0,1,0,0,False,False
6.577538,-901,-524,2,26,0,0,0,0,0,0,1,0,0,False,False
6.611625,-901,-524,2,26,0,0,0,0,0,0,1,0,0,False,False
6.645472,-901,-524,2,26,0,0,0,0,0,0,1,0,0,False,False
6.678823,-901,-524,2,26,0,0,0,0,0,0,1,0,0,False,False
6.712157,-901,-524,2,26,0,0,0,0,0,0,1,0,0,False,False
6.745525,-901,-524,2,26,0,0,0,0,0,0,1,0,0,False,False
6.778859,-901,-519,2,26,0,0,0,0,0,0,1,0,0,False,False
6.812192,-899,-473,2,26,0,0,0,0,0,0,1,0,0,False,False
6.845526,-892,-454,2,26,0,0,0,0,0,0,1,0,0,False,False
6.878859,-892,-454,2,26,0,0,0,0,0,0,1,0,0,False,False
6.912193,-892,-454,2,26,0,0,0,0,0,0,1,0,0,False,False
6.945526,-892,-454,2,26,0,0,0,0,0,0,1,0,0,False,False
6.978861,-892,-454,2,26,0,0,0,0,0,0,1,0,0,False,False
7.012193,-892,-454,2,26,0,0,0,0,0,0,1,0,0,False,False
7.045527,-892,-454,2,26,0,0,0,0,0,0,1,0,0,False,False
7.07886,-892,-454,2,26,0,0,0,0,0,0,1,0,0,False,False
7.112387,-892,-454,2,26,0,0,0,0,0,0,1,0,0,False,False
7.145721,-892,-454,2,26,0,0,0,0,0,0,1,0,0,False,False
7.179054,-892,-454,2,26,0,0,0,0,0,0,1,0,0,False,False
7.212388,-892,-454,2,26,0,0,0,0,0,0,1,0,0,False,False
7.245895,-892,-454,2,26,0,0,0,0,0,0,1,0,0,False,False
7.279355,-892,-454,2,26,0,0,0,0,0,0,1,0,0,False,False
7.312689,-892,-454,2,26,0,0,0,0,0,0,1,0,0,False,False
7.346191,-892,-454,2,26,0,0,0,0,0,0,1,0,0,False,False
7.379524,-892,-454,2,26,0,0,0,0,0,0,1,0,0,False,False
7.412858,-892,-454,2,26,0,0,0,0,0,0,1,0,0,False,False
7.446192,-892,-454,2,26,0,0,0,0,0,0,1,0,0,False,False
7.479526,-892,-454,2,26,0,0,0,0,0,0,1,0,0,False,False
7.512859,-892,-454,2,26,0,0,0,0,0,0,1,0,0,False,False
7.546193,-892,-454,2,26,0,0,0,0,0,0,1,0,0,False,False
7.580166,-892,-454,2,26,0,0,0,0,0,0,1,0,0,False,False
7.6135,-892,-454,2,26,0,0,0,0,0,0,1,0,0,False,False
7.646833,-892,-454,2,26,0,0,0,0,0,0,1,0,0,False,False
7.680167,-892,-454,2,26,0,0,0,0,0,0,1,0,0,False,False
7.713566,-892,-454,2,26,0,0,0,0,0,0,1,0,0,False,False
7.746943,-892,-454,2,26,0,0,0,0,0,0,1,0,0,False,False
7.780276,-892,-454,2,26,0,0,0,0,0,0,1,0,0,False,False
7.81361,-892,-454,2,26,0,0,0,0,0,0,1,0,0,False,False
7.847403,-892,-454,2,26,0,0,0,0,0,0,1,0,0,False,False
7.881295,-892,-454,2,26,0,0,0,0,0,0,1,0,0,False,False
7.914628,-892,-454,2,26,0,0,0,0,0,0,1,0,0,False,False
7.948273,-892,-454,2,26,0,0,0,0,0,0,1,0,0,False,False
7.981606,-892,-454,2,26,0,0,0,0,0,0,1,0,0,False,False
8.015421,-892,-454,2,26,0,0,0,0,0,0,1,0,0,False,False
8.048755,-892,-454,2,26,0,0,0,0,0,0,1,0,0,False,False
8.082139,-892,-454,2,26,0,0,0,0,0,0,1,0,0,False,False
8.115473,-892,-454,2,26,0,0,0,0,0,0,1,0,0,False,False
8.148806,-892,-454,2,26,0,0,0,0,0,0,1,0,0,False,False
8.182139,-892,-454,2,26,0,0,0,0,0,0,1,0,0,False,False
8.215675,-892,-454,2,26,0,0,0,0,0,0,1,0,0,False,False
8.249008,-892,-454,2,26,0,0,0,0,0,0,1,0,0,False,False
8.282342,-892,-454,2,26,0,0,0,0,0,0,1,0,0,False,False
8.315675,-892,-454,2,26,0,0,0,0,0,0,1,0,0,False,False
8.349009,-892,-454,2,26,0,0,0,0,0,0,1,0,0,False,False
8.382341,-892,-454,2,26,0,0,0,0,0,0,1,0,0,False,False
8.415675,-892,-454,2,26,0,0,0,0,0,0,1,0,0,False,False
8.449009,-892,-454,2,26,0,0,0,0,0,0,1,0,0,False,False
8.482342,-892,-454,2,26,0,0,0,0,0,0,1,0,0,False,False
8.515676,-892,-454,2,26,0,0,0,0,0,0,1,0,0,False,False
8.549009,-892,-454,2,26,0,0,0,0,0,0,1,0,0,False,False
8.582425,-892,-454,2,26,0,0,0,0,0,0,1,0,0,False,False
8.615936,-892,-454,2,26,0,0,0,0,0,0,1,0,0,False,False
8.64927,-892,-454,2,26,0,0,0,0,0,0,1,0,0,False,False
8.682603,-892,-454,2,26,0,0,0,0,0,0,1,0,0,False,False
8.716455,-892,-454,2,26,0,0,0,0,0,0,1,0,0,False,False
8.749789,-892,-454,2,26,0,0,0,0,0,0,1,0,0,False,False
8.783856,-892,-454,2,26,0,0,0,0,0,0,1,0,0,False,False
8.817385,-892,-454,2,26,0,0,0,0,0,0,1,0,0,False,False
8.850884,-892,-454,2,26,0,0,0,0,0,0,1,0,0,False,False
8.884218,-892,-454,2,26,0,0,0,0,0,0,1,0,0,False,False
8.917552,-892,-454,2,26,0,0,0,0,0,0,1,0,0,False,False
8.951534,-892,-454,2,26,0,0,0,0,0,0,1,0,0,False,False
8.985076,-892,-454,2,26,0,0,0,0,0,0,1,0,0,False,False
9.01841,-892,-454,2,26,0,0,0,0,0,0,1,0,0,False,False
9.051743,-892,-454,2,26,0,0,0,0,0,0,1,0,0,False,False
9.085076,-892,-454,2,26,0,0,0,0,0,0,1,0,0,False,False
9.11841,-892,-454,2,26,0,0,0,0,0,0,1,0,0,False,False
9.151744,-892,-454,2,26,0,0,0,0,0,0,1,0,0,False,False
9.185078,-892,-454,2,26,0,0,0,0,0,0,1,0,0,False,False
9.21841,-892,-454,2,26,0,0,0,0,0,0,1,0,0,False,False
9.251744,-892,-454,2,26,0,0,0,0,0,0,1,0,0,False,False
9.285214,-892,-454,2,26,0,0,0,0,0,0,1,0,0,False,False
9.318546,-892,-454,2,26,0,0,0,0,0,0,1,0,0,False,False
9.352653,-913,-454,2,26,0,0,0,0,0,0,1,0,0,False,False
9.385985,-939,-454,2,26,0,0,0,0,0,0,1,0,0,False,False
9.419565,-947,-454,2,26,0,0,0,0,0,0,1,0,0,False,False
9.452899,-945,-457,2,26,0,0,0,0,0,0,1,0,0,False,False
9.486744,-945,-457,2,26,0,0,0,0,0,0,1,0,0,False,False
9.52035,-945,-457,2,26,0,0,0,0,0,0,1,0,0,False,False
9.553684,-945,-457,2,26,0,0,0,0,0,0,1,0,0,False,False
9.587273,-945,-457,2,26,0,0,0,0,0,0,1,0,0,False,False
9.620606,-945,-457,2,26,0,0,0,0,0,0,1,0,0,False,False
9.653939,-945,-457,2,26,0,0,0,0,0,0,1,0,0,False,False
9.687272,-945,-457,2,26,0,0,0,0,0,0,1,0,0,False,False
9.720606,-945,-457,2,26,0,0,0,0,0,0,1,0,0,False,False
9.75445,-945,-457,2,26,0,0,0,0,0,0,1,0,0,False,False
9.787784,-945,-457,2,26,0,0,0,0,0,0,1,0,0,False,False
9.821117,-945,-457,2,26,0,0,0,0,0,0,1,0,0,False,False
9.854456,-945,-457,2,26,0,0,0,0,0,0,1,0,0,False,False
9.888029,-945,-457,2,26,0,0,0,0,0,0,1,0,0,False,False
9.921545,-945,-457,2,26,0,0,0,0,0,0,1,0,0,False,False
9.954879,-945,-457,2,26,0,0,0,0,0,0,1,0,0,False,False
9.988317,-940,-466,2,26,0,0,0,0,0,0,1,0,0,False,False
10.02165,-928,-485,2,26,0,0,0,0,0,0,1,0,0,False,False
10.05498,-924,-499,2,26,0,0,0,0,0,0,1,0,0,False,False
10.08837,-921,-506,2,26,0,0,0,0,0,0,1,0,0,False,False
10.1217,-921,-507,2,26,0,0,0,0,0,0,1,0,0,False,False
10.15504,-921,-508,2,26,0,0,0,0,0,0,1,0,0,False,False
10.18879,-921,-508,2,26,0,0,0,0,0,0,1,0,0,False,False
10.22213,-925,-497,2,26,0,0,0,0,0,0,1,0,0,False,False
10.25555,-925,-495,2,26,0,0,0,0,0,0,1,0,0,False,False
10.28889,-925,-492,2,26,0,0,0,0,0,0,1,0,0,False,False
10.32222,-925,-486,2,26,0,0,0,0,0,0,1,0,0,False,False
10.35555,-925,-480,2,26,0,0,0,0,0,0,1,0,0,False,False
10.38905,-925,-474,2,26,0,0,0,0,0,0,1,0,0,False,False
10.42246,-923,-470,2,26,0,0,0,0,0,0,1,0,0,False,False
10.45654,-920,-463,2,26,0,0,0,0,0,0,1,0,0,False,False
10.48988,-915,-456,2,26,0,0,0,0,0,0,1,0,0,False,False
10.52323,-913,-449,2,26,0,0,0,0,0,0,1,0,0,False,False
10.55741,-909,-441,2,26,0,0,0,0,0,0,1,0,0,False,False
10.59118,-903,-432,2,26,0,0,0,0,0,0,1,0,0,False,False
10.62463,-892,-416,2,26,0,0,0,0,0,0,1,0,0,False,False
10.65796,-878,-390,2,26,0,0,0,0,0,0,1,0,0,False,False
10.69129,-864,-366,2,26,0,0,0,0,0,0,1,0,0,False,False
10.7248,-852,-343,2,26,0,0,0,0,0,0,1,0,0,False,False
10.75814,-833,-308,2,26,0,0,0,0,0,0,1,0,0,False,False
10.79147,-825,-293,2,26,0,0,0,0,0,0,1,0,0,False,False
10.82482,-814,-275,2,26,0,0,0,0,0,0,1,0,0,False,False
10.85815,-801,-254,2,26,0,0,0,0,0,0,1,0,0,False,False
10.89149,-781,-224,2,26,0,0,0,0,0,0,1,0,0,False,False
10.92482,-764,-193,2,26,0,0,0,0,0,0,1,0,0,False,False
10.95815,-758,-174,2,26,0,0,0,0,0,0,1,0,0,False,False
10.99149,-757,-161,2,26,0,0,0,0,0,0,1,0,0,False,False
11.02482,-757,-151,2,26,0,0,0,0,0,0,1,0,0,False,False
11.05815,-757,-143,2,26,0,0,0,0,0,0,1,0,0,False,False
11.09149,-758,-142,2,26,0,0,0,0,0,0,1,0,0,False,False
11.12482,-763,-142,2,26,0,0,0,0,0,0,1,0,0,False,False
11.15815,-770,-143,2,26,0,0,0,0,0,0,1,0,0,False,False
11.19149,-775,-146,2,26,0,0,0,0,0,0,1,0,0,False,False
11.22515,-782,-148,2,26,0,0,0,0,0,0,1,0,0,False,False
11.25885,-785,-149,2,26,0,0,0,0,0,0,1,0,0,False,False
11.29271,-786,-149,2,26,0,0,0,0,0,0,1,0,0,False,False
11.3261,-786,-149,2,26,0,0,0,0,0,0,1,0,0,False,False
11.35943,-786,-149,2,26,0,0,0,0,0,0,1,0,0,False,False
11.39276,-786,-149,2,26,0,0,0,0,0,0,1,0,0,False,False
11.4266,-786,-149,2,26,0,0,0,0,0,0,1,0,0,False,False
11.45993,-786,-149,2,26,0,0,0,0,0,0,1,0,0,False,False
11.49327,-786,-149,2,26,0,0,0,0,0,0,1,0,0,True,False
11.52705,-786,-149,2,26,0,0,0,0,0,0,1,0,0,True,False
11.56039,-786,-149,2,26,0,0,0,0,0,0,1,0,0,True,False
11.59372,-786,-149,2,26,0,0,0,0,0,0,1,0,0,True,False
11.62707,-786,-149,2,26,0,0,0,0,0,0,1,0,0,True,False
11.66087,-786,-149,2,26,0,0,0,0,0,0,1,0,0,False,False
11.6942,-786,-149,2,26,0,0,0,0,0,0,1,0,0,False,False
11.72767,-786,-149,2,26,0,0,0,0,0,0,1,0,0,False,False
11.761,-786,-149,2,26,0,0,0,0,0,0,1,0,0,False,False
11.79474,-786,-149,2,26,0,0,0,0,0,0,1,0,0,False,False
11.82886,-786,-149,2,26,0,0,0,0,0,0,1,0,0,False,False
11.86256,-786,-149,2,26,0,0,0,0,0,0,1,0,0,False,False
11.89612,-786,-149,2,26,0,0,0,0,0,0,1,0,0,False,False
11.92946,-786,-149,2,26,0,0,0,0,0,0,1,0,0,False,False
11.96279,-786,-149,2,26,0,0,0,0,0,0,1,0,0,False,False
11.9962,-786,-149,2,26,0,0,0,0,0,0,1,0,0,False,False
12.02953,-786,-149,2,26,0,0,0,0,0,0,1,0,0,False,False
12.06286,-786,-149,2,26,0,0,0,0,0,0,1,0,0,False,False
12.0962,-786,-149,2,26,0,0,0,0,0,0,1,0,0,False,False
12.12953,-786,-149,2,26,0,0,0,0,0,0,1,0,0,False,False
12.16286,-786,-149,2,26,0,0,0,0,0,0,1,0,0,False,False
12.19676,-786,-149,2,26,0,0,0,0,0,0,1,0,0,False,False
12.2301,-786,-149,2,26,0,0,0,0,0,0,1,0,0,False,False
12.26343,-786,-149,2,26,0,0,0,0,0,0,1,0,0,False,False
12.29696,-786,-149,2,26,0,0,0,0,0,0,1,0,0,False,False
12.3303,-786,-149,2,26,0,0,0,0,0,0,1,0,0,False,False
12.36363,-786,-149,2,26,0,0,0,0,0,0,1,0,0,False,False
12.39724,-786,-149,2,26,0,0,0,0,0,0,1,0,0,False,False
12.43057,-786,-149,2,26,0,0,0,0,0,0,1,0,0,False,False
12.46391,-786,-149,2,26,0,0,0,0,0,0,1,0,0,False,False
12.49726,-786,-149,2,26,0,0,0,0,0,0,1,0,0,False,False
12.53061,-786,-149,2,26,0,0,0,0,0,0,1,0,0,False,False
12.56394,-786,-149,2,26,0,0,0,0,0,0,1,0,0,False,False
12.59739,-786,-149,2,26,0,0,0,0,0,0,1,0,0,False,False
12.63072,-786,-149,2,26,0,0,0,0,0,0,1,0,0,False,False
12.66406,-786,-149,2,26,0,0,0,0,0,0,1,0,0,False,False
12.69739,-786,-149,2,26,0,0,0,0,0,0,1,0,0,False,False
12.73072,-786,-149,2,26,0,0,0,0,0,0,1,0,0,False,False
12.76406,-786,-149,2,26,0,0,0,0,0,0,1,0,0,False,False
12.79739,-786,-149,2,26,0,0,0,0,0,0,1,0,0,False,False
12.83072,-786,-149,2,26,0,0,0,0,0,0,1,0,0,False,False
12.86406,-786,-149,2,26,0,0,0,0,0,0,1,0,0,False,False
12.89739,-786,-149,2,26,0,0,0,0,0,0,1,0,0,True,False
12.93093,-786,-149,2,26,0,0,0,0,0,0,1,0,0,True,False
12.96426,-786,-149,2,26,0,0,0,0,0,0,1,0,0,True,False
12.99759,-786,-149,2,26,0,0,0,0,0,0,1,0,0,True,False
13.0311,-786,-149,2,26,0,0,0,0,0,0,1,0,0,True,False
13.06485,-786,-149,2,26,0,0,0,0,0,0,1,0,0,False,False
13.09838,-786,-149,2,26,0,0,0,0,0,0,1,0,0,False,False
13.13183,-786,-149,2,26,0,0,0,0,0,0,1,0,0,False,False
13.16516,-786,-149,2,26,0,0,0,0,0,0,1,0,0,False,False
13.19884,-786,-149,2,26,0,0,0,0,0,0,1,0,0,False,False
13.23217,-786,-149,2,26,0,0,0,0,0,0,1,0,0,False,False
13.26551,-786,-149,2,26,0,0,0,0,0,0,1,0,0,False,False
13.29884,-786,-149,2,26,0,0,0,0,0,0,1,0,0,False,False
13.33258,-786,-149,2,26,0,0,0,0,0,0,1,0,0,False,False
13.36633,-786,-149,2,26,0,0,0,0,0,0,1,0,0,False,False
13.39967,-786,-149,2,26,0,0,0,0,0,0,1,0,0,False,False
13.433,-786,-149,2,26,0,0,0,0,0,0,1,0,0,False,False
13.46633,-786,-149,2,26,0,0,0,0,0,0,1,0,0,False,False
13.4998,-786,-149,2,26,0,0,0,0,0,0,1,0,0,False,False
13.53313,-786,-152,2,26,0,0,0,0,0,0,1,0,0,False,False
13.56714,-786,-154,2,26,0,0,0,0,0,0,1,0,0,False,False
13.60048,-786,-154,2,26,0,0,0,0,0,0,1,0,0,False,False
13.63381,-786,-154,2,26,0,0,0,0,0,0,1,0,0,False,False
13.66785,-786,-154,2,26,0,0,0,0,0,0,1,0,0,False,False
13.70118,-786,-154,2,26,0,0,0,0,0,0,1,0,0,False,False
13.73503,-779,-154,2,26,0,0,0,0,0,0,1,0,0,False,False
13.769,-770,-154,2,26,0,0,0,0,0,0,1,0,0,False,False
13.80233,-764,-154,2,26,0,0,0,0,0,0,1,0,0,False,False
13.83572,-760,-154,2,26,0,0,0,0,0,0,1,0,0,False,False
13.86906,-760,-154,2,26,0,0,0,0,0,0,1,0,0,False,False
13.90239,-760,-154,2,26,0,0,0,0,0,0,1,0,0,False,False
13.93616,-760,-154,2,26,0,0,0,0,0,0,1,0,0,False,False
13.96949,-760,-154,2,26,0,0,0,0,0,0,1,0,0,False,False
14.00282,-760,-154,2,26,0,0,0,0,0,0,1,0,0,True,False
14.03616,-760,-154,2,26,0,0,0,0,0,0,1,0,0,True,False
14.06998,-760,-154,2,26,0,0,0,0,0,0,1,0,0,True,False
14.10335,-760,-154,2,26,0,0,0,0,0,0,1,0,0,True,False
14.13668,-760,-154,2,26,0,0,0,0,0,0,1,0,0,True,False
14.17002,-760,-154,2,26,0,0,29,1,0,0,2,0,0,False,False
14.20335,-760,-154,2,26,0,0,29,1,0,0,2,0,0,False,False
14.23668,-760,-154,2,26,0,0,29,1,0,0,2,0,0,False,False
14.27028,-760,-154,2,26,0,0,29,1,0,0,2,0,0,False,False
14.30361,-760,-154,2,26,0,0,29,1,0,0,2,0,0,False,False
14.33743,-760,-154,2,26,0,0,29,1,0,0,2,0,0,False,False
14.37076,-760,-154,2,26,0,0,29,1,0,0,2,0,0,False,False
14.4041,-760,-154,2,26,0,0,29,1,0,0,2,0,0,False,False
14.43743,-760,-154,2,26,0,0,29,1,0,0,2,0,0,False,False
14.47076,-760,-154,2,26,0,0,29,1,0,0,2,0,0,False,False
14.5041,-760,-154,2,26,0,0,29,1,0,0,2,0,0,False,False
14.53743,-760,-154,2,26,0,0,29,1,0,0,2,0,0,False,False
14.57076,-760,-154,2,26,0,0,29,1,0,0,2,0,0,False,False
14.6041,-760,-154,2,26,0,0,29,1,0,0,2,0,0,False,False
14.63743,-760,-154,2,26,0,0,29,1,0,0,2,0,0,False,False
14.67076,-760,-154,2,26,0,0,29,1,0,0,2,0,0,False,False
14.7041,-760,-154,2,26,0,0,29,1,0,0,2,0,0,False,False
14.73743,-760,-154,2,26,0,0,29,1,0,0,2,0,0,False,False
14.7708,-760,-154,2,26,0,0,29,1,0,0,2,0,0,False,False
14.80413,-760,-154,2,26,0,0,29,1,0,0,2,0,0,False,False
14.83746,-760,-154,2,26,0,0,29,1,0,0,2,0,0,False,False
14.8708,-760,-154,2,26,0,0,29,1,0,0,2,0,0,False,False
14.90413,-760,-154,2,26,0,0,29,1,0,0,2,0,0,False,False
14.93748,-760,-154,2,26,0,0,29,1,0,0,2,0,0,False,False
14.97081,-760,-154,2,26,0,0,29,1,0,0,2,0,0,False,False
15.00414,-760,-154,2,26,0,0,29,1,0,0,2,0,0,False,False
15.03748,-760,-154,2,26,0,0,29,1,0,0,2,0,0,False,False
15.07081,-760,-154,2,26,0,0,29,1,0,0,2,0,0,False,False
15.10419,-760,-154,2,26,0,0,29,1,0,0,2,0,0,False,False
15.13785,-760,-154,2,26,0,0,29,1,0,0,2,0,0,False,False
15.17188,-760,-154,2,26,0,0,29,1,0,0,2,0,0,False,False
15.20552,-760,-154,2,26,0,0,29,1,0,0,2,0,0,False,False
15.23886,-760,-154,2,26,0,0,29,1,0,0,2,0,0,False,False
15.27281,-760,-154,2,26,0,0,29,1,0,0,2,0,0,False,False
15.3062,-760,-154,2,26,0,0,29,1,0,0,2,0,0,False,False
15.33953,-760,-154,2,26,0,0,29,1,0,0,2,0,0,False,False
15.37301,-760,-154,2,26,0,0,29,1,0,0,2,0,0,False,False
15.40634,-760,-154,2,26,0,0,29,1,0,0,2,0,0,False,False
15.43968,-760,-154,2,26,0,0,29,1,0,0,2,0,0,False,False
15.47301,-760,-154,2,26,0,0,29,1,0,0,2,0,0,False,False
15.50721,-760,-154,2,26,0,0,29,1,0,0,2,0,0,False,False
15.54077,-760,-154,2,26,0,0,29,1,0,0,2,0,0,False,False
15.5746,-760,-154,2,26,0,0,29,1,0,0,2,0,0,False,False
15.60795,-760,-154,2,26,0,0,29,1,0,0,2,0,0,False,False
15.64128,-760,-154,2,26,0,0,29,1,0,0,2,0,0,False,False
15.67474,-760,-154,2,26,0,0,29,1,0,0,2,0,0,False,False
15.70808,-760,-154,2,26,0,0,29,1,0,0,2,0,0,False,False
15.74141,-760,-154,2,26,0,0,29,1,0,0,2,0,0,False,False
15.77507,-760,-154,2,26,0,0,29,1,0,0,2,0,0,False,False
15.8084,-760,-154,2,26,0,0,29,1,0,0,2,0,0,False,False
15.84174,-760,-154,2,26,0,0,29,1,0,0,2,0,0,False,False
15.8751,-760,-154,2,26,0,0,29,1,0,0,2,0,0,False,False
15.90844,-760,-154,2,26,0,0,29,1,0,0,2,0,0,False,False
15.94177,-760,-154,2,26,0,0,29,1,0,0,2,0,0,False,False
15.9751,-760,-154,2,26,0,0,29,1,0,0,2,0,0,False,False
16.00844,-760,-154,2,26,0,0,29,1,0,0,2,0,0,False,False
16.04177,-760,-154,2,26,0,0,29,1,0,0,2,0,0,False,False
16.07511,-760,-154,2,26,0,0,29,1,0,0,2,0,0,False,False
16.10844,-760,-154,2,26,0,0,29,1,0,0,2,0,0,False,False
16.14177,-760,-154,2,26,0,0,29,1,0,0,2,0,0,False,False
16.17511,-760,-154,2,26,0,0,29,1,0,0,2,0,0,False,False
16.20844,-760,-154,2,26,0,0,29,1,0,0,2,0,0,False,False
16.24177,-760,-154,2,26,0,0,29,1,0,0,2,0,0,False,False
16.27511,-760,-154,2,26,0,0,29,1,0,0,2,0,0,False,False
16.30844,-760,-154,2,26,0,0,29,1,0,0,2,0,0,False,False
16.34178,-760,-154,2,26,0,0,29,1,0,0,2,0,0,False,False
16.37511,-760,-154,2,26,0,0,29,1,0,0,2,0,0,False,False
16.40845,-760,-154,2,26,0,0,29,1,0,0,2,0,0,False,False
16.44178,-760,-154,2,26,0,0,29,1,0,0,2,0,0,False,False
16.47535,-760,-154,2,26,0,0,29,1,0,0,2,0,0,False,False
16.50869,-760,-154,2,26,0,0,29,1,0,0,2,0,0,True,False
16.54202,-760,-154,2,26,0,0,29,1,0,0,2,0,0,True,False
16.57577,-760,-154,2,26,0,0,29,1,0,0,2,0,0,True,False
16.60911,-760,-154,2,26,0,0,29,1,0,0,2,0,0,True,False
16.64244,-760,-154,2,26,1,0,29,1,0,0,3,0,0,False,False
16.67578,-760,-154,2,26,1,0,29,1,0,0,3,0,0,False,False
16.70911,-760,-154,2,26,1,0,29,1,0,0,3,0,0,False,False
16.74278,-760,-154,2,26,1,0,29,1,0,0,3,0,0,False,False
16.77611,-760,-154,2,26,1,0,29,1,0,0,3,0,0,False,False
16.80944,-760,-154,2,26,1,0,29,1,0,0,3,0,0,False,False
16.84317,-760,-154,2,26,1,0,29,1,0,0,3,0,0,False,False
16.87678,-760,-154,2,26,1,0,29,1,0,0,3,0,0,False,False
16.91012,-760,-154,2,26,1,0,29,1,0,0,3,0,0,False,False
16.94406,-760,-154,2,26,1,0,29,1,0,0,3,0,0,False,False
16.97739,-760,-154,2,26,1,0,29,1,0,0,3,0,0,False,False
17.01073,-760,-154,2,26,1,0,29,1,0,0,3,0,0,False,False
17.04406,-760,-154,2,26,1,0,29,1,0,0,3,0,0,False,False
17.07739,-760,-154,2,26,1,0,29,1,0,0,3,0,0,False,False
17.11073,-760,-154,2,26,1,0,29,1,0,0,3,0,0,False,False
17.14408,-760,-154,2,26,1,0,29,1,0,0,3,0,0,False,False
17.17768,-760,-154,2,26,1,0,29,1,0,0,3,0,0,False,False
17.21102,-760,-154,2,26,1,0,29,1,0,0,3,0,0,False,False
17.2449,-760,-154,2,26,1,0,29,1,0,0,3,0,0,False,False
17.27823,-760,-154,2,26,1,0,29,1,0,0,3,0,0,False,False
17.31156,-760,-154,2,26,1,0,29,1,0,0,3,0,0,False,False
17.3449,-760,-154,2,26,1,0,29,1,0,0,3,0,0,False,False
17.37847,-760,-154,2,26,1,0,29,1,0,0,3,0,0,False,False
17.4118,-760,-154,2,26,1,0,29,1,0,0,3,0,0,False,False
17.44513,-760,-154,2,26,1,0,29,1,0,0,3,0,0,False,False
17.47846,-760,-154,2,26,1,0,29,1,0,0,3,0,0,False,False
17.5118,-760,-154,2,26,1,0,29,1,0,0,3,0,0,False,False
17.54521,-761,-154,2,26,1,0,29,1,0,0,3,0,0,False,False
17.5791,-800,-155,2,26,1,0,29,1,0,0,3,0,0,False,False
17.61243,-826,-155,2,26,1,0,29,1,0,0,3,0,0,False,False
17.64605,-870,-155,2,26,1,0,29,1,0,0,3,0,0,False,False
17.67939,-911,-157,2,26,1,0,29,1,0,0,3,0,0,False,False
17.71272,-948,-158,2,26,1,0,29,1,0,0,3,0,0,False,False
17.74605,-984,-158,2,26,1,0,29,1,0,0,3,0,0,False,False
17.77939,-1007,-159,2,26,1,0,29,1,0,0,3,0,0,False,False
17.81287,-1017,-159,2,26,1,0,29,1,0,0,3,0,0,False,False
17.84646,-1017,-159,2,26,1,0,29,1,0,0,3,0,0,False,False
17.8798,-1017,-159,2,26,1,0,29,1,0,0,3,0,0,False,False
17.91313,-1017,-159,2,26,1,0,29,1,0,0,3,0,0,False,False
17.94646,-1017,-159,2,26,1,0,29,1,0,0,3,0,0,False,False
17.9798,-1017,-159,2,26,1,0,29,1,0,0,3,0,0,False,False
18.01313,-1017,-159,2,26,1,0,29,1,0,0,3,0,0,False,False
18.04683,-1017,-159,2,26,1,0,29,1,0,0,3,0,0,False,False
18.08016,-1017,-159,2,26,1,0,29,1,0,0,3,0,0,False,False
18.11358,-1017,-159,2,26,1,0,29,1,0,0,3,0,0,False,False
18.14709,-1017,-159,2,26,1,0,29,1,0,0,3,0,0,False,False
18.18042,-1017,-159,2,26,1,0,29,1,0,0,3,0,0,False,False
18.21375,-1017,-159,2,26,1,0,29,1,0,0,3,0,0,False,False
18.24739,-1017,-159,2,26,1,0,29,1,0,0,3,0,0,False,False
18.28085,-1017,-159,2,26,1,0,29,1,0,0,3,0,0,False,False
18.31418,-1017,-159,2,26,1,0,29,1,0,0,3,0,0,False,False
18.34794,-1017,-159,2,26,1,0,29,1,0,0,3,0,0,False,False
18.38127,-1017,-159,2,26,1,0,29,1,0,0,3,0,0,False,False
18.4146,-1017,-159,2,26,1,0,29,1,0,0,3,0,0,False,False
18.44794,-1017,-159,2,26,1,0,29,1,0,0,3,0,0,False,False
18.48127,-1017,-159,2,26,1,0,29,1,0,0,3,0,0,False,False
18.51541,-1017,-159,2,26,1,0,29,1,0,0,3,0,0,False,False
18.54899,-1017,-159,2,26,1,0,29,1,0,0,3,0,0,False,False
18.58237,-1017,-159,2,26,1,0,29,1,0,0,3,0,0,False,False
18.61571,-1017,-159,2,26,1,0,29,1,0,0,3,0,0,False,False
18.64904,-1017,-159,2,26,1,0,29,1,0,0,3,0,0,False,False
18.68239,-1017,-159,2,26,1,0,29,1,0,0,3,0,0,False,False
18.71571,-1017,-159,2,26,1,0,29,1,0,0,3,0,0,False,False
18.74908,-1017,-159,2,26,1,0,29,1,0,0,3,0,0,False,False
18.78242,-1017,-159,2,26,1,0,29,1,0,0,3,0,0,False,False
18.81583,-1017,-159,2,26,1,0,29,1,0,0,3,0,0,False,False
18.84924,-1017,-159,2,26,1,0,29,1,0,0,3,0,0,False,False
18.88257,-1017,-159,2,26,1,0,29,1,0,0,3,0,0,False,False
18.91591,-1017,-159,2,26,1,0,29,1,0,0,3,0,0,False,False
18.94929,-1017,-159,2,26,1,0,29,1,0,0,3,0,0,False,False
18.98262,-1017,-159,2,26,1,0,29,1,0,0,3,0,0,False,False
19.01595,-1017,-159,2,26,1,0,29,1,0,0,3,0,0,False,False
19.04929,-1017,-159,2,26,1,0,29,1,0,0,3,0,0,False,False
19.08262,-1017,-159,2,26,1,0,29,1,0,0,3,0,0,False,False
19.11595,-1017,-159,2,26,1,0,29,1,0,0,3,0,0,False,False
19.14929,-1017,-159,2,26,1,0,29,1,0,0,3,0,0,False,False
19.18262,-1017,-159,2,26,1,0,29,1,0,0,3,0,0,False,False
19.21621,-1017,-159,2,26,1,0,29,1,0,0,3,0,0,False,False
19.24955,-1017,-159,2,26,1,0,29,1,0,0,3,0,0,False,False
19.28288,-1017,-159,2,26,1,0,29,1,0,0,3,0,0,False,False
19.31621,-1017,-159,2,26,1,0,29,1,0,0,3,0,0,False,False
19.34955,-1017,-159,2,26,1,0,29,1,0,0,3,0,0,False,False
19.38288,-1017,-159,2,26,1,0,29,1,0,0,3,0,0,False,False
19.41621,-1017,-159,2,26,1,0,29,1,0,0,3,0,0,False,False
19.44955,-1017,-159,2,26,1,0,29,1,0,0,3,0,0,False,False
19.48314,-1017,-159,2,26,1,0,29,1,0,0,3,0,0,False,False
19.51646,-1017,-159,2,26,1,0,29,1,0,0,3,0,0,False,False
19.54984,-1017,-159,2,26,1,0,29,1,0,0,3,0,0,False,False
19.58318,-1017,-159,2,26,1,0,29,1,0,0,3,0,0,False,False
19.61672,-1017,-159,2,26,1,0,29,1,0,0,3,0,0,False,False
19.65005,-1017,-159,2,26,1,0,29,1,0,0,3,0,0,False,False
19.68338,-1017,-159,2,26,1,0,29,1,0,0,3,0,0,False,False
19.71743,-1017,-159,2,26,1,0,29,1,0,0,3,0,0,False,False
19.75076,-1017,-159,2,26,1,0,29,1,0,0,3,0,0,False,False
19.78441,-1017,-159,2,26,1,0,29,1,0,0,3,0,0,False,False
19.81774,-1017,-159,2,26,1,0,29,1,0,0,3,0,0,False,False
19.85108,-1017,-159,2,26,1,0,29,1,0,0,3,0,0,False,False
19.88442,-1017,-159,2,26,1,0,29,1,0,0,3,0,0,False,False
19.91776,-1017,-159,2,26,1,0,29,1,0,0,3,0,0,False,False
19.95109,-1017,-159,2,26,1,0,29,1,0,0,3,0,0,False,False
19.98442,-1017,-159,2,26,1,0,29,1,0,0,3,0,0,False,False
20.01776,-1017,-159,2,26,1,0,29,1,0,0,3,0,0,False,False
20.05109,-1017,-159,2,26,1,0,29,1,0,0,3,0,0,False,False
20.08442,-1017,-159,2,26,1,0,29,1,0,0,3,0,0,False,False
20.11776,-1017,-159,2,26,1,0,29,1,0,0,3,0,0,False,False
20.1513,-1017,-159,2,26,1,0,29,1,0,0,3,0,0,False,False
20.18535,-1017,-159,2,26,1,0,29,1,0,0,3,0,0,False,False
20.21897,-1017,-159,2,26,1,0,29,1,0,0,3,0,0,False,False
20.25231,-1017,-159,2,26,1,0,29,1,0,0,3,0,0,False,False
20.28564,-1017,-159,2,26,1,0,29,1,0,0,3,0,0,False,False
20.31935,-1017,-159,2,26,1,0,29,1,0,0,3,0,0,False,False
20.35268,-1017,-159,2,26,1,0,29,1,0,0,3,0,0,False,False
20.38602,-1017,-159,2,26,1,0,29,1,0,0,3,0,0,False,False
20.41935,-1017,-159,2,26,1,0,29,1,0,0,3,0,0,False,False
20.45287,-1017,-159,2,26,1,0,29,1,0,0,3,0,0,False,False
20.48619,-1017,-159,2,26,1,0,29,1,0,0,3,0,0,False,False
20.51953,-1017,-159,2,26,1,0,29,1,0,0,3,0,0,False,False
20.55286,-1017,-159,2,26,1,0,29,1,0,0,3,0,0,False,False
20.58619,-1017,-159,2,26,1,0,29,1,0,0,3,0,0,False,False
20.62008,-1017,-159,2,26,1,0,29,1,0,0,3,0,0,False,False
20.65342,-1017,-159,2,26,1,0,29,1,0,0,3,0,0,False,False
20.68675,-1017,-159,2,26,1,0,29,1,0,0,3,0,0,False,False
20.72009,-1017,-159,2,26,1,0,29,1,0,0,3,0,0,False,False
20.75368,-1017,-159,2,26,1,0,29,1,0,0,3,0,0,False,False
20.78738,-1017,-159,2,26,1,0,29,1,0,0,3,0,0,False,False
20.82071,-1017,-159,2,26,1,0,29,1,0,0,3,0,0,False,False
20.85405,-1017,-159,2,26,1,0,29,1,0,0,3,0,0,False,False
20.88739,-1017,-159,2,26,1,0,29,1,0,0,3,0,0,False,False
20.92072,-1017,-159,2,26,1,0,29,1,0,0,3,0,0,False,False
20.95406,-1017,-159,2,26,1,0,29,1,0,0,3,0,0,False,False
20.98739,-1017,-159,2,26,1,0,29,1,0,0,3,0,0,False,False
21.02073,-1017,-159,2,26,1,0,29,1,0,0,3,0,0,False,False
21.055,-1017,-159,2,26,1,0,29,1,0,0,3,0,0,False,False
21.0884,-1017,-159,2,26,1,0,29,1,0,0,3,0,0,False,False
21.12223,-1017,-159,2,26,1,0,29,1,0,0,3,0,0,False,False
21.15557,-1017,-159,2,26,1,0,29,1,0,0,3,0,0,False,False
21.1889,-1017,-159,2,26,1,0,29,1,0,0,3,0,0,False,False
21.22227,-1017,-159,2,26,1,0,29,1,0,0,3,0,0,False,False
21.2556,-1017,-159,2,26,1,0,29,1,0,0,3,0,0,False,False
21.28913,-1017,-159,2,26,1,0,29,1,0,0,3,0,0,False,False
21.32262,-1017,-159,2,26,1,0,29,1,0,0,3,0,0,False,False
21.35637,-1017,-159,2,26,1,0,29,1,0,0,3,0,0,False,False
21.38971,-1017,-159,2,26,1,0,29,1,0,0,3,0,0,False,False
21.42304,-1017,-159,2,26,1,0,29,1,0,0,3,0,0,False,False
21.45638,-1017,-159,2,26,1,0,29,1,0,0,3,0,0,False,False
21.48971,-1017,-159,2,26,1,0,29,1,0,0,3,0,0,False,False
21.52304,-1017,-159,2,26,1,0,29,1,0,0,3,0,0,False,False
21.55637,-1017,-159,2,26,1,0,29,1,0,0,3,0,0,False,False
21.58971,-1017,-159,2,26,1,0,29,1,0,0,3,0,0,False,False
21.62304,-1017,-159,2,26,1,0,29,1,0,0,3,0,0,False,False
21.65637,-1017,-159,2,26,1,0,29,1,0,0,3,0,0,False,False
21.68971,-1017,-159,2,26,1,0,29,1,0,0,3,0,0,False,False
21.72347,-1017,-159,2,26,1,0,29,1,0,0,3,0,0,False,False
21.75755,-1017,-159,2,26,1,0,29,1,0,0,3,0,0,False,False
21.79088,-1017,-159,2,26,1,0,29,1,0,0,3,0,0,False,False
21.82421,-1017,-159,2,26,1,0,29,1,0,0,3,0,0,False,False
21.85754,-1017,-159,2,26,1,0,29,1,0,0,3,0,0,False,False
21.89088,-1017,-159,2,26,1,0,29,1,0,0,3,0,0,False,False
21.92421,-1017,-159,2,26,1,0,29,1,0,0,3,0,0,False,False
21.95754,-1017,-159,2,26,1,0,29,1,0,0,3,0,0,False,False
21.99088,-1017,-159,2,26,1,0,29,1,0,0,3,0,0,False,False
22.02434,-1017,-159,2,26,1,0,29,1,0,0,3,0,0,False,False
22.05825,-1017,-159,2,26,1,0,29,1,0,0,3,0,0,False,False
22.09158,-1017,-159,2,26,1,0,29,1,0,0,3,0,0,False,False
22.12537,-1017,-159,2,26,1,0,29,1,0,0,3,0,0,False,False
22.15894,-1017,-159,2,26,1,0,29,1,0,0,3,0,0,False,False
22.19228,-1017,-159,2,26,1,0,29,1,0,0,3,0,0,False,False
22.22561,-1017,-159,2,26,1,0,29,1,0,0,3,0,0,False,False
22.25894,-1017,-159,2,26,1,0,29,1,0,0,3,0,0,False,False
22.29228,-1017,-159,2,26,1,0,29,1,0,0,3,0,0,False,False
22.32561,-1017,-159,2,26,1,0,29,1,0,0,3,0,0,False,False
22.35915,-1017,-159,2,26,1,0,29,1,0,0,3,0,0,False,False
22.3929,-1017,-159,2,26,1,0,29,1,0,0,3,0,0,False,False
22.42623,-1017,-159,2,26,1,0,29,1,0,0,3,0,0,False,False
22.45958,-1017,-159,2,26,1,0,29,1,0,0,3,0,0,False,False
22.49291,-1017,-159,2,26,1,0,29,1,0,0,3,0,0,False,False
22.52673,-1017,-159,2,26,1,0,29,1,0,0,3,0,0,False,False
22.56006,-1017,-159,2,26,1,0,29,1,0,0,3,0,0,False,False
22.59372,-1017,-159,2,26,1,0,29,1,0,0,3,0,0,False,False
22.62726,-1017,-159,2,26,1,0,29,1,0,0,3,0,0,False,False
22.66095,-1017,-159,2,26,1,0,29,1,0,0,3,0,0,False,False
22.69428,-1017,-159,2,26,1,0,29,1,0,0,3,0,0,False,False
22.72767,-1017,-159,2,26,1,0,29,1,0,0,3,0,0,False,False
22.76104,-1017,-159,2,26,1,0,29,1,0,0,3,0,0,False,False
22.79438,-1017,-159,2,26,1,0,29,1,0,0,3,0,0,False,False
22.82771,-1017,-159,2,26,1,0,29,1,0,0,3,0,0,False,False
22.86104,-1017,-159,2,26,1,0,29,1,0,0,3,0,0,False,False
22.89438,-1017,-159,2,26,1,0,29,1,0,0,3,0,0,False,False
22.92771,-1017,-159,2,26,1,0,29,1,0,0,3,0,0,False,False
22.96104,-1017,-159,2,26,1,0,29,1,0,0,3,0,0,False,False
22.99438,-1017,-159,2,26,1,0,29,1,0,0,3,0,0,False,False
23.02771,-1017,-159,2,26,1,0,29,1,0,0,3,0,0,False,False
23.06104,-1017,-159,2,26,1,0,29,1,0,0,3,0,0,False,False
23.09452,-1017,-159,2,26,1,0,29,1,0,0,3,0,0,False,False
23.12786,-1017,-159,2,26,1,0,29,1,0,0,3,0,0,False,False
23.16203,-1017,-159,2,26,1,0,29,1,0,0,3,0,0,False,False
23.19537,-1017,-159,2,26,1,0,29,1,0,0,3,0,0,False,False
23.22938,-1017,-159,2,26,1,0,29,1,0,0,3,0,0,False,False
23.26288,-1017,-159,2,26,1,0,29,1,0,0,3,0,0,False,False
23.29622,-1017,-159,2,26,1,0,29,1,0,0,3,0,0,False,False
23.32955,-1017,-159,2,26,1,0,29,1,0,0,3,0,0,False,False
23.36288,-1017,-159,2,26,1,0,29,1,0,0,3,0,0,False,False
23.39621,-1017,-159,2,26,1,0,29,1,0,0,3,0,0,False,False
23.42955,-1017,-159,2,26,1,0,29,1,0,0,3,0,0,False,False
23.46288,-1017,-159,2,26,1,0,29,1,0,0,3,0,0,False,False
23.49621,-1017,-159,2,26,1,0,29,1,0,0,3,0,0,False,False
23.52955,-1017,-159,2,26,1,0,29,1,0,0,3,0,0,False,False
23.56289,-1017,-159,2,26,1,0,29,1,0,0,3,0,0,False,False
23.59626,-1017,-159,2,26,1,0,29,1,0,0,3,0,0,False,False
23.62959,-1017,-159,2,26,1,0,29,1,0,0,3,0,0,False,False
23.66293,-1017,-159,2,26,1,0,29,1,0,0,3,0,0,False,False
23.69626,-1017,-159,2,26,1,0,29,1,0,0,3,0,0,False,False
23.7296,-1017,-159,2,26,1,0,29,1,0,0,3,0,0,False,False
23.76293,-1017,-159,2,26,1,0,29,1,0,0,3,0,0,False,False
23.79681,-1017,-159,2,26,1,0,29,1,0,0,3,0,0,False,False
23.83048,-1017,-159,2,26,1,0,29,1,0,0,3,0,0,False,False
23.86382,-1017,-159,2,26,1,0,29,1,0,0,3,0,0,False,False
23.89733,-1017,-159,2,26,1,0,29,1,0,0,3,0,0,False,False
23.93066,-1017,-159,2,26,1,0,29,1,0,0,3,0,0,False,False
23.96399,-1017,-159,2,26,1,0,29,1,0,0,3,0,0,False,False
23.99733,-1017,-159,2,26,1,0,29,1,0,0,3,0,0,False,False
24.03066,-1017,-159,2,26,1,0,29,1,0,0,3,0,0,False,False
24.06399,-1017,-159,2,26,1,0,29,1,0,0,3,0,0,False,False
24.098,-1017,-159,2,26,1,0,29,1,0,0,3,0,0,False,False
24.13133,-1017,-159,2,26,1,0,29,1,0,0,3,0,0,False,False
24.16467,-1017,-159,2,26,1,0,29,1,0,0,3,0,0,False,False
24.198,-1017,-159,2,26,1,0,29,1,0,0,3,0,0,False,False
24.23133,-1017,-159,2,26,1,0,29,1,0,0,3,0,0,False,False
24.26466,-1017,-159,2,26,1,0,29,1,0,0,3,0,0,False,False
24.29833,-1017,-159,2,26,1,0,29,1,0,0,3,0,0,False,False
24.33169,-1017,-159,2,26,1,0,29,1,0,0,3,0,0,False,False
24.36502,-1017,-159,2,26,1,0,29,1,0,0,3,0,0,False,False
24.39835,-1017,-159,2,26,1,0,29,1,0,0,3,0,0,False,False
24.43169,-1017,-159,2,26,1,0,29,1,0,0,3,0,0,False,False
24.46502,-1017,-159,2,26,1,0,29,1,0,0,3,0,0,False,False
24.49835,-1017,-159,2,26,1,0,29,1,0,0,3,0,0,False,False
24.53169,-1017,-159,2,26,1,0,29,1,0,0,3,0,0,False,False
24.5652,-1017,-159,2,26,1,0,29,1,0,0,3,0,0,False,False
24.59853,-1017,-159,2,26,1,0,29,1,0,0,3,0,0,False,False
24.63187,-1017,-159,2,26,1,0,29,1,0,0,3,0,0,False,False
24.6652,-1017,-159,2,26,1,0,29,1,0,0,3,0,0,False,False
24.69853,-1017,-159,2,26,1,0,29,1,0,0,3,0,0,False,False
24.73187,-1017,-159,2,26,1,0,29,1,0,0,3,0,0,False,False
24.7652,-1017,-159,2,26,1,0,29,1,0,0,3,0,0,False,False
24.79853,-1017,-159,2,26,1,0,29,1,0,0,3,0,0,False,False
24.83188,-1017,-159,2,26,1,0,29,1,0,0,3,0,0,False,False
24.86537,-1017,-159,2,26,1,0,29,1,0,0,3,0,0,False,False
24.89934,-1017,-159,2,26,1,0,29,1,0,0,3,0,0,False,False
24.933,-1017,-159,2,26,1,0,29,1,0,0,3,0,0,False,False
24.967,-1017,-159,2,26,1,0,29,1,0,0,3,0,0,False,False
25.00047,-1017,-159,2,26,1,0,29,1,0,0,3,0,0,False,False
25.03381,-1017,-159,2,26,1,0,29,1,0,0,3,0,0,False,False
25.06737,-1017,-159,2,26,1,0,29,1,0,0,3,0,0,False,False
25.10076,-1017,-159,2,26,1,0,29,1,0,0,3,0,0,False,False
25.13422,-1017,-159,2,26,1,0,29,1,0,0,3,0,0,False,False
25.16755,-1017,-159,2,26,1,0,29,1,0,0,3,0,0,False,False
25.20089,-1017,-159,2,26,1,0,29,1,0,0,3,0,0,False,False
25.23422,-1017,-159,2,26,1,0,29,1,0,0,3,0,0,False,False
25.26755,-1017,-159,2,26,1,0,29,1,0,0,3,0,0,False,False
25.30089,-1017,-159,2,26,1,0,29,1,0,0,3,0,0,False,False
25.33422,-1017,-159,2,26,1,0,29,1,0,0,3,0,0,False,False
25.36755,-1017,-159,2,26,1,0,29,1,0,0,3,0,0,False,False
25.40124,-1017,-159,2,26,1,0,29,1,0,0,3,0,0,False,False
25.43457,-1017,-159,2,26,1,0,29,1,0,0,3,0,0,False,False
25.46791,-1017,-159,2,26,1,0,29,1,0,0,3,0,0,False,False
25.50124,-1017,-159,2,26,1,0,29,1,0,0,3,0,0,False,False
25.53457,-1017,-159,2,26,1,0,29,1,0,0,3,0,0,False,False
25.56791,-1017,-159,2,26,1,0,29,1,0,0,3,0,0,False,False
25.60124,-1017,-159,2,26,1,0,29,1,0,0,3,0,0,False,False
25.63457,-1017,-159,2,26,1,0,29,1,0,0,3,0,0,False,False
25.66824,-1017,-159,2,26,1,0,29,1,0,0,3,0,0,False,False
25.70161,-1017,-159,2,26,1,0,29,1,0,0,3,0,0,False,False
25.73494,-1017,-159,2,26,1,0,29,1,0,0,3,0,0,False,False
25.76833,-1017,-159,2,26,1,0,29,1,0,0,3,0,0,False,False
25.80258,-1017,-159,2,26,1,0,29,1,0,0,3,0,0,False,False
25.83591,-1017,-159,2,26,1,0,29,1,0,0,3,0,0,False,False
25.86924,-1017,-159,2,26,1,0,29,1,0,0,3,0,0,False,False
25.90279,-1017,-159,2,26,1,0,29,1,0,0,3,0,0,False,False
25.93612,-1017,-159,2,26,1,0,29,1,0,0,3,0,0,False,False
25.96961,-1017,-159,2,26,1,0,29,1,0,0,3,0,0,False,False
26.00294,-1017,-159,2,26,1,0,29,1,0,0,3,0,0,False,False
26.03627,-1017,-159,2,26,1,0,29,1,0,0,3,0,0,False,False
26.06977,-1017,-159,2,26,1,0,29,1,0,0,3,0,0,False,False
26.1031,-1017,-159,2,26,1,0,29,1,0,0,3,0,0,False,False
26.13718,-1017,-159,2,26,1,0,29,1,0,0,3,0,0,False,False
26.17076,-1017,-159,2,26,1,0,29,1,0,0,3,0,0,False,False
26.2041,-1017,-159,2,26,1,0,29,1,0,0,3,0,0,False,False
26.23744,-1017,-159,2,26,1,0,29,1,0,0,3,0,0,False,False
26.27077,-1017,-159,2,26,1,0,29,1,0,0,3,0,0,False,False
26.30411,-1017,-159,2,26,1,0,29,1,0,0,3,0,0,False,False
26.33744,-1017,-159,2,26,1,0,29,1,0,0,3,0,0,False,False
26.37078,-1017,-159,2,26,1,0,29,1,0,0,3,0,0,False,False
26.40445,-1017,-159,2,26,1,0,29,1,0,0,3,0,0,False,False
26.43778,-1017,-159,2,26,1,0,29,1,0,0,3,0,0,False,False
26.47112,-1017,-159,2,26,1,0,29,1,0,0,3,0,0,False,False
26.50453,-1017,-159,2,26,1,0,29,1,0,0,3,0,0,False,False
26.53808,-1017,-159,2,26,1,0,29,1,0,0,3,0,0,False,False
26.57141,-1017,-159,2,26,1,0,29,1,0,0,3,0,0,False,False
26.60515,-1017,-159,2,26,1,0,29,1,0,0,3,0,0,False,False
26.63847,-1017,-159,2,26,1,0,29,1,0,0,3,0,0,False,False
26.6718,-1017,-159,2,26,1,1,29,1,0,0,3,0,0,False,False
26.70514,-1017,-159,2,26,1,1,29,1,0,0,3,0,0,False,False
26.73847,-1017,-159,2,26,1,1,29,1,0,0,3,0,0,False,False
26.7718,-1017,-159,2,26,1,1,29,1,0,0,3,0,0,False,False
26.80513,-1017,-159,2,26,1,1,29,1,0,0,3,0,0,False,False
26.83847,-1017,-159,2,26,1,1,29,1,0,0,3,0,0,False,False
26.8718,-1017,-159,2,26,1,1,29,1,0,0,3,0,0,False,False
26.90513,-1017,-159,2,26,1,1,29,1,0,0,3,0,0,False,False
26.93945,-1017,-159,2,26,1,1,29,1,0,0,3,0,0,False,False
26.97278,-1017,-159,2,26,1,1,29,1,0,0,3,0,0,False,False
27.00611,-1017,-159,2,26,1,1,29,1,0,0,3,0,0,False,False
27.03945,-1017,-159,2,26,1,1,29,1,0,0,3,0,0,False,False
27.07281,-1017,-159,2,26,1,1,29,1,0,0,3,0,0,False,False
27.10615,-1017,-159,2,26,1,1,29,1,0,0,3,0,0,False,False
27.13948,-1017,-159,2,26,1,1,29,1,0,0,3,0,0,False,False
27.17282,-1017,-159,2,26,1,1,29,1,0,0,3,0,0,False,False
27.20615,-1017,-159,2,26,1,1,29,1,0,0,3,0,0,False,False
27.23948,-1017,-159,2,26,1,1,29,1,0,0,3,0,0,False,False
27.27281,-1017,-159,2,26,1,1,29,1,0,0,3,0,0,False,False
27.30615,-1017,-159,2,26,1,1,29,1,0,0,3,0,0,False,False
27.33948,-1017,-159,2,26,1,1,29,1,0,0,3,0,0,False,False
27.37281,-1017,-159,2,26,1,1,29,1,0,0,3,0,0,False,False
27.4066,-1017,-159,2,26,1,1,29,1,0,0,3,0,0,False,False
27.43993,-1017,-159,2,26,1,1,29,1,0,0,3,0,0,False,False
27.47327,-1017,-159,2,26,1,1,29,1,0,0,3,0,0,False,False
27.5066,-1017,-159,2,26,1,1,29,1,0,0,3,0,0,False,False
27.53993,-1017,-159,2,26,1,1,29,1,0,0,3,0,0,False,False
27.57327,-1017,-159,2,26,1,1,29,1,0,0,3,0,0,False,False
27.6066,-1017,-159,2,26,1,1,29,1,0,0,3,0,0,False,False
27.64014,-1017,-159,2,26,1,1,29,1,0,0,3,0,0,False,False
27.67347,-1017,-159,2,26,1,1,29,1,0,0,3,0,0,False,False
27.7068,-1017,-159,2,26,1,1,29,1,0,0,3,0,0,False,False
27.74035,-1017,-159,2,26,1,1,29,1,0,0,3,0,0,False,False
27.77368,-1017,-159,2,26,1,1,29,1,0,0,3,0,0,False,False
27.80733,-1017,-159,2,26,1,1,29,1,0,0,3,0,0,False,False
27.84066,-1017,-159,2,26,1,1,29,1,0,0,3,0,0,False,False
27.87399,-1017,-159,2,26,1,1,29,1,0,0,3,0,0,False,False
27.90732,-1017,-159,2,26,1,1,29,1,0,0,3,0,0,False,False
27.94066,-1017,-159,2,26,1,1,29,1,0,0,3,0,0,False,False
27.97399,-1017,-159,2,26,1,1,29,1,0,0,3,0,0,False,False
28.00733,-1017,-159,2,26,1,1,29,1,0,0,3,0,0,False,False
28.04066,-1017,-159,2,26,1,1,29,1,0,0,3,0,0,False,False
28.07435,-1017,-159,2,26,1,1,29,1,0,0,3,0,0,False,False
28.10816,-1017,-159,2,26,1,1,29,1,0,0,3,0,0,False,False
28.14151,-1017,-159,2,26,1,1,29,1,0,0,3,0,0,False,False
28.17524,-1017,-159,2,26,1,1,29,1,0,0,3,0,0,False,False
28.20857,-1017,-159,2,26,1,1,29,1,0,0,3,0,0,False,False
28.24236,-1017,-159,2,26,1,1,29,1,0,0,3,0,0,False,False
28.27569,-1017,-159,2,26,1,1,29,1,0,0,3,0,0,False,False
28.30902,-1017,-159,2,26,1,1,29,1,0,0,3,0,0,False,False
28.34236,-1017,-159,2,26,1,1,29,1,0,0,3,0,0,False,False
28.3759,-1017,-159,2,26,1,1,29,1,0,0,3,0,0,False,False
28.40924,-1017,-159,2,26,1,1,29,1,0,0,3,0,0,False,False
28.44258,-1017,-159,2,26,1,1,29,1,0,0,3,0,0,False,False
28.47592,-1017,-159,2,26,1,1,29,1,0,0,3,0,0,False,False
28.50925,-1017,-159,2,26,1,1,29,1,0,0,3,0,0,False,False
28.54259,-1017,-159,2,26,1,1,29,1,0,0,3,0,0,False,False
28.57663,-1017,-159,2,26,1,1,29,1,0,0,3,0,0,False,False
28.61007,-1017,-159,2,26,1,1,29,1,0,0,3,0,0,False,False
28.64399,-1017,-159,2,26,1,1,29,1,0,0,3,0,0,False,False
28.67732,-1017,-159,2,26,1,1,29,1,0,0,3,0,0,False,False
28.71066,-1017,-159,2,26,1,1,29,1,0,0,3,0,0,False,False
28.7446,-1017,-159,2,26,1,1,29,1,0,0,3,0,0,False,False
28.77793,-1017,-159,2,26,1,1,29,1,0,0,3,0,0,False,False
28.81126,-1017,-159,2,26,1,1,29,1,0,0,3,0,0,False,False
28.84459,-1017,-159,2,26,1,1,29,1,0,0,3,0,0,False,False
28.87793,-1017,-159,2,26,1,1,29,1,0,0,3,0,0,False,False
28.91126,-1017,-159,2,26,1,1,29,1,0,0,3,0,0,False,False
28.9446,-1017,-159,2,26,1,1,29,1,0,0,3,0,0,False,False
28.97793,-1017,-159,2,26,1,1,29,1,0,0,3,0,0,False,False
29.01126,-1017,-159,2,26,1,1,29,1,0,0,3,0,0,False,False
29.04486,-1017,-159,2,26,1,1,29,1,0,0,3,0,0,False,False
29.07843,-1017,-159,2,26,1,1,29,1,100,0,3,0,0,False,False
29.1119,-1017,-159,2,26,1,1,29,1,100,0,3,0,0,False,False
29.14577,-1017,-159,2,26,1,1,29,1,100,0,3,0,0,False,False
29.1791,-1017,-159,2,26,1,1,29,1,100,0,3,0,0,False,False
29.2125,-1017,-159,2,26,1,1,29,1,100,0,3,0,0,False,False
29.24589,-1017,-159,2,26,1,1,29,1,100,0,3,0,0,False,False
29.27922,-1017,-159,2,26,1,1,29,1,100,0,3,0,0,False,False
29.31256,-1017,-159,2,26,1,1,29,1,100,0,3,0,0,False,False
29.34589,-1017,-159,2,26,1,1,29,1,100,0,3,0,0,False,False
29.37923,-1017,-159,2,26,1,1,29,1,100,0,3,0,0,False,False
29.41256,-1017,-159,2,26,1,1,29,1,100,0,3,0,0,False,False
29.44589,-1017,-159,2,26,1,1,29,1,100,0,3,0,0,False,False
29.47923,-1017,-159,2,26,1,1,29,1,100,0,3,0,0,False,False
29.51256,-1017,-159,2,26,1,1,29,1,100,0,3,0,0,False,False
29.54589,-1017,-159,2,26,1,1,29,1,100,0,3,0,0,False,False
29.57923,-1017,-159,2,26,1,1,29,1,100,0,3,0,0,False,False
29.61282,-1017,-159,2,26,1,1,29,1,100,0,3,0,0,False,False
29.64656,-1017,-159,2,26,1,1,29,1,100,0,3,0,0,False,False
29.6799,-1017,-159,2,26,1,1,29,1,100,0,3,0,0,False,False
29.71323,-1017,-159,2,26,1,1,29,1,100,0,3,0,0,False,False
29.74656,-1017,-159,2,26,1,1,29,1,100,0,3,0,0,False,False
29.77994,-1017,-159,2,26,1,1,29,1,100,0,3,0,0,False,False
29.81356,-1017,-159,2,26,1,1,29,1,100,0,3,0,0,False,False
29.84735,-1017,-159,2,26,1,1,29,1,100,0,3,0,0,False,False
29.88068,-1017,-159,2,26,1,1,29,1,100,0,3,0,0,False,False
29.91401,-1017,-159,2,26,1,1,29,1,100,0,3,0,0,False,False
29.94742,-1017,-159,2,26,1,1,29,1,100,0,3,0,0,False,False
29.98075,-1017,-159,2,26,1,1,29,1,100,0,3,0,0,False,False
30.01409,-1017,-159,2,26,1,1,29,1,100,0,3,0,0,False,False
30.04742,-1017,-159,2,26,1,1,29,1,100,0,3,0,0,False,False
30.08086,-1017,-159,2,26,1,1,29,1,100,0,3,0,0,False,False
30.11483,-1017,-159,2,26,1,1,29,1,100,0,3,0,0,False,False
30.14816,-1017,-159,2,26,1,1,29,1,100,0,3,0,0,False,False
30.18149,-1017,-159,2,26,1,1,29,1,100,0,3,0,0,False,False
30.21482,-1017,-159,2,26,1,1,29,1,100,0,3,0,0,False,False
30.24864,-1017,-159,2,26,1,1,29,1,100,0,3,0,0,False,False
30.28241,-1017,-159,2,26,1,1,29,1,100,0,3,0,0,False,False
30.31584,-1017,-159,2,26,1,1,29,1,100,0,3,0,0,False,False
30.34917,-1017,-159,2,26,1,1,29,1,100,0,3,0,0,False,False
30.38257,-1017,-159,2,26,1,1,29,1,100,0,3,0,0,False,False
30.41598,-1017,-159,2,26,1,1,29,1,100,0,3,0,0,False,False
30.44931,-1017,-159,2,26,1,1,29,1,100,0,3,0,0,False,False
30.48264,-1017,-159,2,26,1,1,29,1,100,0,3,0,0,False,False
30.51598,-1017,-159,2,26,1,1,29,1,100,0,3,0,0,False,False
30.54931,-1017,-159,2,26,1,1,29,1,100,0,3,0,0,False,False
30.58264,-1017,-159,2,26,1,1,29,1,100,0,3,0,0,False,False
30.61598,-1017,-159,2,26,1,1,29,1,100,0,3,0,0,False,False
30.64931,-1017,-159,2,26,1,1,29,1,100,0,3,0,0,False,False
30.68355,-1017,-159,2,26,1,1,29,1,100,0,3,0,0,False,False
30.71688,-1017,-159,2,26,1,1,29,1,100,0,3,0,0,False,False
30.75021,-1017,-159,2,26,1,1,29,1,100,0,3,0,0,False,False
30.78364,-1017,-159,2,26,1,1,29,1,100,0,3,0,0,False,False
30.8173,-1017,-159,2,26,1,1,29,1,100,0,3,0,0,False,False
30.85063,-1017,-159,2,26,1,1,29,1,100,0,3,0,0,False,False
30.88451,-1017,-159,2,26,1,1,29,1,100,0,3,0,0,False,False
30.91811,-1017,-159,2,26,1,1,29,1,100,0,3,0,0,False,False
30.95145,-1017,-159,2,26,1,1,29,1,100,0,3,0,0,False,False
30.98478,-1017,-159,2,26,1,1,29,1,100,0,3,0,0,False,False
31.01817,-1017,-159,2,26,1,1,29,1,100,0,3,0,0,False,False
31.05157,-1017,-159,2,26,1,1,29,1,100,0,3,0,0,False,False
31.0849,-1017,-159,2,26,1,1,29,1,100,0,3,0,0,False,False
31.11867,-1017,-159,2,26,1,1,29,1,100,0,3,0,0,False,False
31.152,-1017,-159,2,26,1,1,29,1,100,0,3,0,0,False,False
31.18533,-1017,-159,2,26,1,1,29,1,100,0,3,0,0,False,False
31.21867,-1017,-159,2,26,1,1,29,1,100,0,3,0,0,False,False
31.252,-1017,-159,2,26,1,1,29,1,100,0,3,0,0,False,False
31.28534,-1017,-159,2,26,1,1,29,1,100,0,3,0,0,False,False
31.31867,-1017,-159,2,26,1,1,29,1,100,0,3,0,0,False,False
31.3524,-1017,-159,2,26,1,1,29,1,100,0,3,0,0,False,False
31.38574,-1017,-159,2,26,1,1,29,1,100,0,3,0,0,False,False
31.4193,-1017,-159,2,26,1,1,29,1,100,0,3,0,0,False,False
31.45315,-1017,-159,2,26,1,1,29,1,100,0,3,0,0,False,False
31.48707,-1017,-159,2,26,1,1,29,1,100,0,3,0,0,False,False
31.5204,-1017,-159,2,26,1,1,29,1,100,0,3,0,0,False,False
31.55374,-1017,-159,2,26,1,1,29,1,100,0,3,0,0,False,False
31.58707,-1017,-159,2,26,1,1,29,1,100,0,3,0,0,False,False
31.62041,-1017,-159,2,26,1,1,29,1,100,0,3,0,0,False,False
31.65374,-1017,-159,2,26,1,1,29,1,100,0,3,0,0,False,False
31.68707,-1017,-159,2,26,1,1,29,1,100,0,3,0,0,False,False
31.72096,-1017,-159,2,26,1,1,29,1,100,0,3,0,0,False,False
31.75463,-1017,-159,2,26,1,1,29,1,100,0,3,0,0,False,False
31.78796,-1017,-159,2,26,1,1,29,1,100,0,3,0,0,False,False
31.82129,-1017,-159,2,26,1,1,29,1,100,0,3,0,0,False,False
31.85463,-1017,-159,2,26,1,1,29,1,100,0,3,0,0,False,False
31.88811,-1017,-159,2,26,1,1,29,1,100,0,3,0,0,False,False
31.92169,-1017,-159,2,26,1,1,29,1,100,0,3,0,0,False,False
31.95502,-1017,-159,2,26,1,1,29,1,100,0,3,0,0,False,False
31.98836,-1017,-159,2,26,1,1,29,1,100,0,3,0,0,False,False
32.02169,-1017,-159,2,26,1,1,29,1,100,0,3,0,0,False,False
32.05502,-1017,-159,2,26,1,1,29,1,100,0,3,0,0,False,False
32.08836,-1017,-159,2,26,1,1,29,1,100,0,3,0,0,False,False
32.1217,-1017,-159,2,26,1,1,29,1,100,0,3,0,0,False,False
32.15507,-1017,-159,2,26,1,1,29,1,100,0,3,0,0,False,False
32.1884,-1017,-159,2,26,1,1,29,1,100,0,3,0,0,False,False
32.22173,-1017,-159,2,26,1,1,29,1,100,0,3,0,0,False,False
32.25507,-1017,-159,2,26,1,1,29,1,100,0,3,0,0,False,False
32.28865,-1017,-159,2,26,1,1,29,1,100,0,3,0,0,False,False
32.32199,-1017,-159,2,26,1,1,29,1,100,0,3,0,0,False,False
32.35622,-1017,-159,2,26,1,1,29,1,100,0,3,0,0,False,False
32.39,-1017,-159,2,26,1,1,29,1,100,0,3,0,0,False,False
32.4236,-1017,-159,2,26,1,1,29,1,100,0,3,0,0,False,False
32.45729,-1017,-159,2,26,1,1,29,1,100,0,3,0,0,False,False
32.49062,-1017,-159,2,26,1,1,29,1,100,0,3,0,0,False,False
32.52395,-1017,-159,2,26,1,1,29,1,100,0,3,0,0,False,False
32.55733,-1017,-159,2,26,1,1,29,1,100,0,3,0,0,False,False
32.59066,-1017,-159,2,26,1,1,29,1,100,0,3,0,0,False,False
32.62399,-1017,-159,2,26,1,1,29,1,100,0,3,0,0,False,False
32.65733,-1017,-159,2,26,1,1,29,1,100,0,3,0,0,False,False
32.69076,-1017,-159,2,26,1,1,29,1,100,0,3,0,0,False,False
32.72409,-1017,-159,2,26,1,1,29,1,100,0,3,0,0,False,False
32.75743,-1017,-159,2,26,1,1,29,1,100,0,3,0,0,False,False
32.79076,-1017,-159,2,26,1,1,29,1,100,0,3,0,0,False,False
32.82409,-1017,-159,2,26,1,1,29,1,100,0,3,0,0,False,False
32.85743,-1017,-159,2,26,1,1,29,1,100,0,3,0,0,False,False
32.89076,-1005,-157,2,26,1,1,29,1,100,0,3,0,0,False,False
32.92409,-979,-155,2,26,1,1,29,1,100,0,3,0,0,False,False
32.95742,-937,-149,2,26,1,1,29,1,100,0,3,0,0,False,False
32.99076,-905,-149,2,26,1,1,29,1,100,0,3,0,0,False,False
33.02409,-893,-149,2,26,1,1,29,1,100,0,3,0,0,False,False
33.05742,-889,-149,2,26,1,1,29,1,100,0,3,0,0,False,False
33.09089,-889,-149,2,26,1,1,29,1,100,0,3,0,0,False,False
33.12425,-888,-151,2,26,1,1,29,1,100,0,3,0,0,False,False
33.15758,-877,-159,2,26,1,1,29,1,100,0,3,0,0,False,False
33.19091,-868,-162,2,26,1,1,29,1,100,0,3,0,0,False,False
33.22437,-864,-163,2,26,1,1,29,1,100,0,3,0,0,False,False
33.25796,-864,-163,2,26,1,1,29,1,100,0,3,0,0,False,False
33.29129,-862,-163,2,26,1,1,29,1,100,0,3,0,0,False,False
33.32484,-856,-162,2,26,1,1,29,1,100,0,3,0,0,False,False
33.35818,-847,-160,2,26,1,1,29,1,100,0,3,0,0,False,False
33.39165,-840,-158,2,26,1,1,29,1,100,0,3,0,0,False,False
33.42498,-840,-157,2,26,1,1,29,1,100,0,3,0,0,False,False
33.45848,-838,-156,2,26,1,1,29,1,100,0,3,0,0,False,False
33.49217,-832,-154,2,26,1,1,29,1,100,0,3,0,0,False,False
33.5255,-824,-152,2,26,1,1,29,1,100,0,3,0,0,False,False
33.55883,-821,-151,2,26,1,1,29,1,100,0,3,0,0,False,False
33.59263,-819,-150,2,26,1,1,29,1,100,0,3,0,0,False,False
33.62597,-816,-148,2,26,1,1,29,1,100,0,3,0,0,False,False
33.65973,-815,-147,2,26,1,1,29,1,100,0,3,0,0,False,False
33.69306,-815,-147,2,26,1,1,29,1,100,0,3,0,0,False,False
33.72639,-815,-147,2,26,1,1,29,1,100,0,3,0,0,False,False
33.75973,-815,-147,2,26,1,1,29,1,100,0,3,0,0,False,False
33.79306,-815,-147,2,26,1,1,29,1,100,0,3,0,0,False,False
33.82672,-815,-147,2,26,1,1,29,1,100,0,3,0,0,False,False
33.86005,-815,-147,2,26,1,1,29,1,100,0,3,0,0,False,False
33.89338,-815,-147,2,26,1,1,29,1,100,0,3,0,0,False,False
33.92672,-815,-147,2,26,1,1,29,1,100,0,3,0,0,False,False
33.96005,-815,-147,2,26,1,1,29,1,100,0,3,0,0,False,False
33.99338,-815,-147,2,26,1,1,29,1,100,0,3,0,0,False,False
34.02671,-815,-147,2,26,1,1,29,1,100,0,3,0,0,False,False
34.06005,-815,-147,2,26,1,1,29,1,100,0,3,0,0,True,False
34.09339,-815,-147,2,26,1,1,29,1,100,0,3,0,0,True,False
34.12672,-815,-147,2,26,1,1,29,1,100,0,3,0,0,True,False
34.16027,-815,-147,2,26,1,1,29,1,100,0,3,0,0,True,False
34.19373,-815,-147,2,26,1,1,29,1,100,0,3,0,0,False,False
34.22742,-815,-147,2,26,1,1,29,1,100,0,3,0,0,False,False
34.26075,-815,-147,2,26,1,1,29,1,100,0,3,0,0,False,False
34.29485,-815,-147,2,26,1,1,29,1,100,0,3,0,0,False,False
34.3282,-815,-147,2,26,1,1,29,1,100,0,3,0,0,False,False
34.36153,-815,-147,2,26,1,1,29,1,100,0,3,0,0,False,False
34.39487,-815,-147,2,26,1,1,29,1,100,0,3,0,0,False,False
34.42822,-815,-147,2,26,1,1,29,1,100,0,3,0,0,False,False
34.46161,-815,-147,2,26,1,1,29,1,100,0,3,0,0,False,False
34.49503,-815,-147,2,26,1,1,29,1,100,0,3,0,0,False,False
34.52856,-815,-147,2,26,1,1,29,1,100,0,3,0,0,False,False
34.56189,-815,-147,2,26,1,1,29,1,100,0,3,0,0,False,False
34.59554,-815,-147,2,26,1,1,29,1,100,0,3,0,0,False,False
34.62905,-815,-147,2,26,1,1,29,1,100,0,3,0,0,False,False
34.66249,-815,-147,2,26,1,1,29,1,100,0,3,0,0,False,False
34.69583,-815,-147,2,26,1,1,29,1,100,0,3,0,0,False,False
34.72916,-815,-147,2,26,1,1,29,1,100,0,3,0,0,False,False
34.76249,-815,-147,2,26,1,1,29,1,100,0,3,0,0,False,False
34.79608,-815,-147,2,26,1,1,29,1,100,0,3,0,0,False,False
34.82941,-810,-149,2,26,1,1,29,1,100,0,3,0,0,False,False
34.86274,-801,-153,2,26,1,1,29,1,100,0,3,0,0,False,False
34.8961,-799,-154,2,26,1,1,29,1,100,0,3,0,0,False,False
34.92948,-799,-154,2,26,1,1,29,1,100,0,3,0,0,False,False
34.96308,-799,-154,2,26,1,1,29,1,100,0,3,0,0,False,False
34.99651,-799,-154,2,26,1,1,29,1,100,0,3,0,0,False,False
35.02985,-799,-154,2,26,1,1,29,1,100,0,3,0,0,True,False
35.06318,-799,-154,2,26,1,1,29,1,100,0,3,0,0,True,False
35.09728,-799,-154,2,26,1,1,29,1,100,0,3,0,0,True,False
35.13061,-799,-154,2,26,1,1,29,1,100,0,3,0,0,True,False
35.16394,-799,-154,2,26,1,1,28,1,100,0,4,0,0,False,False
35.19728,-799,-154,2,26,1,1,28,1,100,0,4,0,0,False,False
35.23107,-799,-154,2,26,1,1,28,1,100,0,4,0,0,False,False
35.26442,-799,-154,2,26,1,1,28,1,100,0,4,0,0,False,False
35.29826,-799,-154,2,26,1,1,28,1,100,0,4,0,0,False,False
35.33194,-799,-154,2,26,1,1,28,1,100,0,4,0,0,False,False
35.36527,-799,-154,2,26,1,1,28,1,100,0,4,0,0,False,False
35.3989,-799,-154,2,26,1,1,28,1,100,0,4,0,0,False,False
35.43227,-799,-154,2,26,1,1,28,1,100,0,4,0,0,False,False
35.46561,-799,-154,2,26,1,1,28,1,100,0,4,0,0,False,False
35.49894,-799,-154,2,26,1,1,28,1,100,0,4,0,0,False,False
35.53238,-801,-154,2,26,1,1,28,1,100,0,4,0,0,False,False
35.56571,-803,-154,2,26,1,1,28,1,100,0,4,0,0,False,False
35.59904,-804,-154,2,26,1,1,28,1,100,0,4,0,0,False,False
35.63282,-804,-154,2,26,1,1,28,1,100,0,4,0,0,False,False
35.66646,-804,-154,2,26,1,1,28,1,100,0,4,0,0,False,False
35.69979,-804,-154,2,26,1,1,28,1,100,0,4,0,0,False,False
35.73312,-804,-154,2,26,1,1,28,1,100,0,4,0,0,False,False
35.76728,-804,-154,2,26,1,1,28,1,100,0,4,0,0,False,False
35.80061,-804,-154,2,26,1,1,28,1,100,0,4,0,0,False,False
35.83395,-804,-154,2,26,1,1,28,1,100,0,4,0,0,False,False
35.86728,-804,-154,2,26,1,1,28,1,100,0,4,0,0,False,False
35.90087,-804,-154,2,26,1,1,28,1,100,0,4,0,0,False,False
35.9342,-804,-154,2,26,1,1,28,1,100,0,4,0,0,False,False
35.96753,-804,-154,2,26,1,1,28,1,100,0,4,0,0,False,False
36.00087,-804,-154,2,26,1,1,28,1,100,0,4,0,0,False,False
36.03424,-804,-154,2,26,1,1,28,1,100,0,4,0,0,False,False
36.06756,-804,-154,2,26,1,1,28,1,100,0,4,0,0,False,False
36.10155,-804,-154,2,26,1,1,28,1,100,0,4,0,0,False,False
36.13488,-806,-154,2,26,1,1,28,1,100,0,4,0,0,False,False
36.16821,-806,-154,2,26,1,1,28,1,100,0,4,0,0,False,False
36.20155,-806,-154,2,26,1,1,28,1,100,0,4,0,0,False,False
36.23488,-806,-154,2,26,1,1,28,1,100,0,4,0,0,False,False
36.26821,-807,-154,2,26,1,1,28,1,100,0,4,0,0,False,False
36.30154,-807,-154,2,26,1,1,28,1,100,0,4,0,0,False,False
36.33488,-807,-154,2,26,1,1,28,1,100,0,4,0,0,False,False
36.36821,-807,-154,2,26,1,1,28,1,100,0,4,0,0,False,False
36.40154,-807,-154,2,26,1,1,28,1,100,0,4,0,0,False,False
36.43488,-808,-154,2,26,1,1,28,1,100,0,4,0,0,False,False
36.46821,-808,-154,2,26,1,1,28,1,100,0,4,0,0,False,False
36.50157,-808,-154,2,26,1,1,28,1,100,0,4,0,0,False,False
36.53507,-808,-154,2,26,1,1,28,1,100,0,4,0,0,False,False
36.56865,-808,-154,2,26,1,1,28,1,100,0,4,0,0,False,False
36.60199,-808,-154,2,26,1,1,28,1,100,0,4,0,0,False,False
36.63532,-808,-154,2,26,1,1,28,1,100,0,4,0,0,False,False
36.66896,-808,-154,2,26,1,1,28,1,100,0,4,0,0,False,False
36.7023,-808,-154,2,26,1,1,28,1,100,0,4,0,0,False,False
36.73563,-808,-154,2,26,1,1,28,1,100,0,4,0,0,False,False
36.76896,-808,-154,2,26,1,1,28,1,100,0,4,0,0,False,False
36.8023,-808,-154,2,26,1,1,28,1,100,0,4,0,0,False,False
36.83563,-808,-154,2,26,1,1,28,1,100,0,4,0,0,False,False
36.86897,-808,-154,2,26,1,1,28,1,100,0,4,0,0,False,False
36.9023,-808,-154,2,26,1,1,28,1,100,0,4,0,0,False,False
36.93563,-808,-154,2,26,1,1,28,1,100,0,4,0,0,False,False
36.96896,-808,-154,2,26,1,1,28,1,100,0,4,0,0,False,False
37.0023,-808,-154,2,26,1,1,28,1,100,0,4,0,0,False,False
37.03563,-808,-154,2,26,1,1,28,1,100,0,4,0,0,False,False
37.06899,-808,-154,2,26,1,1,28,1,100,0,4,0,0,False,False
37.10232,-808,-154,2,26,1,1,28,1,100,0,4,0,0,False,False
37.13565,-808,-154,2,26,1,1,28,1,100,0,4,0,0,False,False
37.16908,-808,-154,2,26,1,1,28,1,100,0,4,0,0,False,False
37.20253,-808,-154,2,26,1,1,28,1,100,0,4,0,0,False,False
37.23586,-808,-154,2,26,1,1,28,1,100,0,4,0,0,False,False
37.26919,-808,-154,2,26,1,1,28,1,100,0,4,0,0,False,False
37.30272,-808,-154,2,26,1,1,28,1,100,0,4,0,0,False,False
37.33606,-808,-154,2,26,1,1,28,1,100,0,4,0,0,False,False
37.36939,-808,-154,2,26,1,1,28,1,100,0,4,0,0,False,False
37.40285,-808,-154,2,26,1,1,28,1,100,0,4,0,0,False,False
37.43619,-808,-154,2,26,1,1,28,1,100,0,4,0,0,False,False
37.47029,-808,-154,2,26,1,1,28,1,100,0,4,0,0,False,False
37.50362,-808,-154,2,26,1,1,28,1,100,0,4,0,0,False,False
37.53719,-808,-154,2,26,1,1,28,1,100,0,4,0,0,False,False
37.57099,-808,-154,2,26,1,1,28,1,100,0,4,0,0,False,False
37.60445,-808,-154,2,26,1,1,28,1,100,0,4,0,0,False,False
37.63779,-808,-154,2,26,1,1,28,1,100,0,4,0,0,False,False
37.67115,-808,-154,2,26,1,1,28,1,100,0,4,0,0,False,False
37.70447,-808,-154,2,26,1,1,28,1,100,0,4,0,0,False,False
37.7378,-808,-154,2,26,1,1,28,1,100,0,4,0,0,False,False
37.77117,-808,-154,2,26,1,1,28,1,100,0,4,0,0,False,False
37.8047,-808,-154,2,26,1,1,28,1,100,0,4,0,0,False,False
37.83803,-808,-154,2,26,1,1,28,1,100,0,4,0,0,False,False
37.87143,-808,-154,2,26,1,1,28,1,100,0,4,0,0,False,False
37.90495,-808,-154,2,26,1,1,28,1,100,0,4,0,0,False,False
37.93828,-808,-154,2,26,1,1,28,1,100,0,4,0,0,False,False
37.97218,-808,-154,2,26,1,1,28,1,100,0,4,0,0,False,False
38.00551,-808,-154,2,26,1,1,28,1,100,0,4,0,0,False,False
38.03885,-808,-154,2,26,1,1,28,1,100,0,4,0,0,False,False
38.07265,-808,-154,2,26,1,1,28,1,100,0,4,0,0,False,False
38.10622,-808,-154,2,26,1,1,28,1,100,0,4,0,0,False,False
38.14027,-808,-154,2,26,1,1,28,1,100,0,4,0,0,False,False
38.17385,-808,-154,2,26,1,1,28,1,100,0,4,0,0,False,False
38.20748,-808,-154,2,26,1,1,28,1,100,0,4,0,0,False,False
38.24081,-808,-154,2,26,1,1,28,1,100,0,4,0,0,False,False
38.27415,-808,-154,2,26,1,1,28,1,100,0,4,0,0,False,False
38.30748,-808,-154,2,26,1,1,28,1,100,0,4,0,0,False,False
38.34129,-808,-154,2,26,1,1,28,1,100,0,4,0,0,False,False
38.37501,-808,-154,2,26,1,1,28,1,100,0,4,0,0,False,False
38.40855,-808,-154,2,26,1,1,28,1,100,0,4,0,0,False,False
38.44244,-808,-154,2,26,1,1,28,1,100,0,4,0,0,False,False
38.47625,-808,-154,2,26,1,1,28,1,100,0,4,0,0,False,False
38.50958,-808,-154,2,26,1,1,28,1,100,0,4,0,0,False,False
38.54293,-808,-154,2,26,1,1,28,1,100,0,4,0,0,False,False
38.57626,-808,-154,2,26,1,1,28,1,100,0,4,0,0,False,False
38.61005,-808,-154,2,26,1,1,28,1,100,0,4,0,0,False,False
38.64339,-808,-154,2,26,1,1,28,1,100,0,4,0,0,False,False
38.67708,-808,-154,2,26,1,1,28,1,100,0,4,0,0,False,False
38.71041,-808,-154,2,26,1,1,28,1,100,0,4,0,0,False,False
38.74374,-808,-154,2,26,1,1,28,1,100,0,4,0,0,False,False
38.77708,-808,-154,2,26,1,1,28,1,100,0,4,0,0,False,False
38.81067,-808,-154,2,26,1,1,28,1,100,0,4,0,0,False,False
38.844,-808,-154,2,26,1,1,28,1,100,0,4,0,0,False,False
38.8779,-808,-154,2,26,1,1,28,1,100,0,4,0,0,False,False
38.91123,-808,-154,2,26,1,1,28,1,100,0,4,0,0,False,False
38.94456,-808,-154,2,26,1,1,28,1,100,0,4,0,0,False,False
38.9779,-808,-154,2,26,1,1,28,1,100,0,4,0,0,False,False
39.01152,-808,-154,2,26,1,1,28,1,100,0,4,0,0,False,False
39.04485,-808,-154,2,26,1,1,28,1,100,0,4,0,0,False,False
39.07819,-808,-154,2,26,1,1,28,1,100,0,4,0,0,False,False
39.11152,-808,-154,2,26,1,1,28,1,100,0,4,0,0,False,False
39.14508,-808,-154,2,26,1,1,28,1,100,0,4,0,0,False,False
39.1784,-808,-154,2,26,1,1,28,1,100,0,4,0,0,False,False
39.21271,-808,-154,2,26,1,1,28,1,100,0,4,0,0,False,False
39.24621,-808,-154,2,26,1,1,28,1,100,0,4,0,0,False,False
39.27954,-808,-154,2,26,1,1,28,1,100,0,4,0,0,False,False
39.31308,-808,-154,2,26,1,1,28,1,100,0,4,0,0,False,False
39.34642,-808,-154,2,26,1,1,28,1,100,0,4,0,0,False,False
39.37975,-808,-154,2,26,1,1,28,1,100,0,4,0,0,False,False
39.41367,-808,-154,2,26,1,1,28,1,100,0,4,0,0,False,False
39.44715,-808,-154,2,26,1,1,28,1,100,0,4,0,0,False,False
39.48049,-808,-154,2,26,1,1,28,1,100,0,4,0,0,False,False
39.51382,-808,-154,2,26,1,1,28,1,100,0,4,0,0,False,False
39.54726,-808,-154,2,26,1,1,28,1,100,0,4,0,0,False,False
39.58059,-808,-154,2,26,1,1,28,1,100,0,4,0,0,False,False
39.61408,-808,-154,2,26,1,1,28,1,100,0,4,0,0,False,False
39.64742,-808,-154,2,26,1,1,28,1,100,0,4,0,0,False,False
39.68109,-808,-154,2,26,1,1,28,1,100,0,4,0,0,False,False
39.71518,-808,-154,2,26,1,1,28,1,100,0,4,0,0,False,False
39.74851,-808,-154,2,26,1,1,28,1,100,0,4,0,0,False,False
39.78189,-808,-154,2,26,1,1,28,1,100,0,4,0,0,False,False
39.81522,-808,-154,2,26,1,1,28,1,100,0,4,0,0,False,False
39.84909,-808,-154,2,26,1,1,28,1,100,0,4,0,0,False,False
39.88271,-808,-154,2,26,1,1,28,1,100,0,4,0,0,False,False
39.91604,-808,-154,2,26,1,1,28,1,100,0,4,0,0,False,False
39.94938,-808,-154,2,26,1,1,28,1,100,0,4,0,0,False,False
39.98271,-808,-154,2,26,1,1,28,1,100,0,4,0,0,False,False
40.01617,-808,-154,2,26,1,1,28,1,100,0,4,0,0,False,False
40.0495,-808,-154,2,26,1,1,28,1,100,0,4,0,0,False,False
40.08284,-808,-154,2,26,1,1,28,1,100,0,4,0,0,False,False
40.11623,-808,-154,2,26,1,1,28,1,100,0,4,0,0,False,False
40.14956,-808,-154,2,26,1,1,28,1,100,0,4,0,0,False,False
40.1829,-808,-154,2,26,1,1,28,1,100,0,4,0,0,False,False
40.21623,-808,-154,2,26,1,1,28,1,100,0,4,0,0,False,False
40.24956,-808,-154,2,26,1,1,28,1,100,0,4,0,0,False,False
40.28289,-808,-154,2,26,1,1,28,1,100,0,4,0,0,False,False
40.31623,-808,-154,2,26,1,1,28,1,100,0,4,0,0,False,False
40.34956,-808,-154,2,26,1,1,28,1,100,0,4,0,0,False,False
40.3829,-808,-154,2,26,1,1,28,1,100,0,4,0,0,False,False
40.41636,-808,-154,2,26,1,1,28,1,100,0,4,0,0,False,False
40.4497,-808,-154,2,26,1,1,28,1,100,0,4,0,0,False,False
40.48307,-808,-154,2,26,1,1,28,1,100,0,4,0,0,False,False
40.51682,-808,-154,2,26,1,1,28,1,100,0,4,0,0,False,False
40.55037,-808,-154,2,26,1,1,28,1,100,0,4,0,0,False,False
40.58381,-808,-154,2,26,1,1,28,1,100,0,4,0,0,False,False
40.61726,-808,-154,2,26,1,1,28,1,100,0,4,0,0,False,False
40.65088,-808,-154,2,26,1,1,28,1,100,0,4,0,0,False,False
40.68462,-808,-154,2,26,1,1,28,1,100,0,4,0,0,False,False
40.71795,-808,-154,2,26,1,1,28,1,100,0,4,0,0,False,False
40.75192,-808,-154,2,26,1,1,28,1,100,0,4,0,0,False,False
40.78526,-808,-154,2,26,1,1,28,1,100,0,4,0,0,False,False
40.81902,-808,-154,2,26,1,1,28,1,100,0,4,0,0,False,False
40.85244,-808,-154,2,26,1,1,28,1,100,0,4,0,0,False,False
40.88577,-808,-154,2,26,1,1,28,1,100,0,4,0,0,False,False
40.91911,-808,-154,2,26,1,1,28,1,100,0,4,0,0,False,False
40.95266,-808,-154,2,26,1,1,28,1,100,0,4,0,0,False,False
40.98599,-817,-154,2,26,1,1,28,1,100,0,4,0,0,False,False
41.01932,-828,-154,2,26,1,1,28,1,100,0,4,0,0,False,False
41.05297,-840,-154,2,26,1,1,28,1,100,0,4,0,0,False,False
41.0863,-849,-154,2,26,1,1,28,1,100,0,4,0,0,False,False
41.11964,-855,-154,2,26,1,1,28,1,100,0,4,0,0,False,False
41.15303,-861,-154,2,26,1,1,28,1,100,0,4,0,0,False,False
41.18636,-864,-154,2,26,1,1,28,1,100,0,4,0,0,False,False
41.22031,-867,-154,2,26,1,1,28,1,100,0,4,0,0,False,False
41.25365,-869,-154,2,26,1,1,28,1,100,0,4,0,0,False,False
41.2874,-872,-154,2,26,1,1,28,1,100,0,4,0,0,False,False
41.32073,-876,-154,2,26,1,1,28,1,100,0,4,0,0,False,False
41.3546,-882,-152,2,26,1,1,28,1,100,0,4,0,0,False,False
41.38803,-888,-149,2,26,1,1,28,1,100,0,4,0,0,False,False
41.42136,-891,-149,2,26,1,1,28,1,100,0,4,0,0,False,False
41.45488,-892,-149,2,26,1,1,28,1,100,0,4,0,0,False,False
41.48821,-893,-149,2,26,1,1,28,1,100,0,4,0,0,False,False
41.52158,-897,-150,2,26,1,1,28,1,100,0,4,0,0,False,False
41.55491,-903,-150,2,26,1,1,28,1,100,0,4,0,0,False,False
41.58825,-906,-150,2,26,1,1,28,1,100,0,4,0,0,False,False
41.62158,-906,-150,2,26,1,1,28,1,100,0,4,0,0,False,False
41.65491,-907,-150,2,26,1,1,28,1,100,0,4,0,0,False,False
41.68824,-907,-146,2,26,1,1,28,1,100,0,4,0,0,False,False
41.72197,-907,-138,2,26,1,1,28,1,100,0,4,0,0,False,False
41.75531,-906,-126,2,26,1,1,28,1,100,0,4,0,0,False,False
41.78901,-906,-126,2,26,1,1,28,1,100,0,4,0,0,False,False
41.82234,-906,-126,2,26,1,1,28,1,100,0,4,0,0,False,False
41.85654,-906,-126,2,26,1,1,28,1,100,0,4,0,0,False,False
41.88988,-906,-126,2,26,1,1,28,1,100,0,4,0,0,False,False
41.92321,-906,-126,2,26,1,1,28,1,100,0,4,0,0,False,False
41.95654,-906,-126,2,26,1,1,28,1,100,0,4,0,0,False,False
41.99022,-906,-126,2,26,1,1,28,1,100,0,4,0,0,False,False
42.02355,-906,-126,2,26,1,1,28,1,100,0,4,0,0,False,False
42.05709,-906,-126,2,26,1,1,28,1,100,0,4,0,0,False,False
42.09043,-906,-126,2,26,1,1,28,1,100,0,4,0,0,False,False
42.12376,-906,-126,2,26,1,1,28,1,100,0,4,0,0,False,False
42.15726,-906,-126,2,26,1,1,28,1,100,0,4,0,0,False,False
42.19077,-906,-126,2,26,1,1,28,1,100,0,4,0,0,False,False
42.22482,-906,-126,2,26,1,1,28,1,100,0,4,0,0,False,False
42.25825,-906,-126,2,26,1,1,28,1,100,0,4,0,0,False,False
42.29158,-906,-126,2,26,1,1,28,1,100,0,4,0,0,False,False
42.32491,-906,-126,2,26,1,1,28,1,100,0,4,0,0,False,False
42.35825,-906,-126,2,26,1,1,28,1,100,0,4,0,0,False,False
42.39159,-906,-126,2,26,1,1,28,1,100,0,4,0,0,False,False
42.42523,-906,-126,2,26,1,1,28,1,100,0,4,0,0,False,False
42.45924,-906,-126,2,26,1,1,28,1,100,0,4,0,0,False,False
42.49258,-906,-126,2,26,1,1,28,1,100,0,4,0,0,False,False
42.52591,-906,-126,2,26,1,1,28,1,100,0,4,0,0,False,False
42.55924,-906,-126,2,26,1,1,28,1,100,0,4,0,0,False,False
42.59258,-906,-126,2,26,1,1,28,1,100,0,4,0,0,False,False
42.62603,-906,-126,2,26,1,1,28,1,100,0,4,0,0,False,False
42.65937,-906,-126,2,26,1,1,28,1,100,0,4,0,0,False,False
42.69308,-906,-126,2,26,1,1,28,1,100,0,4,0,0,False,False
42.72664,-906,-126,2,26,1,1,28,1,100,0,4,0,0,False,False
42.75998,-906,-126,2,26,1,1,28,1,100,0,4,0,0,False,False
